// Generated by scripts/convert-selfie-model.py. Do not edit.
// Source: MediaPipe selfie_segmenter_landscape.tflite (float16), sha256 490e9ea734313e0de10fa0cd9e3c6133e36ea4db2b7a49bde9ef019f72796b8e
// License: Apache License 2.0 (see LICENSE in this directory).

inline constexpr int kInputW = 256, kInputH = 144;
inline constexpr std::uint32_t kArenaFloats = 552960;
inline constexpr std::uint32_t kInputOffset = 0, kOutputOffset = 0;
inline constexpr std::uint32_t kWeightCount = 106401;

// type, act, in0, in1, out, h, w, c, oh, ow, oc, k, stride, padT, padL, wOff, bOff
inline constexpr Op kOps[] = {
    {0, 2, 0, -1, 110592, 144, 256, 3, 72, 128, 16, 3, 2, 0, 0, 0, 432},
    {0, 1, 110592, -1, 258048, 72, 128, 16, 72, 128, 16, 1, 1, 0, 0, 448, 704},
    {1, 1, 258048, -1, 0, 72, 128, 16, 36, 64, 16, 3, 2, 0, 0, 720, 864},
    {2, 0, 0, -1, 36864, 36, 64, 16, 1, 1, 16, 0, 1, 0, 0, -1, -1},
    {0, 1, 36864, -1, 36880, 1, 1, 16, 1, 1, 8, 1, 1, 0, 0, 880, 1008},
    {0, 3, 36880, -1, 36864, 1, 1, 8, 1, 1, 16, 1, 1, 0, 0, 1016, 1144},
    {3, 0, 0, 36864, 36880, 36, 64, 16, 36, 64, 16, 1, 1, 0, 0, -1, -1},
    {0, 0, 36880, -1, 0, 36, 64, 16, 36, 64, 16, 1, 1, 0, 0, 1160, 1416},
    {0, 1, 0, -1, 258048, 36, 64, 16, 36, 64, 72, 1, 1, 0, 0, 1432, 2584},
    {1, 1, 258048, -1, 36864, 36, 64, 72, 18, 32, 72, 3, 2, 0, 0, 2656, 3304},
    {0, 0, 36864, -1, 78336, 18, 32, 72, 18, 32, 24, 1, 1, 0, 0, 3376, 5104},
    {0, 1, 78336, -1, 258048, 18, 32, 24, 18, 32, 88, 1, 1, 0, 0, 5128, 7240},
    {1, 1, 258048, -1, 308736, 18, 32, 88, 18, 32, 88, 3, 1, 1, 1, 7328, 8120},
    {0, 0, 308736, -1, 36864, 18, 32, 88, 18, 32, 24, 1, 1, 0, 0, 8208, 10320},
    {4, 0, 36864, 78336, 50688, 18, 32, 24, 18, 32, 24, 0, 1, 0, 0, -1, -1},
    {0, 2, 50688, -1, 258048, 18, 32, 24, 18, 32, 96, 1, 1, 0, 0, 10344, 12648},
    {1, 2, 258048, -1, 36864, 18, 32, 96, 9, 16, 96, 5, 2, 1, 1, 12744, 15144},
    {2, 0, 36864, -1, 64512, 9, 16, 96, 1, 1, 96, 0, 1, 0, 0, -1, -1},
    {0, 1, 64512, -1, 64608, 1, 1, 96, 1, 1, 24, 1, 1, 0, 0, 15240, 17544},
    {0, 3, 64608, -1, 64512, 1, 1, 24, 1, 1, 96, 1, 1, 0, 0, 17568, 19872},
    {3, 0, 36864, 64512, 64608, 9, 16, 96, 9, 16, 96, 1, 1, 0, 0, -1, -1},
    {0, 0, 64608, -1, 36864, 9, 16, 96, 9, 16, 32, 1, 1, 0, 0, 19968, 23040},
    {0, 2, 36864, -1, 64512, 9, 16, 32, 9, 16, 128, 1, 1, 0, 0, 23072, 27168},
    {1, 2, 64512, -1, 82944, 9, 16, 128, 9, 16, 128, 5, 1, 2, 2, 27296, 30496},
    {2, 0, 82944, -1, 41472, 9, 16, 128, 1, 1, 128, 0, 1, 0, 0, -1, -1},
    {0, 1, 41472, -1, 41600, 1, 1, 128, 1, 1, 32, 1, 1, 0, 0, 30624, 34720},
    {0, 3, 41600, -1, 41472, 1, 1, 32, 1, 1, 128, 1, 1, 0, 0, 34752, 38848},
    {3, 0, 82944, 41472, 64512, 9, 16, 128, 9, 16, 128, 1, 1, 0, 0, -1, -1},
    {0, 0, 64512, -1, 41472, 9, 16, 128, 9, 16, 32, 1, 1, 0, 0, 38976, 43072},
    {4, 0, 41472, 36864, 46080, 9, 16, 32, 9, 16, 32, 0, 1, 0, 0, -1, -1},
    {0, 2, 46080, -1, 64512, 9, 16, 32, 9, 16, 128, 1, 1, 0, 0, 43104, 47200},
    {1, 2, 64512, -1, 82944, 9, 16, 128, 9, 16, 128, 5, 1, 2, 2, 47328, 50528},
    {2, 0, 82944, -1, 36864, 9, 16, 128, 1, 1, 128, 0, 1, 0, 0, -1, -1},
    {0, 1, 36864, -1, 36992, 1, 1, 128, 1, 1, 32, 1, 1, 0, 0, 50656, 54752},
    {0, 3, 36992, -1, 36864, 1, 1, 32, 1, 1, 128, 1, 1, 0, 0, 54784, 58880},
    {3, 0, 82944, 36864, 64512, 9, 16, 128, 9, 16, 128, 1, 1, 0, 0, -1, -1},
    {0, 0, 64512, -1, 36864, 9, 16, 128, 9, 16, 32, 1, 1, 0, 0, 59008, 63104},
    {4, 0, 36864, 46080, 41472, 9, 16, 32, 9, 16, 32, 0, 1, 0, 0, -1, -1},
    {0, 2, 41472, -1, 64512, 9, 16, 32, 9, 16, 96, 1, 1, 0, 0, 63136, 66208},
    {1, 2, 64512, -1, 78336, 9, 16, 96, 9, 16, 96, 5, 1, 2, 2, 66304, 68704},
    {2, 0, 78336, -1, 36864, 9, 16, 96, 1, 1, 96, 0, 1, 0, 0, -1, -1},
    {0, 1, 36864, -1, 36960, 1, 1, 96, 1, 1, 24, 1, 1, 0, 0, 68800, 71104},
    {0, 3, 36960, -1, 36864, 1, 1, 24, 1, 1, 96, 1, 1, 0, 0, 71128, 73432},
    {3, 0, 78336, 36864, 64512, 9, 16, 96, 9, 16, 96, 1, 1, 0, 0, -1, -1},
    {0, 0, 64512, -1, 36864, 9, 16, 96, 9, 16, 32, 1, 1, 0, 0, 73528, 76600},
    {4, 0, 36864, 41472, 46080, 9, 16, 32, 9, 16, 32, 0, 1, 0, 0, -1, -1},
    {0, 2, 46080, -1, 64512, 9, 16, 32, 9, 16, 96, 1, 1, 0, 0, 76632, 79704},
    {1, 2, 64512, -1, 78336, 9, 16, 96, 9, 16, 96, 5, 1, 2, 2, 79800, 82200},
    {2, 0, 78336, -1, 36864, 9, 16, 96, 1, 1, 96, 0, 1, 0, 0, -1, -1},
    {0, 1, 36864, -1, 36960, 1, 1, 96, 1, 1, 24, 1, 1, 0, 0, 82296, 84600},
    {0, 3, 36960, -1, 36864, 1, 1, 24, 1, 1, 96, 1, 1, 0, 0, 84624, 86928},
    {3, 0, 78336, 36864, 64512, 9, 16, 96, 9, 16, 96, 1, 1, 0, 0, -1, -1},
    {0, 0, 64512, -1, 36864, 9, 16, 96, 9, 16, 32, 1, 1, 0, 0, 87024, 90096},
    {4, 0, 36864, 46080, 41472, 9, 16, 32, 9, 16, 32, 0, 1, 0, 0, -1, -1},
    {2, 0, 41472, -1, 36864, 9, 16, 32, 1, 1, 32, 0, 1, 0, 0, -1, -1},
    {0, 0, 41472, -1, 64512, 9, 16, 32, 9, 16, 128, 1, 1, 0, 0, 90128, 94224},
    {0, 0, 36864, -1, 36896, 1, 1, 32, 1, 1, 128, 1, 1, 0, 0, 94352, 98448},
    {6, 0, 64512, -1, 82944, 9, 16, 128, 9, 16, 128, 0, 1, 0, 0, -1, -1},
    {5, 0, 36896, -1, 37024, 1, 1, 128, 1, 1, 128, 0, 1, 0, 0, -1, -1},
    {3, 0, 82944, 37024, 64512, 9, 16, 128, 9, 16, 128, 1, 1, 0, 0, -1, -1},
    {8, 0, 64512, -1, 258048, 9, 16, 128, 18, 32, 128, 0, 1, 0, 0, -1, -1},
    {0, 0, 258048, -1, 36864, 18, 32, 128, 18, 32, 24, 1, 1, 0, 0, 98576, 101648},
    {4, 0, 50688, 36864, 64512, 18, 32, 24, 18, 32, 24, 0, 1, 0, 0, -1, -1},
    {2, 0, 64512, -1, 78336, 18, 32, 24, 1, 1, 24, 0, 1, 0, 0, -1, -1},
    {0, 1, 78336, -1, 64512, 1, 1, 24, 1, 1, 24, 1, 1, 0, 0, 101672, 102248},
    {0, 3, 64512, -1, 64544, 1, 1, 24, 1, 1, 24, 1, 1, 0, 0, 102272, 102848},
    {3, 0, 50688, 64544, 64576, 18, 32, 24, 18, 32, 24, 1, 1, 0, 0, -1, -1},
    {4, 0, 64576, 36864, 50688, 18, 32, 24, 18, 32, 24, 0, 1, 0, 0, -1, -1},
    {0, 1, 50688, -1, 36864, 18, 32, 24, 18, 32, 24, 1, 1, 0, 0, 102872, 103448},
    {1, 1, 36864, -1, 50688, 18, 32, 24, 18, 32, 24, 3, 1, 1, 1, 103472, 103688},
    {4, 0, 36864, 50688, 64512, 18, 32, 24, 18, 32, 24, 0, 1, 0, 0, -1, -1},
    {8, 0, 64512, -1, 258048, 18, 32, 24, 36, 64, 24, 0, 1, 0, 0, -1, -1},
    {0, 0, 258048, -1, 36864, 36, 64, 24, 36, 64, 16, 1, 1, 0, 0, 103712, 104096},
    {4, 0, 0, 36864, 73728, 36, 64, 16, 36, 64, 16, 0, 1, 0, 0, -1, -1},
    {2, 0, 73728, -1, 258048, 36, 64, 16, 1, 1, 16, 0, 1, 0, 0, -1, -1},
    {0, 1, 258048, -1, 73728, 1, 1, 16, 1, 1, 16, 1, 1, 0, 0, 104112, 104368},
    {0, 3, 73728, -1, 73744, 1, 1, 16, 1, 1, 16, 1, 1, 0, 0, 104384, 104640},
    {3, 0, 0, 73744, 258048, 36, 64, 16, 36, 64, 16, 1, 1, 0, 0, -1, -1},
    {4, 0, 258048, 36864, 0, 36, 64, 16, 36, 64, 16, 0, 1, 0, 0, -1, -1},
    {0, 1, 0, -1, 36864, 36, 64, 16, 36, 64, 16, 1, 1, 0, 0, 104656, 104912},
    {1, 1, 36864, -1, 0, 36, 64, 16, 36, 64, 16, 3, 1, 1, 1, 104928, 105072},
    {4, 0, 36864, 0, 73728, 36, 64, 16, 36, 64, 16, 0, 1, 0, 0, -1, -1},
    {8, 0, 73728, -1, 258048, 36, 64, 16, 72, 128, 16, 0, 1, 0, 0, -1, -1},
    {0, 0, 258048, -1, 405504, 72, 128, 16, 72, 128, 16, 1, 1, 0, 0, 105088, 105344},
    {4, 0, 110592, 405504, 258048, 72, 128, 16, 72, 128, 16, 0, 1, 0, 0, -1, -1},
    {2, 0, 258048, -1, 0, 72, 128, 16, 1, 1, 16, 0, 1, 0, 0, -1, -1},
    {0, 1, 0, -1, 16, 1, 1, 16, 1, 1, 16, 1, 1, 0, 0, 105360, 105616},
    {0, 3, 16, -1, 0, 1, 1, 16, 1, 1, 16, 1, 1, 0, 0, 105632, 105888},
    {3, 0, 110592, 0, 258048, 72, 128, 16, 72, 128, 16, 1, 1, 0, 0, -1, -1},
    {4, 0, 258048, 405504, 0, 72, 128, 16, 72, 128, 16, 0, 1, 0, 0, -1, -1},
    {0, 1, 0, -1, 147456, 72, 128, 16, 72, 128, 16, 1, 1, 0, 0, 105904, 106160},
    {1, 1, 147456, -1, 0, 72, 128, 16, 72, 128, 16, 3, 1, 1, 1, 106176, 106320},
    {4, 0, 147456, 0, 294912, 72, 128, 16, 72, 128, 16, 0, 1, 0, 0, -1, -1},
    {9, 3, 294912, -1, 0, 72, 128, 16, 144, 256, 1, 2, 2, 0, 0, 106336, 106400},
};

// IEEE half-precision weights, in the layouts the kernels read.
inline constexpr std::uint16_t kWeightsF16[] = {
    0x38e9,0xb822,0x2818,0x38eb,0x3b5f,0xb004,0x39ad,0xbcd1,0xb814,0x41ab,0xb8bb,0xb4e9,0x3c90,0xb11c,0xc3a7,0xb8f9,
    0x33d1,0xbc65,0xb24e,0xa35f,0xc0ee,0xbb11,0xbdc7,0xbb43,0x3798,0xc7b5,0xb4c6,0xb445,0x408c,0x3601,0xc22d,0xb125,
    0x34ba,0xbc95,0xb768,0x2e21,0x3c6b,0x34a0,0x3d4b,0xba31,0x38b5,0xc94b,0x38eb,0x1d3a,0x3dfd,0xbc08,0xc0a7,0x3847,
    0xacec,0xbc62,0x3491,0x3df7,0x402a,0x2c77,0x3a3b,0xbcc7,0xbbf5,0x49cc,0xbd76,0xb622,0xbd55,0xb544,0xc576,0xbc42,
    0xb80a,0xbd8a,0x30c3,0x3544,0xc297,0xbc12,0xc003,0xb469,0x329a,0x3d09,0xbd29,0xb44c,0x1c35,0x3dbf,0xc48b,0xb1f1,
    0xb115,0xbcaa,0xb46e,0x355f,0x3eb3,0x3948,0x3fc1,0xbe97,0x3a05,0xc02f,0xb077,0xb5e4,0x380d,0xb8ab,0xc49b,0x3ca7,
    0xae8e,0xb746,0x2f7d,0xb773,0x3c1c,0x3622,0xb6e2,0xba46,0xb044,0x4840,0xb467,0x3448,0xbe32,0x3863,0xbfd1,0xb5e0,
    0xb140,0xb98d,0xa891,0xafa7,0xbce8,0xb023,0xbdac,0xbaaf,0x34ae,0xad7b,0xb38c,0x31e0,0x3246,0x3a9b,0xb994,0x30f7,
    0xa5a9,0xb8b4,0xb54b,0xacf8,0x38b9,0x37cb,0x3952,0xbc75,0x3543,0xc42e,0x3452,0x2ce5,0x3d08,0x283e,0xbe23,0x3ac2,
    0x33bb,0x2d57,0x1ff8,0x39ec,0x3e20,0x3cb0,0x39d8,0x3d2f,0xbcd7,0xc7bc,0xb934,0xb750,0x3cf4,0x3b1d,0x29e9,0xbd04,
    0xb843,0x311e,0xb40c,0xaee1,0xc261,0xb643,0xc122,0x4064,0x345f,0xc655,0xb8d8,0xb353,0x3be8,0x3f82,0x2dc3,0xb01d,
    0xb59b,0xb500,0xb880,0xa005,0x3f9a,0x3d51,0x3ccf,0x3c76,0x3c02,0xc3cb,0x9dad,0xb341,0x36dd,0xbb17,0x39fd,0x3dc3,
    0x3c6f,0x358e,0xb2ec,0x3de9,0x4010,0x33eb,0x3cc6,0x3dd3,0xbdb0,0x4324,0x2f1c,0xb401,0xbc7a,0xb9ee,0xb820,0xc116,
    0x3111,0x374a,0xb5e3,0x3057,0xc59b,0xbeb6,0xc341,0x43ae,0x36ea,0x449e,0xae8f,0x25da,0xbc3b,0x3e46,0xbc91,0xb8f5,
    0x3707,0x273d,0xbb98,0x3023,0x3f99,0x3991,0x4180,0x3faf,0x3db4,0x4782,0x3a2c,0xb161,0xbcb8,0xbf8f,0xbf0d,0x3eba,
    0x385d,0xabb7,0xaa8a,0xa73e,0x3aa1,0x2baa,0x3a02,0x2fb1,0xb856,0xb0b0,0x2fda,0x36ec,0xb87b,0xa887,0x394d,0xbdcf,
    0x348e,0x2497,0xb0e0,0xaea8,0xc066,0xbade,0xbe78,0x3654,0x350c,0x38b3,0xb3ab,0x3761,0xb566,0x392b,0x3412,0x3144,
    0x345b,0xb288,0xb41e,0xa4df,0x3a79,0x30d4,0x3df3,0x35ea,0x395c,0x381c,0xb4d2,0x35c5,0x30ce,0xbc03,0xbaec,0x3cf7,
    0x34c5,0x3bec,0xaaaf,0x2d09,0x36e7,0x309d,0x3a32,0xa6a3,0xb8c2,0xc805,0xa68b,0x3486,0x3bc8,0x968e,0x4440,0xbae3,
    0xae6b,0x3ef0,0xb614,0x2570,0xbdb4,0xba56,0xbc88,0xbbdc,0x307e,0x40c7,0x31a2,0x3556,0xb3a3,0x32c9,0x43ec,0xaa6d,
    0xafdb,0x3b46,0xb439,0x2804,0x3541,0x2be8,0x3c30,0xb5c0,0x3746,0x4567,0x2dec,0x3484,0xb970,0xbb4a,0x4496,0x34ca,
    0x2d4c,0x3c09,0x21db,0xaf8c,0x3c9c,0x3c55,0xb53a,0xafd8,0xb8f0,0xc679,0xb26d,0x32e0,0x3737,0x3206,0x44ee,0xbaff,
    0xb826,0x3e68,0xb432,0xb3a3,0xbe16,0xb837,0xc013,0xb836,0x363e,0x4345,0xa90b,0x3446,0xb95d,0x3cfd,0x4402,0x31fe,
    0xb7bf,0x3b66,0xb446,0xb450,0x3af1,0x399f,0x3cad,0xb050,0x3a68,0x457b,0xae61,0x2d9b,0xb94d,0xb6a7,0x4449,0x3b8e,
    0xacfa,0x377a,0x298a,0xaa15,0x3144,0x37fb,0x3593,0x32ef,0xb51c,0xc407,0x2cc2,0x3459,0x35c0,0x2ec9,0x4028,0xbad3,
    0xb34a,0x3819,0xb374,0x3334,0xb432,0xb3c3,0xb96e,0xb974,0x2ed1,0x40bf,0x2e96,0x3168,0xb255,0x358e,0x3cdd,0x30a3,
    0xb5fa,0x3867,0xab3a,0x3368,0x9f4d,0x2789,0x3a24,0xb282,0x33ae,0x3f49,0xb4ef,0x3086,0xaddd,0xb490,0x3d22,0x3460,
    0x3fd0,0x3a27,0x4194,0xbf61,0x3f18,0x3c8e,0x3441,0x3a49,0x34b6,0xb9a1,0x4101,0x39a9,0x2f64,0x25cc,0x34a4,0x41a7,
    0xb110,0x34b1,0x30b7,0xa747,0xac21,0x295b,0xb016,0x3205,0xadb2,0x2ab9,0x2c2e,0x379b,0xa8ac,0xb632,0xb30e,0xb557,
    0xaf75,0x310b,0x309a,0x305d,0x2eaa,0x2cee,0xabbe,0x9c1d,0x2e68,0xb487,0x3036,0x17ca,0xa110,0x2800,0x238e,0xacc2,
    0xb195,0x345e,0xaf12,0xb16a,0x2e14,0x38a6,0xb30c,0x3198,0x36d4,0x2c1a,0x3409,0xae8e,0x3037,0xb167,0x3550,0xa9bd,
    0xadc7,0x3551,0x2e80,0x2c6d,0xb13b,0x33b0,0xa701,0x362f,0x3178,0x311e,0x384b,0xacb8,0xae38,0x347f,0xafcf,0xb103,
    0xac0d,0x31ab,0x3750,0xa75b,0xa22b,0x2917,0xa9a5,0x2db9,0xa839,0xa48a,0x3682,0xa814,0x9f59,0xb63e,0xb9b1,0xb6a0,
    0xab4d,0x2bc2,0x3547,0x2e91,0x2400,0xb1be,0x23b8,0x3113,0x2eaa,0xaa28,0x9f16,0xb316,0xa978,0xb034,0xbaed,0xb12e,
    0x258c,0xb7a5,0x328c,0xa1ab,0x2814,0xba82,0x1fd6,0x2099,0xa2ed,0x1f9b,0x3023,0x2c4e,0x9abb,0xa98c,0xb4ca,0xb6d1,
    0x27f6,0xa97f,0xae0d,0x1ba7,0x2927,0x2d5c,0x26b6,0x1c98,0xae22,0xb033,0x3186,0x2c74,0x9ac4,0x3378,0x2425,0x2c83,
    0x21b6,0xb53c,0x35d2,0x2d1e,0xb01c,0x2e76,0x304f,0x31db,0xb298,0x100c,0x3823,0x2d42,0xafef,0x3186,0x2f1c,0x321c,
    0x219b,0xad4e,0xa64b,0xa1d9,0xa41b,0x27cd,0x222b,0x27e6,0x26e1,0xa5e8,0x2b7b,0x0ef4,0x9866,0x2b6c,0xa5e8,0xa8f3,
    0x247e,0x2cb0,0x3163,0xab59,0x2ed0,0x1db0,0xab3a,0xa54a,0x346f,0x202c,0x367d,0x32d4,0x2de6,0x37b4,0xb6a6,0xaf66,
    0xa86c,0x2fae,0xab68,0x3053,0xa5e9,0x2fa9,0x2256,0x36fc,0x32bf,0x2940,0x3487,0x2ecc,0xaf4d,0xb15e,0x2904,0x2325,
    0x1f41,0xb0e0,0xa55e,0xab7f,0xacb3,0x343b,0x29e2,0x9c2d,0x3070,0xa231,0x3499,0xa1cc,0xa2b2,0x337f,0x27e0,0xa928,
    0xb1c3,0x9ff0,0xb72c,0xa349,0xad91,0x3394,0xae23,0x346b,0x25b9,0x2824,0x33fb,0xaf27,0xa94e,0x3565,0x347a,0xb434,
    0x279b,0xaa35,0xa9e3,0xa919,0xa88b,0xa4d2,0x2499,0x9c57,0x9a73,0xb8c2,0xab99,0x9d4e,0x1db9,0xa5eb,0x2449,0x9881,
    0x316e,0xb67e,0x3553,0xaec5,0x26cf,0xb036,0x2588,0xa8bf,0x31c8,0x95af,0x2fbe,0xa98b,0x2cce,0x397b,0xa8a3,0xb009,
    0x3edb,0x2452,0xbc69,0x3acc,0x3d32,0xb1d9,0x3e10,0xbb69,0xa3df,0x39a9,0xbff4,0x3919,0x3cde,0x2fa3,0x40ad,0x40e1,
    0x3dac,0x2db4,0xac2f,0x306f,0x2e23,0xac88,0xc095,0xbcbd,0x316f,0x2c90,0xa9d1,0xba11,0xbdf1,0xad00,0x2c44,0xb020,
    0xbbfb,0x3147,0xad91,0x3464,0x3632,0xaea4,0x3a29,0xbcfe,0x3490,0x2fd2,0xabff,0xc125,0x2dec,0xae91,0x2d0d,0xb21b,
    0xbe70,0x292c,0xa811,0xa44c,0xacc0,0xa8e9,0x3f72,0x2fa6,0x2ea3,0x2a0c,0xa0eb,0x429c,0x3d78,0xa965,0x26f7,0xac1f,
    0x4249,0x2ec2,0xad75,0x30c2,0x31a9,0xac8d,0xc316,0x345c,0xa5d6,0x2fae,0xab42,0xc2f8,0xc229,0xad20,0x2ce1,0xb160,
    0xb526,0x3131,0xae85,0x358a,0x382c,0xaf04,0x35c3,0x321a,0x28cd,0x334a,0xad98,0x294d,0x3726,0xae90,0x2e47,0xb31f,
    0xbf8a,0x289c,0xa974,0x2e55,0x2ffb,0xa815,0x41a5,0x3444,0x2546,0x2f99,0xa47b,0x4292,0x4181,0xa727,0x294b,0xac77,
    0x361b,0xa23b,0xa702,0xaee7,0xad5f,0xa6ba,0xb609,0x3b80,0xa224,0x2b88,0x9f29,0xc1fa,0xb839,0x9daa,0x286c,0xaa96,
    0xac02,0xa297,0xa85d,0xa226,0xad0d,0xa6f0,0x31bc,0x3b80,0xae28,0x3027,0xa3bf,0x411e,0x34c4,0xa2f7,0x29de,0xab40,
    0xaf4d,0xa834,0xa335,0xad91,0xb05f,0x968c,0x3186,0xb3c3,0x1c14,0x2cf3,0x205c,0x357f,0x31b5,0x22f5,0x24ef,0x8bf8,
    0x2697,0xa6d7,0x3b34,0x90cd,0x3144,0x3cc0,0x28ae,0x23ac,0x1271,0x3510,0x3bf2,0x3687,0x3802,0x3c0f,0x3c79,0x3c1c,
    0x3b6e,0x30a5,0xb48e,0xb7e8,0xb4f8,0x389a,0x38bf,0x3964,0x3cd0,0x3016,0xb675,0xb68f,0xaa44,0x30d9,0xadba,0xb738,
    0x341b,0xb06f,0xaf7c,0x2c9e,0x2854,0xb915,0x2f7c,0xb77e,0xa582,0xbbd8,0xb6da,0x31c8,0xb711,0x31f9,0xb5f7,0x3830,
    0x30c0,0x367b,0x2ce9,0x39fa,0x21a0,0x36f8,0xad45,0xb47d,0xab86,0x3a32,0xb62b,0xb678,0x3741,0x33e3,0x33b1,0x33f2,
    0xb159,0xb5f7,0xb63d,0x3944,0xa8e4,0xb6af,0xbc1e,0x3003,0xb7b1,0xbe69,0x37a0,0x254d,0xb3bf,0xb0d3,0xba6e,0xb240,
    0xaf5d,0xb8dd,0x2e77,0x3596,0xb515,0xabf9,0xbd09,0x36b4,0x1cf8,0x296f,0x2ea8,0x322b,0x36a1,0x33af,0xb897,0x2105,
    0xb3fa,0x3648,0xb3cd,0xb52e,0xb182,0xb8a1,0x3805,0xaf04,0x3279,0x32f9,0x2f6c,0x3536,0xbec0,0xb2c4,0x349e,0x36dd,
    0xb82a,0xb809,0xb864,0x36c6,0xb472,0xb9e7,0xb9f4,0x3044,0x2a67,0x3483,0x35e4,0x2d8e,0x35de,0xbafe,0x3636,0x30e8,
    0x3378,0xb490,0xb672,0x3554,0x31c7,0x3ba6,0x3974,0x29e2,0x36f7,0xb075,0xb641,0xb868,0x3563,0x3378,0xb519,0x3952,
    0x2d65,0x3844,0xac07,0x3257,0x31c1,0x3424,0x3478,0x347d,0xb413,0xb4ae,0xbdd0,0x341c,0xb217,0xb168,0xb524,0xb42d,
    0x2ffb,0xaac9,0xab08,0xb55b,0xb2c0,0xbcfe,0xb794,0xb800,0x3473,0x35ed,0x3636,0x3cb5,0xa3e1,0x2fed,0x3543,0x3763,
    0x39df,0x3787,0x33d4,0x29e7,0x348a,0x3667,0x3611,0x2d25,0xb296,0xafdf,0x33a3,0xadfd,0xb306,0xb190,0x30d9,0x2e50,
    0x35fd,0x3606,0x39cd,0x37f0,0xb130,0xb5f5,0xb486,0x1e1a,0xb7b2,0xb099,0x2915,0xab81,0xbc29,0x3348,0xb876,0xb886,
    0x2c5a,0x26f7,0xb7a5,0xb8ef,0xb85b,0x3428,0xb47d,0x2870,0x36c2,0x35c0,0xad56,0x3412,0x2aa1,0x26fd,0x36cf,0x3864,
    0xaeb9,0x2ac6,0x31ac,0x3c7a,0x3597,0xadcd,0x2e45,0xb0e1,0xb3b6,0xb97b,0xbb87,0x2da0,0xb27b,0xbbc4,0xae50,0xb205,
    0xa967,0xa834,0xb589,0x333e,0x2c1b,0x32ec,0xba2b,0xb9ec,0x3395,0x3700,0x2e11,0x3831,0x3c4e,0x3475,0x360a,0x35c1,
    0x353b,0x306f,0x2dca,0xae5f,0x342e,0x3444,0x258d,0x2fd4,0xb842,0x3322,0x24b2,0xb1ec,0x2f98,0xb9ef,0xb852,0xb16c,
    0xad51,0x2957,0x31c4,0xbb3f,0xb831,0xb10c,0xa8f0,0xb1c3,0xb5bc,0xb1e0,0x30df,0xbc97,0xb383,0x30b2,0xb52c,0xb9d1,
    0xbaf3,0xaa2a,0x365b,0xbaf7,0xb54f,0xbbee,0x2eab,0xb033,0xb877,0x3f3a,0x328f,0xbf9c,0xc2f8,0xbc0f,0x3feb,0xb6d4,
    0xbd47,0x3e6d,0xc62c,0x3990,0x4027,0x3c8b,0x2df7,0x498c,0xc093,0x38f5,0x3ef9,0x3707,0xb98b,0xc601,0xb74f,0xc484,
    0xbb9c,0xc54e,0x4023,0x3f1e,0x3cb8,0x3f6c,0x4657,0xb616,0x3522,0xc5eb,0x4b49,0xc1ea,0xbac9,0xc343,0x4236,0x3d1f,
    0xc478,0xc851,0x3c90,0x4481,0xc11a,0x3b27,0xc020,0x405c,0x47ab,0x45cd,0xb93b,0xbe01,0x4025,0xbe72,0x4418,0xc02d,
    0xc20a,0x2e6b,0x44f4,0x429f,0xc621,0xc064,0xc23d,0x40ee,0xc9aa,0xb2cc,0x3f5b,0xc534,0x441e,0x4212,0xc72c,0x4091,
    0xc09a,0x3cd9,0xc4a9,0xc6d4,0xbc55,0x44d7,0x445f,0xc1ab,0x481b,0x3cc5,0xcaa9,0x4099,0x316d,0x4194,0xc1de,0xc31f,
    0x40dd,0x457b,0xb518,0xc875,0xb847,0x3f6d,0xbdaa,0x30a7,0xc1f7,0x43a8,0xbd48,0xbd7c,0xc24b,0x3bf9,0x3843,0xc0c8,
    0x3ac6,0xbece,0xc536,0x3c40,0x40c3,0xc06c,0x3af2,0x49ff,0xbbb1,0x3ca9,0xb926,0xc06e,0x3535,0xba7d,0x45b8,0x3d74,
    0xb931,0xb1f5,0xc748,0xc134,0xc086,0xbf1c,0x3c1c,0xc192,0xb75f,0x39c8,0x3b08,0xc761,0x44f1,0xaedf,0xc0d8,0x392e,
    0x25d9,0x3035,0xbe1e,0x3e89,0xc033,0x3f31,0xb50e,0xb54f,0xbcb3,0x44f1,0x3c50,0x45d1,0xc514,0x408b,0xb7e8,0x3f3c,
    0xc197,0xbc19,0x395b,0xbbfd,0xbe73,0x4241,0xbae8,0xb652,0x3d1b,0xc13b,0x463b,0xb4ba,0xc091,0xbcec,0xbc11,0x4a2b,
    0x48a4,0xc1d7,0xb43a,0x3dba,0xbbae,0xc0e4,0xc10e,0xb5ba,0x4065,0xc624,0xc45d,0x455c,0x44bb,0x4694,0x42b2,0x463e,
    0xbe1c,0xbe05,0xb7fe,0x47e1,0xc426,0x443c,0x485c,0x4008,0x353e,0x42bc,0x3477,0x43f1,0x46cd,0xc1c2,0x42b8,0x3cd2,
    0xbbd5,0xbe11,0xc106,0xbf59,0x4849,0x3a7f,0xc21e,0x454f,0xc17e,0xc1aa,0xc482,0x4081,0xbe99,0xca1a,0xbea1,0xc433,
    0xbeeb,0xc7bb,0x3dcf,0xbd3b,0xc018,0x369d,0x4699,0xb92d,0xc6db,0x4126,0x403c,0xbed8,0xb218,0x46c9,0x3f05,0xc1e1,
    0xc2e9,0x472a,0xbc6c,0x4959,0x47bb,0xc2ef,0x3ef7,0xbd0c,0x3c13,0xc15f,0xc287,0x2597,0xb106,0xb97d,0x3d85,0xc87e,
    0xc6f6,0xc147,0xb7a4,0xc550,0x426c,0x403c,0x44c6,0x347e,0x3e02,0xc297,0xbc86,0x38f7,0x399f,0xbd37,0xb3e2,0xbed3,
    0x416e,0x2fde,0x3d07,0xbcdb,0x31fe,0xbb6e,0xb39c,0xb8ff,0xb42b,0x24b2,0xb29f,0xa8c0,0xade1,0xaf0c,0x2c1a,0x1c20,
    0x2f86,0x2546,0xac76,0x9b6b,0xabf7,0xb6e1,0x2cc7,0x319e,0xafc9,0x886e,0xa53b,0x2cd5,0xa6c3,0x2f90,0x2828,0xae3b,
    0x1c49,0x330f,0x2d01,0x2da1,0x2cbb,0x1d84,0x36b7,0x2c18,0x2907,0xa9f7,0x3151,0xb62f,0xa6ae,0xb19c,0xb003,0xa94c,
    0x271f,0x2d4b,0x94ee,0xa59d,0xaa41,0x304a,0x2940,0xb13d,0x1b61,0xae06,0xafdd,0x32cc,0xae81,0xab5e,0x1d7a,0xa427,
    0xa950,0x2af0,0x2448,0x2e61,0xac70,0x312a,0x2ed8,0xa64e,0xae0f,0x3117,0xb08b,0x325c,0x2db1,0x9ff7,0xa413,0x26b5,
    0x2e32,0x28f6,0xb095,0xa49e,0x290e,0x2e45,0x2b59,0x2ae0,0x29fb,0x2fb6,0x2c27,0x3249,0x20de,0xad97,0x2b0f,0xb6d3,
    0x312c,0x2add,0x9c06,0xa3ac,0xa442,0xa993,0xae8a,0xb07d,0xa5d3,0xb91b,0x9d22,0xa839,0x2867,0xaeb4,0x3537,0x3001,
    0xb426,0x2222,0xb06e,0xb169,0x2976,0xb35a,0x29e9,0x2b45,0xb28a,0x3151,0xa52f,0x2fb3,0x3093,0x2b2d,0x2599,0xb0ca,
    0xa7b2,0x2dbf,0xa9ca,0x34f0,0xabfe,0x28b8,0x2408,0x283d,0x1475,0x3544,0x2b63,0xb950,0x3238,0x2ce2,0x2913,0xa105,
    0x36b3,0x3131,0x9cc1,0x35f2,0x23f5,0xa8dd,0xa0bd,0xb47b,0x349e,0xa5d3,0xb021,0xac8c,0xa5d9,0xada5,0xa8ae,0xacc4,
    0x230b,0xa192,0xa4ea,0x31bf,0x316b,0x3383,0x221f,0xb689,0x30f6,0xa029,0x28cb,0xad3f,0x20c5,0xad44,0x292d,0x2f66,
    0x2238,0xb633,0xad4a,0xad31,0xa90d,0xad3f,0x2983,0xafdb,0xa69e,0xa525,0xae35,0xb011,0xad0b,0xaeea,0x30cd,0xa44e,
    0x370f,0x2c42,0x28bf,0x343d,0xaed7,0x3009,0x284a,0xb373,0x25ff,0x20a3,0x1dc5,0xa593,0x23e3,0x1b04,0x2417,0xa879,
    0x2cf0,0xb093,0xb009,0x1c69,0xacb9,0x204b,0xb118,0x20dc,0xab9a,0xacfc,0x2e84,0x25a8,0xb4d9,0x299f,0x299b,0x2593,
    0x26bb,0xa7b8,0xb168,0xb4b9,0xafc1,0xb231,0x261a,0x9571,0x2abb,0xac97,0xafcc,0x390c,0x987c,0xb151,0x2e1e,0x3821,
    0x34bd,0xa609,0x1a8f,0x2a87,0x2193,0x2883,0x2e38,0xb210,0xa29f,0x3817,0x2664,0x281b,0xa4cc,0xb4d1,0xb637,0xabc6,
    0x3060,0xb44c,0x3064,0x30aa,0x963b,0xb66a,0xa942,0xadbf,0x26bb,0xaf32,0x022b,0xb094,0x1af4,0x27f1,0xadbc,0x3049,
    0xae28,0xa886,0xa781,0xaf51,0xa576,0xac12,0x3163,0xb178,0x2096,0x2c03,0x232f,0xbad4,0x147b,0x2c3e,0x2f51,0xac82,
    0xb1cc,0x3003,0xa97c,0x3097,0x2850,0xa53d,0x3051,0x3379,0xb0fb,0x2e90,0xac30,0xaab2,0x321d,0xa841,0x2f63,0x1cb9,
    0xaa3a,0x3550,0x3311,0xb069,0xacc6,0xa475,0xaaef,0x3827,0xbc3d,0x2931,0xaac2,0x2529,0xa9a2,0x2544,0xb621,0xb6ec,
    0xb3c8,0x39e0,0xa67d,0x2719,0xa81a,0xb32f,0x3203,0x2a2d,0xac6f,0xa9eb,0x2c6b,0xa2a1,0x267a,0x3427,0x221a,0x3376,
    0xb3be,0x2422,0xa3d8,0x8189,0x2c84,0xad51,0xa7a7,0x2e7f,0xa4fa,0x2c0a,0x2310,0x2ede,0x25c8,0xa2dc,0x2767,0xa59d,
    0xa1e9,0x9d6e,0x2808,0x3828,0x2c4b,0xa046,0x218b,0x9a95,0x2f26,0xaedf,0x1f5f,0x2d2b,0x2c1e,0xa985,0x30e9,0xb5d7,
    0xa7b7,0xa977,0xac04,0x28b3,0xa802,0x3004,0xa921,0x2e9d,0xa110,0xb105,0xa989,0x2c48,0x2ed4,0xb24a,0xac48,0x393f,
    0x35c9,0x3087,0xa8ac,0x1785,0xad3d,0x2902,0x2ca8,0x32cd,0x2ed2,0x3897,0x18a8,0xab86,0x2581,0x2d34,0x289e,0x3155,
    0xb699,0x2bb6,0xb08c,0x31e3,0x30a5,0xb064,0xa5e6,0xaaea,0xb834,0x9fc1,0xae84,0xb21e,0x3387,0xb142,0x290f,0x357f,
    0x9e45,0xaaaf,0x23da,0xacf9,0x2607,0x314b,0xa739,0x289d,0xaecd,0x3431,0x315f,0xb088,0x2f44,0x1fb2,0xa7ac,0x2436,
    0x2211,0xb875,0xaae9,0x1983,0xa7b9,0x2207,0xaca8,0x2d13,0x32d9,0x2c17,0xaede,0x254f,0x9da7,0xaa5b,0x2efb,0xa82a,
    0x2c07,0x2be1,0x1d8a,0xb5f2,0x2fbd,0xa529,0x2184,0x3465,0xb8b8,0x2875,0x2912,0xaa29,0x2109,0x9c9f,0xabe2,0xb395,
    0xaa5f,0x328d,0x2809,0xac22,0x3050,0x2a3b,0x34d2,0x28f2,0xa790,0x25ce,0xb48f,0x3115,0x9fe5,0xaecb,0xa1a6,0x25fb,
    0x35d2,0x3057,0x29a9,0x3384,0xad78,0xb660,0x3225,0x30b2,0x3299,0xb00a,0xad0d,0xa33b,0xad4f,0x3405,0xa1fd,0x256a,
    0x2468,0xb1bb,0xa2d2,0x36e5,0x231c,0x2483,0xab62,0xa430,0x378a,0xa922,0x9344,0x34e8,0xac6e,0x2c61,0xa99f,0x21cc,
    0x350b,0x2b0a,0xb544,0xac22,0x2a43,0x9d6f,0x2473,0x28e4,0xa9ea,0x2e1a,0x2c58,0x2f99,0x3557,0x2fda,0xa816,0x37ee,
    0x1a4d,0xb3f8,0x3081,0xae32,0x3374,0xa8d2,0xacd6,0xb145,0xadbe,0x3869,0x2d33,0xad6b,0xacd9,0xb16d,0xb7d7,0x2c64,
    0xac83,0xaef7,0x2b71,0x3616,0x985b,0x2e8f,0xae7a,0x2c5e,0xaddf,0xb353,0xaaed,0x2e4b,0xade2,0xacac,0xac40,0x365d,
    0xa45b,0xaabb,0x2994,0x22a0,0x2a8d,0xb100,0x2c01,0xaa19,0xac56,0xad38,0x9757,0xb4a0,0xafcb,0xaa97,0xada0,0xa461,
    0x1f73,0xaf27,0xadbc,0xaacc,0xa9aa,0x2f54,0x2ebb,0xa9d3,0x3423,0xa469,0x2ca6,0x2a9a,0xa48e,0x2aa9,0xab21,0x269e,
    0xaa16,0x124f,0xa922,0xb4f4,0x3074,0xaf7b,0xa694,0xb528,0xb27f,0xb1f7,0x2b96,0xa554,0x2c3b,0x2a5f,0x2be6,0x2d34,
    0x2417,0xb3c4,0x2e6e,0x8e1f,0xa638,0x2eff,0xaa3d,0x2eea,0x97cb,0x2c29,0x1fdb,0xb174,0x26e0,0x1ed0,0xb1f6,0x9759,
    0xa65a,0xb2c8,0xab75,0xb2fa,0x20c0,0xb51c,0xb102,0xb7b5,0xb17d,0xad0e,0x2339,0xa152,0x25dd,0xb28a,0xa01a,0x281a,
    0xabcd,0xb6aa,0x2c39,0x3741,0xaa9b,0xadab,0x2f54,0x2517,0xb409,0xa90f,0xb0b4,0xb2e5,0x1d2b,0x2030,0xae68,0x2eb3,
    0xb2d5,0xa442,0xadb4,0x1f76,0x9d3a,0xb057,0xa819,0x32c0,0x92ab,0xa467,0x9f8f,0xaa1b,0xa608,0xb05d,0xa345,0xb73b,
    0x335c,0x2c6e,0xab94,0xa85a,0xaad0,0x1c3f,0x2d7b,0x3371,0x286c,0xaf5f,0x29a6,0xa380,0xa783,0x2de9,0xb5cc,0x31de,
    0xb46a,0x24c3,0xaac6,0x3416,0x32a0,0x2c40,0x98b0,0xa63f,0xb8fa,0x281c,0xaf1e,0xae95,0x34c9,0xaea6,0xa0e7,0x3498,
    0x2558,0x2839,0xa9b5,0xa3a7,0xa9a3,0x1fba,0xa98a,0xa866,0xb238,0x35a0,0x2eb7,0x32a1,0x3823,0x2ab0,0xaad4,0x9b45,
    0x3796,0xae11,0xab72,0xb1c1,0x2d44,0xa4b1,0x20c8,0x2e50,0x2491,0x9d5e,0xb051,0xab6f,0x1c5d,0xb661,0x2bac,0xa934,
    0x2a17,0xad01,0x28b2,0x32ef,0xb190,0xa96b,0x3014,0xb52e,0x35ad,0xa6af,0xa072,0xa6cf,0xa251,0xa556,0x25c3,0x30d9,
    0x2bca,0x2f33,0xa88a,0x23e1,0x2aaa,0xa394,0x3257,0xacf9,0x1da5,0xac35,0xa0c0,0xb45e,0xa661,0xb689,0x209a,0xa1c8,
    0x34bb,0x3192,0x25fc,0x3016,0xa70d,0x39b1,0xaec5,0xb1d3,0xaddb,0x2740,0xa964,0x2ce9,0xa8e2,0xb180,0x2c20,0x1f55,
    0x254f,0xb5cf,0xa928,0x35b7,0x9dad,0x2aa1,0xae11,0x9cd5,0xb676,0x2c56,0x2863,0x2962,0x9de2,0x9f11,0x22eb,0xaa9f,
    0x385c,0x9fa3,0xa6cf,0x28db,0xa7bc,0xa3e2,0x2608,0x2480,0x29c4,0xa19c,0xa88b,0xaa09,0x2b9b,0xa348,0x2c60,0x36fd,
    0x2cda,0xad2a,0x30c6,0xb0eb,0x2ef4,0xb00a,0x1a18,0xa643,0x1dcf,0x393d,0xa5d6,0xb06c,0x2baa,0x2e82,0x24ae,0x2d44,
    0xb26b,0x261f,0xb5c3,0xb069,0x2454,0xab2b,0x2ccc,0xa935,0xb0f7,0x33f9,0x289e,0x32e4,0x2d7c,0xa543,0x9949,0x39b0,
    0xa42b,0x14af,0xab78,0x2ea2,0xac46,0x17e8,0xa4bf,0x2904,0x26f0,0xac70,0x2060,0xb283,0x310d,0x91db,0xb062,0xa7c0,
    0x33d4,0x9f37,0x2e05,0x3347,0xb0fb,0x2e6a,0xaad1,0xa7ef,0x317b,0x2a97,0x2dfb,0xb28d,0xa729,0x29a6,0x262d,0x2b05,
    0xa717,0x2da8,0xa287,0x30a2,0x2645,0xb1ee,0x2571,0xb4e9,0xb7c8,0x2d71,0x214d,0xa9b5,0xa8cd,0xac12,0xad1b,0xb80a,
    0xb064,0xb805,0xa8ff,0xac85,0xaa04,0xb412,0xb39a,0x249b,0xa807,0xb46a,0xb102,0x2f4f,0x2b08,0x2a36,0x2dbc,0x2469,
    0x3130,0x2c0b,0xa1a8,0xacb8,0x306d,0xb41d,0x2921,0x356d,0x258d,0x2842,0x210b,0xb164,0x2192,0x2c6b,0x3117,0xb086,
    0x2790,0x31b8,0x274b,0xa3a9,0x30d6,0xa40d,0xadc0,0xaca5,0x296e,0xb41b,0x2c99,0x22a0,0xac9c,0x24f1,0x3204,0x3128,
    0xb4a0,0x9c43,0x3125,0xa541,0x29a2,0xad4a,0xa615,0x0fa4,0xabe8,0xa6c4,0x29e3,0x35e7,0xb048,0x30be,0x2769,0x34e7,
    0x372b,0x2fc1,0xb061,0x2c7c,0xb04f,0x24cb,0xab15,0xab6c,0x1d31,0x3880,0xa352,0x2bc3,0xab6c,0xb0f7,0x2d0f,0xb07c,
    0xa8d0,0xa389,0x32ef,0x2f2e,0xa9f2,0x34c3,0x2d5b,0x2884,0x300b,0xaaef,0xa521,0xae55,0xac3b,0x2e37,0x2839,0x2a44,
    0xa0b9,0x2d21,0x2cd2,0x2563,0x2e74,0xa2c4,0x2af3,0x9aa0,0xa512,0x33bb,0xab77,0xb6ed,0xadbd,0xa44d,0x2d26,0x2a88,
    0xb916,0x31e2,0x2c20,0x2e62,0xa90b,0xade3,0x2707,0xae37,0x9d7b,0xa7c3,0x35be,0x2bae,0x9eeb,0xa0b0,0xaf5e,0xa8e3,
    0xa4b3,0x1ee5,0xa49b,0xb2f5,0xa8ac,0x2879,0xa1e9,0x38f4,0x2fcf,0x3076,0xadc6,0x2949,0xaefe,0xac13,0x2fa8,0x3434,
    0x2c7f,0x3a23,0xae94,0x29e6,0xac1f,0x309d,0x323b,0xabc3,0x3440,0x2d70,0x25aa,0x20fe,0xa735,0xadb3,0x3178,0xa657,
    0x3626,0x2eff,0x2bda,0x2716,0x2a4e,0x32d3,0x2a36,0x3812,0x29c0,0x3152,0x24e1,0x260c,0xa0f7,0x2577,0xac4a,0x22df,
    0x3044,0xaac2,0xae6c,0x3385,0x31bf,0xa3e3,0x2c2b,0x265a,0x3097,0x2c34,0x2ede,0x9a39,0x10b5,0xaf06,0xa8fc,0x2808,
    0xaca0,0x1f2a,0x2ab5,0x2223,0xa627,0x3cd9,0x2a7c,0xa0bc,0x9179,0xa909,0x1ed7,0xb077,0xae26,0xa7f7,0x2a2a,0x32db,
    0x27c3,0xaab9,0xa857,0x2104,0x2619,0x2832,0x9ad6,0xa941,0x24ff,0x3401,0x23e9,0x1b52,0x2b9e,0xa88e,0x3411,0x3409,
    0x323e,0xa0b1,0x3062,0xb40c,0xa982,0xadca,0xacfc,0xa06b,0x3224,0xaa41,0x24ca,0x2f29,0xb14d,0xb722,0x349c,0x2efe,
    0x351b,0xa37f,0x1aa0,0x2a7e,0x23e1,0x311c,0x1a91,0x2193,0xa8b3,0xb5df,0xabae,0x34ad,0xaea8,0xa839,0x274e,0xab2f,
    0xb424,0x2dbb,0xad28,0x30ef,0x213a,0xa687,0xac9f,0x2819,0x3333,0x3d3b,0xb9fe,0x3d44,0x3d18,0x3c03,0x3c4c,0x3cf1,
    0x3c7d,0x3c25,0x3cb4,0x31d6,0x3c15,0x3a75,0x3b42,0x37bb,0x9dfa,0x3cce,0x3c76,0x3b72,0x3c0a,0x3c7b,0x3b62,0x39b6,
    0x3ca3,0x2f8d,0x3cb4,0x3b2d,0x3c69,0x3c37,0xadf6,0x3b1d,0xb142,0x3d95,0xa20f,0x3d12,0x3d63,0x3069,0x3d09,0x3c92,
    0xbb3f,0x3ddb,0x3c65,0x3ce9,0x3cab,0xa89a,0x3d6a,0x38ae,0x3d0c,0x3b05,0x3c08,0x3c75,0x3c6f,0x3e59,0x3b6a,0x3e00,
    0x3b31,0x3e81,0x3ce3,0xbd5d,0x3cdb,0x3c7e,0x38c7,0x3ee7,0x4063,0xbb71,0x3ca8,0x3a3a,0x3a19,0x3d59,0x3c45,0x3a8e,
    0xb02e,0x3b3f,0x2c62,0x30ba,0x4304,0xa65c,0x3445,0xc0de,0xc103,0x3174,0x2c94,0xb912,0xb113,0xae12,0x3bd6,0xb4a2,
    0x3494,0x3b02,0x375d,0xbea7,0xbce1,0xbe7f,0x4104,0x385c,0x2d37,0xafa6,0x3828,0xb14f,0xbd2f,0xb93a,0xb0ef,0x3138,
    0xadf3,0xbe3c,0xaf26,0xb270,0xbc58,0x88b6,0xba9e,0x362e,0x27ab,0xb2d6,0xbd76,0xb409,0x338e,0xb460,0x14f1,0x2d84,
    0x3c4e,0xbb05,0xb910,0xbc2f,0xbd55,0x3883,0x4088,0x3e8b,0xc0f5,0x2bfa,0x3b8b,0x3379,0xb8fd,0x2881,0xb381,0x410d,
    0xa9b6,0xb356,0xb9f7,0xb1e5,0x270d,0xbe3a,0xc06e,0xb90c,0xb437,0x3062,0x35c5,0xafc8,0xc59f,0xa944,0xbe6e,0xbc9c,
    0x3160,0x394e,0x3885,0xb6ad,0xb125,0xb4b4,0x3fb0,0xb697,0x3552,0xb828,0xb595,0xba68,0xb272,0xc19a,0xbe21,0xb5e2,
    0x3e0e,0xb487,0x39d1,0x3cc7,0x4151,0xbac2,0xae4e,0x3368,0xb017,0x4156,0xb265,0xb283,0x3b27,0x99f6,0xbce9,0x40e9,
    0x2e78,0x250c,0xbfe4,0xb107,0x3c89,0xb110,0x3c3f,0x316b,0xbc93,0xc0f6,0xbdf3,0xbe85,0xb214,0x3c5b,0x3b4d,0x3ad1,
    0x39e7,0x3403,0xafa6,0x362a,0xbcc5,0x3c74,0xb4a7,0x3ab7,0xadbe,0xb421,0x3c3f,0xb423,0x35e3,0xc012,0x4129,0xbc04,
    0xadb5,0x3292,0x303d,0xb480,0x404c,0xae56,0x3d39,0x3a2a,0x4055,0x3789,0xb6e1,0x2e9d,0xa28a,0xa5ac,0x381c,0xb0c0,
    0x2966,0xbceb,0xbf50,0x39e9,0x340c,0xbcce,0xbc53,0xb8d4,0x3db8,0xb2af,0x36ac,0x3826,0xbc9a,0x2dcd,0x9a63,0x28b9,
    0xad25,0xbae4,0xac09,0xb0f1,0x3f14,0x9c20,0x3a63,0xbf89,0x2942,0x3995,0xbadd,0xb000,0xb860,0x2d58,0x3589,0x2e72,
    0xbc47,0xbdc1,0xb79c,0xb8eb,0x3ea0,0xac8b,0xc174,0x2b48,0x3c43,0x2bf6,0xc0b4,0x334e,0xb7a9,0x3448,0xb2ea,0x2aa2,
    0xb00e,0xaf44,0x353f,0xb03a,0xae8e,0xb9cd,0xba1e,0xb801,0xb39c,0x393c,0x2fd5,0xbed4,0xc1d7,0xb0a8,0x412b,0xc137,
    0xc379,0x2c8f,0x3d3e,0xb755,0xb1cd,0xb1f1,0xbed4,0xb2a9,0x3646,0x3fc6,0x3995,0xbfeb,0x3bc7,0x3dc1,0xc06a,0x3c87,
    0xbe1c,0xb489,0xc002,0xbee0,0xc232,0xbb68,0xb01f,0x326a,0xb314,0x3f04,0xb290,0xaf5b,0xc146,0x3187,0xc014,0xc21b,
    0x2d16,0xb35e,0xaf9a,0xb376,0x3d09,0xb4f5,0xbe35,0x318b,0xa574,0x3fae,0xb692,0x3ee7,0xc38f,0x3c11,0xbab6,0xc1f8,
    0x39a2,0x3438,0xb75b,0x34a7,0x3624,0x3e3f,0xb77d,0x3cc2,0xb182,0xb441,0xc011,0xb28a,0x38d3,0xaef8,0xb85c,0x3d05,
    0xad23,0xb4fa,0x3574,0x4019,0x4502,0xb68c,0xc45c,0x41fa,0x33bf,0x3a1e,0xc523,0x2cd5,0xb4ef,0xb42a,0xc108,0xb378,
    0x387a,0x2aa2,0x41ca,0x37db,0x40cf,0x3ece,0x3c39,0xb026,0xc047,0xb81a,0xc27d,0x3857,0x453f,0x30ad,0xb47c,0x393c,
    0xb76c,0xc0e9,0xb76d,0xb4e1,0xbbff,0x3619,0xb00d,0x3b71,0x35f7,0xbc5e,0x28e1,0xb336,0x3bfb,0xb0d6,0xb00f,0x343e,
    0x3eac,0x409a,0xba1c,0x4147,0xb25a,0xb92e,0xc032,0xc14f,0x415e,0x3480,0x438c,0x36c2,0xae97,0x35d0,0xb78f,0xbb25,
    0xb06d,0xb432,0x3bc6,0xb06f,0x3d35,0x3614,0x401a,0x3f55,0xb2f4,0xc31a,0x2dc1,0x300a,0xc075,0xb6de,0x4005,0x40dd,
    0x432a,0xae60,0x4329,0x38d5,0xb253,0xafb8,0xbd3d,0xa2d3,0x2dbb,0xbe27,0x37ff,0x4023,0x30d4,0x3af3,0x3e7c,0xbae3,
    0xb245,0xb5a6,0xbeb9,0x3eba,0xc16c,0x3f25,0xab95,0x3437,0xb05a,0x38f3,0xaf27,0xb1be,0x40df,0x2ff1,0x4115,0x3db2,
    0x30a8,0xb569,0xa6bc,0xada1,0xbf8a,0x2e62,0x3bef,0x2fde,0x29fe,0xace1,0xb131,0x3c0e,0x43ed,0xbc95,0x4066,0xac98,
    0xbb91,0x2104,0xb534,0x33fd,0x270b,0xbca3,0xb4d7,0xbd0d,0xa872,0xb1c5,0x404b,0xa9c3,0x3045,0x398e,0xbd0b,0x3abc,
    0xb183,0x3c40,0x3047,0x3e70,0xb7aa,0x234b,0x3942,0xb5d4,0xba00,0xbcd1,0xbc21,0x38bd,0xae8c,0xa434,0x378b,0x2248,
    0x2b2d,0x37f6,0xc01c,0xb5a4,0x251c,0x38b5,0xb18a,0x35f7,0x3a02,0xb116,0x3e69,0xbdd0,0xbbde,0xb269,0x2a57,0xa985,
    0xb05b,0xad87,0x1d4f,0xad64,0xaf8a,0x336f,0xb86b,0x402c,0xa9bf,0x3c12,0x3ca7,0xae6c,0x35a8,0xac3c,0xb7de,0x2e07,
    0xbd4e,0xb530,0x3d42,0xb8ae,0xbebb,0x31a9,0x36c0,0x3af7,0x3c48,0x2b10,0xc18c,0x3054,0x395d,0x3bed,0xb632,0xa93c,
    0xa87f,0xb3e5,0xbd85,0xa954,0xb4c0,0x3b0a,0x2c19,0xb851,0xb2cd,0x3e06,0x30c9,0xbed3,0x378a,0xb159,0xbd03,0x3dde,
    0xb22e,0xb97f,0x43e5,0x3836,0xb273,0xafd0,0x3c42,0x2863,0x3200,0x2fa1,0xb844,0x3b2a,0xba66,0x3b76,0x37da,0xadc9,
    0x1f91,0xb3ee,0x40f1,0xbb65,0x3f59,0x3778,0xaa44,0xa607,0xac83,0xb276,0xaecb,0xa8ad,0xbaa9,0x35e6,0x3c23,0xc10a,
    0x2d7d,0x356f,0x4097,0x1d8a,0xb8c2,0x2c1e,0xb9a4,0x2f8b,0x320b,0x3a5a,0x4006,0xbd4c,0x3424,0xbbb2,0xb671,0x40fc,
    0xb954,0x2787,0x3731,0x3022,0x3bc4,0xbed3,0xb59b,0xbc34,0xa9ee,0xb439,0xbb13,0x2ccd,0xb209,0x3e7a,0x3407,0xbb99,
    0xaf64,0xb57a,0x22cb,0x2518,0x2122,0xb0c5,0x36c4,0xbbc4,0x3b5f,0xb164,0xc1b2,0x3241,0xb16a,0xaea4,0x38f8,0x2b72,
    0x3055,0xb3bf,0x3457,0x3827,0xbe47,0x341a,0xb99d,0xb3b0,0xb8ab,0xb024,0x3d0c,0x367a,0xba0b,0xb07d,0xa03d,0x1d94,
    0xaeeb,0x3293,0x2d86,0x9e1c,0x38ee,0x2f21,0x37f2,0x35fc,0xa0d1,0xb395,0x3b2a,0x315d,0xba8b,0x3083,0x347b,0x2a53,
    0x35d5,0x34a2,0x3877,0xb452,0x3dce,0xb632,0x2c89,0x2c95,0xc031,0xa479,0x3be6,0x2d70,0x3561,0xbde4,0x2702,0xbd7c,
    0x2c7b,0xa940,0x38c8,0xa627,0xb8ce,0x3a82,0xb423,0xb637,0x3a3c,0xb56d,0x3264,0xb2fb,0x2d90,0x3fd6,0xa61a,0xb02b,
    0x3004,0x1ea3,0xb076,0xb537,0x3f07,0x404f,0xab6d,0x4020,0xb4a2,0x2b34,0xac0e,0x2a36,0xa3f7,0xb178,0xa5f8,0x30fc,
    0x39c7,0x432e,0xadda,0xaed1,0x2541,0x3216,0x3faa,0xb5da,0x3edf,0xb0a8,0x3f02,0x3ca4,0xaf6e,0x33fd,0xb0a4,0xb229,
    0x2996,0xa3be,0xab49,0x3e13,0xb2b8,0x3eff,0x1dd5,0x2dcc,0x24a2,0xb3f1,0xa8c6,0x2c5f,0xb0cc,0x3121,0x3214,0xb605,
    0xac6d,0x3307,0xb367,0x2a4a,0xa62c,0x2770,0x40f1,0x2e50,0x3dba,0x3c2c,0xac13,0x3f92,0xbbca,0x2935,0x310e,0x2d2e,
    0xb08c,0x2bd7,0xa8b6,0xb3f2,0xb2c1,0x2d4e,0x3358,0x315f,0x3132,0xa892,0xad23,0x34ca,0x3100,0xaa94,0xb457,0xa564,
    0xae14,0x2ce2,0xa173,0xb370,0x31e2,0x2dd7,0x2844,0x23cc,0x2197,0xabd8,0x3626,0x21d5,0x1474,0x306b,0xaaad,0xb4ac,
    0xaa84,0x2cd2,0xaf88,0xad75,0x3524,0x2604,0xa47c,0x2d3e,0x2398,0x2cb2,0xa8a1,0xb7a3,0xb10f,0x2e5d,0x2979,0x2422,
    0x2afe,0xb004,0xaf4c,0x303c,0x3061,0x30eb,0xac7f,0x2b61,0xa486,0x2dc4,0x2716,0x2d24,0x2f54,0xb233,0x359f,0xab14,
    0xa5a2,0x2d30,0x347c,0x2556,0xaab8,0x2883,0xb2a7,0xb01a,0x29bb,0x3010,0xadde,0xa8f3,0xab94,0xb099,0xb129,0x2cb8,
    0x2d82,0x9d15,0x3110,0x3515,0xadc2,0x2a54,0x2fe4,0xb227,0xb12f,0xa407,0xae80,0x2b3b,0x31e9,0xb105,0x2854,0xafaf,
    0xad48,0xafae,0x3012,0x28e6,0x9f51,0xaf32,0xaf10,0x28e0,0x3232,0xa501,0xacdc,0x2fc7,0xb057,0xac81,0x2214,0xb5a3,
    0x3037,0x2e2d,0xae00,0xb42d,0xac33,0xac81,0x31ce,0xb22e,0x3102,0x2b83,0x2f2b,0x2e7e,0x3055,0x2a3a,0x2887,0x3058,
    0x1ce9,0xad37,0x2ff2,0x307c,0x2e5b,0x3750,0xb319,0x2ecd,0x9f69,0x3129,0xb0ae,0x29f3,0xb356,0x253d,0x3297,0xafaf,
    0x2c8f,0x0ac3,0x2af8,0xaf51,0x3460,0xad05,0x2932,0xacc4,0xab0f,0x301f,0x2d0a,0x3160,0xaa07,0xb194,0xa8eb,0x319b,
    0x31a8,0xa9f6,0x2855,0xb9d2,0x9ffd,0xad71,0xb0ad,0xad12,0x3218,0x3235,0xb254,0x21c1,0x2879,0xaa27,0x2d1f,0x3460,
    0x2b76,0xae53,0x2df9,0x30c2,0xb22a,0x110b,0x3316,0x2edf,0xb1fe,0xaf09,0xae21,0x2730,0x336a,0xafda,0x27c5,0xa6d8,
    0xa962,0x342a,0xa37e,0xa9d6,0xb39e,0x3255,0xb0e8,0xb40e,0x33e0,0xb4c4,0x32b3,0x2e52,0x1f35,0x2154,0x344b,0x26e1,
    0xa83a,0x2447,0xad65,0x30c0,0x3419,0x3641,0x2c55,0x2986,0xac9d,0x2c22,0x3207,0x2827,0xa90e,0x3039,0x2d88,0xb14d,
    0xb095,0xa46c,0xabd5,0xb1ae,0x307d,0xb14b,0xb367,0xaa13,0x260e,0x288d,0x31e5,0xb1cf,0xad2b,0x347c,0x31a6,0xa14f,
    0xae89,0xb00a,0x3151,0x2ae9,0xabec,0xad0c,0xafab,0x2589,0x3129,0xa871,0xaf9c,0x2d09,0xb053,0xac57,0x991c,0xb62c,
    0x28de,0x2fa6,0xad9d,0xb301,0xad4b,0x164a,0x335d,0xb1e5,0x30cb,0x349c,0xa0c5,0xb107,0xa72b,0x2c04,0xa2d1,0xab69,
    0xafa1,0xa837,0xaef0,0x2d8c,0xac81,0x2fb3,0xb032,0xa861,0xb09f,0x2df2,0xa80e,0x3296,0x2cfc,0xb2e2,0xa501,0xb3d7,
    0xac4e,0x2947,0x30e5,0xb184,0xb082,0xb455,0x31b6,0x2f74,0x190b,0xaa71,0xab23,0x9721,0x30c4,0xadd6,0xb3a5,0x306f,
    0xad35,0x2d4f,0xb211,0x30f5,0x2c81,0x30a6,0x9a45,0xb0ad,0xb1e0,0xa809,0xa9bb,0x29ba,0xb2d6,0xaf0d,0xaba3,0x3131,
    0xae81,0x268f,0xaf9b,0x2c5c,0xadf3,0x3125,0xb8a6,0x2cfb,0x2f49,0xac74,0xa953,0x25f5,0x2f0a,0x3080,0xae8b,0x28c1,
    0x33eb,0x2d34,0xa8f6,0xb0d7,0x2d22,0x2ae9,0x33b9,0x25df,0xac51,0xa42b,0x2b59,0x3356,0x28bf,0xa8c0,0xae01,0xae91,
    0xb1d8,0xb606,0x3242,0x3233,0xb221,0x2a0c,0x34df,0x2dc1,0x36ab,0x252e,0xac3b,0xb10a,0xb3d2,0x28ff,0xb199,0xabbe,
    0xacb4,0x3448,0x2abc,0xb146,0x2972,0xb050,0x2c69,0x3235,0xb070,0x2a33,0xadd0,0xaf0f,0x9e4c,0x33c7,0x2e27,0x2eb8,
    0x2b00,0x3509,0x32b8,0x1d59,0xaec2,0x2ab7,0xb241,0xae84,0x2ee6,0x32a3,0x289b,0xb229,0x31ee,0xa8ff,0xb40e,0x2a32,
    0x2c22,0x2de2,0xb22a,0x3040,0x2e25,0xad2d,0xa88f,0x2946,0xadb6,0xa19d,0x2af3,0x2d26,0x2d60,0x3152,0xac92,0xb3d4,
    0xac39,0xb069,0xa2ec,0xb0a6,0xab0a,0xb4d2,0x32a6,0x2b6f,0x33d9,0xafa6,0xaa6f,0xaea6,0x30ef,0x2f8a,0x1e11,0x965d,
    0xaa16,0xac47,0x2ba8,0x31fb,0xa9f2,0xaaab,0x2f23,0xb309,0xa1d3,0x2d29,0xb466,0xaae3,0x2e68,0xad37,0x30af,0xac42,
    0x347e,0xa44e,0x2eef,0xaa4a,0xad6d,0x9efe,0xa925,0x25f1,0x2d80,0x2ad2,0xb476,0xa55a,0x3014,0x2c35,0x1dc3,0xadbc,
    0xaac3,0xa8d4,0xa686,0x2f5e,0xb45d,0xaf11,0x3503,0x2eba,0xb00a,0xa778,0xb1e1,0x323e,0x3368,0xab3d,0x2418,0xae72,
    0x3046,0x300f,0xb4cd,0xa6f7,0x2dc5,0xaeb3,0xaf70,0xaf21,0xac98,0x2f53,0xaaa0,0x30e9,0xaa77,0x2978,0x30f1,0xace4,
    0xadd5,0xa94e,0x2aa0,0x3159,0xa49a,0xae91,0xae93,0xa6ec,0x32c1,0x2f75,0xafa8,0x2b5f,0x2a2e,0xa9c7,0x2ce6,0xa8bc,
    0xaae1,0x9c60,0xb6a2,0x30f7,0x2ce3,0x25a3,0x248e,0xad3f,0x307b,0x30de,0x31b2,0x2330,0xa867,0xb29b,0x22c7,0x3232,
    0xa9e7,0xb05e,0x3014,0x2d0d,0xaec2,0xac38,0xac0d,0xa138,0x33e0,0xae0f,0xb01f,0x2767,0xac9d,0x2623,0x28c7,0xb67f,
    0x30cf,0x2ab2,0xae18,0xab1b,0xaaf6,0x1cb4,0x33f5,0xb021,0x3213,0x3168,0xaa71,0xad28,0xafa4,0xa94d,0x24a4,0xb1d0,
    0x32bf,0xb405,0x281e,0x943f,0xae42,0x2f63,0x15df,0x2b5e,0x30d9,0x9de9,0x9bf2,0xb3d3,0x2da2,0x30e7,0xad83,0xb10d,
    0x30c3,0xa778,0x33e9,0xaab9,0xad64,0x2f08,0xa3ce,0xb03f,0x3049,0xaf0f,0xae77,0xb158,0x2ab4,0xa654,0xaf2a,0xb2ce,
    0x30c3,0x2df8,0x20cc,0xb441,0xb080,0x30af,0x3177,0xae18,0x395f,0xb0d2,0x2fc8,0x3119,0xb2a7,0x2f6a,0xa89c,0x2ab9,
    0x3412,0x332a,0xb198,0x2cb4,0xaacf,0x28df,0x3065,0x3224,0x2801,0x2507,0xb163,0x1943,0x2397,0x3497,0x307e,0x2aee,
    0x311a,0x3422,0xb542,0xae1e,0xac58,0x29d7,0x2d1f,0xade3,0xb31f,0x31ff,0xafad,0x3340,0x2f74,0xb1f8,0x264e,0xad35,
    0xa254,0xa87b,0x30f9,0x2e71,0xb2f2,0x2919,0x34e9,0xa8bb,0xb091,0x270a,0x3354,0x305d,0xa5a9,0x297f,0x29dd,0xad68,
    0xb0b0,0xaa29,0xafac,0xb0be,0x3173,0xb396,0x2d71,0x2c75,0x34f7,0xac80,0x3193,0xb3e2,0x2ace,0x2e2e,0x2c5a,0x2816,
    0x3051,0xae47,0x24de,0xad17,0x312c,0xaf85,0xa07f,0xad1e,0xad68,0x2c9f,0x3159,0x3416,0x201b,0xb1a8,0x1f9f,0x305a,
    0x30a4,0xa94c,0x2d22,0xb8f8,0x2b0a,0xaea3,0xafa3,0xa9be,0x29c0,0x3228,0xad40,0xac8d,0xaf89,0xabea,0xb4d5,0xaa7e,
    0x3042,0x9ff7,0x2c16,0x3543,0xb0cf,0xa84a,0x30b1,0x2d09,0xb422,0x2c24,0xb1ed,0xa9d2,0x9507,0x31e9,0xadc6,0x270f,
    0x33a0,0xac06,0xb0f9,0xa96f,0x34af,0xaf54,0xb4cd,0x2e70,0x331d,0x2ce2,0xaf7e,0xb419,0x2e1c,0xa163,0x2948,0x2ce5,
    0x315a,0xaccd,0xa98f,0x335b,0xaf88,0x2cba,0xa866,0x1e10,0x2de9,0x205e,0xb6fb,0x302e,0xb323,0xa687,0xa954,0x292c,
    0xaac7,0x3255,0xaeba,0xb51f,0x300e,0x248e,0xa948,0x28a8,0x2a4b,0xaa2b,0xb02b,0x2dd4,0xa5a6,0x2e57,0xb076,0xb2f4,
    0x2d5a,0x2ae4,0xb12e,0x1cf0,0xac9c,0x3581,0xb130,0xb068,0x258b,0xa0ce,0x2a90,0xac8b,0xb4a2,0x2a03,0xa787,0xb104,
    0xaabd,0x1185,0x319c,0xb454,0x2866,0xb3ea,0x2eb3,0x30e0,0xa169,0x2533,0x1fd2,0x2a21,0x28d0,0xb27a,0xb177,0x2e88,
    0x31f7,0x251a,0x2fea,0x3719,0xb163,0xa8ac,0x2c27,0xb1f2,0xacdb,0xaa6c,0xae54,0xb20f,0x2d58,0xb0bd,0x2b85,0xb202,
    0x2e38,0x232a,0xaec7,0x307f,0xa0ec,0x31ee,0xb52f,0xb04b,0xb321,0x284b,0x327b,0xad2b,0xb274,0x2404,0xa07a,0xaab1,
    0x24d1,0x28dc,0x3502,0xa8ad,0xad50,0xaca3,0xae24,0x2c77,0x30a3,0xa626,0xb446,0xb0de,0xa806,0xb36c,0xad5f,0xb382,
    0x20b6,0x2907,0xb34e,0xae08,0xa825,0xb239,0x2b11,0x29ac,0x309a,0x23bf,0x2360,0x2a90,0x25a8,0x9968,0x281d,0xb161,
    0x9fd9,0x2ee8,0x2a1b,0x2629,0x2ce5,0x309a,0x2c15,0xb3ec,0x3123,0xb471,0xa453,0xb475,0x2c7e,0xb750,0xae5e,0x2b68,
    0x33e6,0x3096,0xb05c,0xa869,0x22e7,0x30fe,0xa812,0xac3a,0xb498,0x3067,0xac46,0x2baa,0xa78d,0x318e,0x3359,0xa746,
    0x3038,0x3298,0x322b,0x2cc5,0x3031,0x2b73,0xa48c,0x2c9c,0xb21f,0x2e5a,0xad31,0xb2f4,0xaea0,0xa859,0x2964,0x2ab7,
    0x3084,0x2e85,0xb533,0xb017,0x3028,0x2ae0,0x26dc,0xa9bd,0x2c89,0xaea8,0xa9ed,0x2f31,0xb46f,0xad2a,0x324e,0x287c,
    0x198b,0xaa39,0xb122,0x33cf,0x3545,0xae75,0xb002,0x1eed,0xa46b,0xadbf,0x326b,0xa44e,0xaf9a,0x9ac7,0xae35,0xa88c,
    0x31b8,0xae16,0xaf71,0x1c3a,0xad85,0xa706,0xa824,0xb577,0x30e4,0x302f,0xa9ea,0xb1ba,0xae1d,0x27e3,0x3485,0xb23f,
    0x2f0a,0x2d7a,0x3082,0xacae,0xb3fd,0x2662,0x3622,0x3146,0x2988,0x2b37,0x2f43,0xb000,0x290b,0xab67,0x283a,0x1f03,
    0x20b4,0xacec,0xb62f,0xaa03,0xb216,0xb0ed,0xa807,0xa600,0xaef3,0x2aaf,0xaddb,0x2c3f,0x241c,0x3004,0x27ae,0xad0e,
    0xa8d4,0x2d78,0xad1a,0x2161,0x324d,0xaf13,0xadeb,0xaf41,0x2b17,0x27ff,0xa2c1,0xb0a1,0x9e50,0x3401,0x304c,0x1b6f,
    0x32e8,0x2c16,0xb4de,0x2ca8,0x2570,0x1f13,0x3000,0x258a,0xb1d3,0xafab,0x9c91,0x3116,0x340f,0xad7d,0xb0bd,0xaea7,
    0xaa84,0x311c,0xabc1,0xa935,0xaccc,0xb11b,0x362c,0x3057,0xb283,0x950c,0xb236,0xae65,0x2ee0,0x2d0f,0x2411,0x30d4,
    0x2fe3,0x346f,0xad32,0xa518,0x319d,0x1846,0x2bcb,0xa82f,0xb006,0x2807,0xa5e6,0xae4d,0x2cc3,0x2df1,0xae9a,0xac9c,
    0x3259,0xae23,0xb22f,0xa800,0x307e,0xa873,0x3011,0xb15d,0x2e09,0xb03a,0x2f33,0x2dc4,0xae92,0xb288,0xa8c4,0xa8d9,
    0xb092,0x94b2,0xb519,0x338d,0x2c9f,0x22e3,0xb023,0x268a,0xac5d,0x3420,0xa91f,0x30d4,0xabb4,0x3353,0x1d13,0x2e2d,
    0x1c54,0x2832,0x31eb,0x3187,0xa25c,0x2a3f,0xa448,0xabd2,0x34d0,0xa456,0xb0cc,0xb537,0x2e4d,0x298f,0xa900,0x2d25,
    0x2143,0xb480,0x3110,0xaa78,0x3122,0x2892,0x301e,0xacf1,0x2830,0xb0ef,0xad38,0xb0a4,0xac22,0xb053,0xb251,0x9bb4,
    0x2a84,0x3136,0x3422,0xb478,0xb045,0xb0aa,0x293f,0x2d1e,0xb271,0x3014,0xa9ac,0xa766,0xb5d7,0xafbd,0x348b,0xae0a,
    0x2bfb,0x3084,0xacb6,0x2499,0x2205,0x2e9f,0x2b4c,0x28f5,0xae1e,0x2864,0xa33d,0xb0b6,0xaccf,0xb061,0xaad4,0xabf3,
    0xb060,0xb049,0x3149,0x28e3,0x2d14,0xadfe,0xa58b,0x30c4,0xac13,0xadb9,0xae9d,0xadf9,0xa25b,0x2c5a,0x9df1,0xa8f3,
    0x2bb7,0x2c04,0x3104,0xb48e,0xa1f2,0xb4a1,0x3249,0xadba,0x31ac,0xac5c,0x2e45,0x2ff5,0x30d3,0xabf3,0x30c5,0x2853,
    0x2ccb,0x20ba,0xb5d8,0x2cea,0x26fa,0x2743,0xad84,0xac8a,0x328b,0xa904,0x34d1,0x1fb1,0xace0,0xb09e,0xaa9f,0x2e92,
    0x2d36,0x2ec4,0xa2ea,0x2e61,0x3019,0x2c1e,0x2ee7,0xad43,0xaa26,0x3132,0xb089,0x342b,0x329f,0xae51,0xa5c6,0xadea,
    0xb12d,0x33ab,0x35a3,0xa308,0x2cbc,0xacd5,0x37f5,0x2cd1,0x32c5,0x2f0d,0xacca,0xaecc,0x297d,0x2d1b,0x33cc,0xaa0d,
    0xac75,0x97ae,0x2434,0x3228,0x2e58,0xaf47,0xb12f,0xad60,0xade4,0xb543,0x32db,0x2849,0xb1f7,0x3214,0x352b,0x2842,
    0x28f0,0x3265,0xab22,0x28f5,0xb160,0x306f,0x2e43,0xb52c,0x33fa,0xb50c,0xaacb,0xb182,0xad10,0x30c4,0x2c32,0x2d56,
    0xaf6a,0x301a,0x2b8d,0x2ec7,0x3324,0x372b,0xab9f,0xaf34,0x2eb0,0x2bfd,0xad2b,0xa0f7,0x30da,0xa1b1,0x2c9c,0x33cf,
    0xad72,0xaf15,0xad08,0x3262,0x29d4,0x33f4,0x329f,0x30be,0x186e,0x2ba7,0xab0d,0xa83b,0x31d9,0xb551,0x9c84,0xa16c,
    0x2c44,0x307c,0x29d9,0xa555,0xa985,0xad42,0xb35a,0x2ca8,0x3282,0xa909,0x2a6e,0x3746,0xb11a,0x21cc,0x302b,0xb0f0,
    0xb454,0xac5c,0xb0bd,0xac60,0x27da,0x9f1b,0xa840,0xad9d,0x322f,0x32e4,0xafd9,0xafee,0xac5c,0xadb1,0xaf21,0x2c36,
    0x278d,0x2a3e,0x2d68,0x36a3,0xaf51,0x2ab2,0x2eba,0xae72,0xb565,0xb1f9,0xa8a9,0x3441,0x26e8,0xad91,0x2f81,0x9cac,
    0x2cfc,0x2bab,0xb4de,0xae68,0x28f0,0xafb5,0x2b4b,0x2cdd,0x28f4,0xad72,0x3124,0x2fdf,0xb065,0xa931,0x3019,0xa89d,
    0xb246,0x2593,0xae90,0x30c4,0x2c65,0xb3f2,0xadb8,0xb026,0xa207,0x2f7d,0xa4a0,0x2c9a,0xb3ae,0x36a3,0x327b,0x2c2c,
    0x306b,0x229d,0xb219,0x27e1,0xab61,0xa5b6,0x24e3,0x1757,0xad45,0xad52,0xa911,0xb145,0x2de9,0xb5e0,0x2da4,0x22fc,
    0xb371,0xa551,0x2ec4,0x2b6d,0xacb4,0x23e6,0x9c08,0xaf1e,0x26a3,0xaee9,0xaf48,0xb0ee,0x30ad,0xb123,0xb09d,0x95b4,
    0x3386,0x2b80,0x2feb,0xb32f,0xb059,0xaf7d,0x2aa3,0xacd8,0xacff,0x310b,0x304b,0x32e8,0xa284,0xb0be,0x2c12,0x24fe,
    0x2812,0x30a7,0x3146,0xa921,0x2c9b,0x2fc3,0xb1a2,0x231e,0xb1e1,0x32ea,0xb0b7,0x2c99,0x3094,0x320a,0xaa90,0x2d73,
    0x30e1,0x308d,0xab58,0xaee2,0x2866,0xaef5,0x3017,0xa44a,0xb176,0xb043,0xb09d,0x269c,0x3095,0xb21b,0x9e4b,0xaaa5,
    0xaf79,0x34cc,0xaa6b,0x2182,0xaf23,0xa51e,0x336b,0x115a,0x2ee2,0x2c9b,0xac6b,0xb028,0xaaa9,0xa866,0xb027,0xb037,
    0xacd0,0xad62,0x2a92,0x2d80,0xaac2,0x34ab,0x2715,0x2711,0xb59a,0xaea6,0xb2bb,0x32af,0x2b9c,0xad38,0x24d0,0xaf55,
    0x3192,0x2399,0x2a57,0x34f3,0xa462,0x2cad,0x2574,0xae70,0x2ab6,0x3032,0x3297,0xb39c,0xb01d,0x3147,0x2cb7,0xaabc,
    0xac0b,0xac95,0x2815,0xa1e9,0xb575,0xade5,0xb363,0xa862,0x30f2,0xac53,0xade6,0x2e86,0x21ee,0xad5b,0xaa3a,0x308c,
    0x2b23,0x226d,0x2544,0x32b2,0x2039,0x3480,0xaf0c,0xa57b,0xb7b7,0xad8a,0xaf4e,0x30d5,0x2f23,0xad12,0xb10a,0x3273,
    0xaa63,0x2fe2,0x2daf,0xaaad,0x308b,0xa9d0,0xb243,0x2e16,0x31ae,0x2e0b,0x2948,0xb102,0x2afc,0x3433,0xaae5,0x1cda,
    0xafeb,0xa571,0xb089,0xaae0,0x28fa,0x3500,0xa76a,0x302b,0x2dc8,0xb057,0xb08c,0x25b8,0x3543,0xad9e,0xb480,0x30ac,
    0x30f8,0xa549,0xac58,0xb28a,0x2c6b,0xa9a4,0x30e3,0x19a3,0xa958,0x2867,0x359c,0x2a48,0x1c03,0x314c,0xae6e,0xa755,
    0xa6db,0xa87f,0x31a8,0x3238,0xac2f,0x2e88,0xa6c2,0xa516,0xa880,0xb326,0x25e5,0xb52c,0x3276,0xb40f,0x2cb5,0x245c,
    0x326a,0x21ce,0x28c9,0xb48c,0x2878,0x31aa,0x3006,0xabd8,0x31a4,0x275e,0xae14,0xb17d,0x35b3,0xaaa2,0xac68,0x2d34,
    0xabf8,0x217d,0xad58,0xb493,0x30c7,0xad9f,0x3100,0xb1cf,0xaf3d,0x2485,0x305c,0xa313,0xafd9,0x2ee6,0xb011,0x2cc7,
    0x3068,0xac1b,0xb17d,0x2005,0xb209,0x2ede,0x2509,0xacb8,0xaba3,0x32f3,0xb011,0xa2b9,0x2ecc,0xaf5d,0x3498,0xaf02,
    0xa59d,0x277d,0x29ef,0x243e,0xaefb,0xa633,0xb437,0xb1bb,0x321e,0x2f8b,0xb172,0x2afe,0x2da4,0xad71,0x2ddf,0xab49,
    0x9cf1,0xa5c7,0xb76d,0x355e,0xac33,0xa957,0x31bf,0x218d,0x2c09,0x2adf,0x2a81,0x3197,0x2756,0xaf70,0x2f51,0x30dc,
    0x2ccf,0x26d1,0xa8c3,0xab96,0x341d,0xb199,0xaacc,0x2983,0xa8cc,0x31b0,0x309f,0x3579,0xae1a,0xb03d,0x20ec,0x31cb,
    0x2856,0xac20,0x25c1,0xb85c,0x2901,0xb112,0xb150,0xab7d,0x3264,0x2ca9,0xab7a,0xad5f,0x2dbe,0x2f76,0x34e9,0xad41,
    0xab5c,0xabbf,0xa8f7,0x28ce,0x2e89,0xb036,0xb319,0xac48,0x2a96,0xb493,0x34da,0x9fee,0xb2a4,0x3265,0x34b7,0x28df,
    0xc40f,0xbd0f,0x3903,0xbb07,0x3a0c,0xba4f,0x3ac5,0x3622,0xbd8b,0xbb56,0x3cf0,0xb313,0x3046,0x2e89,0x2d0c,0xabbf,
    0xad3c,0xb5e2,0x3ade,0x40f3,0x2450,0xbe54,0xb9ba,0xb1b7,0x2eae,0x3648,0x2d08,0x3865,0xb1ae,0x99e0,0x2b72,0x2d3f,
    0x2e12,0xa80f,0xae0f,0xad34,0xa819,0xad97,0x2a26,0x2bac,0x376d,0x2d33,0xb4bb,0xb3e1,0x3047,0xab9f,0x2c86,0x320d,
    0xa4b2,0x2a02,0xa5a1,0x2536,0xb82f,0x2d7e,0xaca9,0x3398,0xb93a,0xb0d3,0x3258,0x3590,0x297b,0xaffd,0x30cb,0xb037,
    0x2826,0x2c82,0x2ea9,0xb207,0x1c12,0xb78e,0xb02e,0xb31d,0xb49f,0x2dce,0x2a5d,0x2b4e,0xb144,0x2d7e,0x3653,0x2ed1,
    0xa37d,0xb2cf,0xa9ba,0x2402,0x3c03,0xa038,0x3037,0xaa9a,0x9bcb,0x273b,0xabc1,0xa6f6,0xac9a,0x258b,0xb2ea,0xb3a6,
    0xb2e4,0x2c31,0x93df,0xb025,0xaf6c,0x255b,0xac1c,0xb79d,0x303d,0xb307,0x2971,0x3669,0xadee,0xb421,0xa88f,0x9577,
    0x3086,0x3b3f,0xaeb4,0x39e8,0xad7a,0xb401,0x25e5,0x2829,0x3393,0x3486,0x2b13,0xb48c,0xb1b6,0x2754,0x346a,0xb41c,
    0xa985,0x2dae,0xb1a4,0x2ae2,0x2af3,0x35ca,0x36fe,0x325d,0xb5a3,0xa837,0x2233,0x2e39,0x3836,0x3070,0x26b1,0x35d5,
    0xb842,0xb681,0xb612,0x2f66,0x2cb1,0xb172,0x2c71,0x331a,0xa548,0xb016,0x28c9,0x2c36,0x29b4,0xab90,0xb04d,0xb10e,
    0xaab4,0xadf5,0x3689,0xad11,0xb672,0xaf17,0x2e81,0x291a,0x2ad6,0xb237,0xaf53,0x2c27,0x2d56,0xb107,0x1198,0x3464,
    0xa54c,0x2d5f,0xb182,0xb134,0xa91f,0xa122,0xb360,0xa01c,0xb4e9,0x302b,0xb240,0xb678,0xb61f,0x2c6f,0xaf2b,0xb6b4,
    0x2b64,0xb027,0x2842,0xb466,0xae1b,0x2dd6,0xaab4,0xb102,0x36dc,0xb4cf,0x294f,0x3b39,0xac84,0xac35,0x3084,0xb039,
    0xb2e9,0x30f7,0xb105,0xb0d1,0xb4cb,0xae65,0x2645,0x2b34,0xa651,0x256d,0x348e,0xa08c,0x350b,0x2fa3,0xb3db,0xb19e,
    0xa5d5,0xada3,0x9aae,0x32c1,0x3008,0xa0db,0x3449,0x20f5,0x395e,0xb657,0x32cc,0xb6fa,0x31c5,0x2d58,0xb018,0xab47,
    0xb53d,0xad4c,0xb0e6,0xa835,0xae9d,0x3a02,0x30bd,0xaf95,0x34c1,0xb0cf,0x3414,0xb013,0x3278,0xab93,0x32cd,0x29e2,
    0x26f7,0x3095,0x275b,0x2c07,0xb12a,0x2842,0x1f7f,0xaf0a,0xb05d,0xacf2,0x9f0b,0xabed,0xb503,0xa7c8,0x37dc,0xb28b,
    0x3107,0xa8cf,0x1e2b,0x351e,0x3159,0x29ff,0xaa10,0x2dae,0x2799,0xb43c,0x2673,0xb952,0x9c8e,0x2157,0x1920,0x2d7b,
    0xb69c,0x3a6f,0x288c,0xb23e,0xac86,0xa68d,0xae9f,0xb25f,0xb241,0xb410,0x2eea,0xaf78,0xb10c,0x319a,0xabd8,0x2e06,
    0xb23e,0x33fe,0x3463,0xafe7,0x33dd,0xa52d,0xb9a5,0xb4ab,0xab86,0xa94f,0xac8a,0xae54,0x340e,0x2ea7,0xb52c,0xb0fa,
    0x3217,0x3952,0xb246,0xb2a3,0xac36,0xb1f1,0xad21,0xb138,0xb492,0x1e4f,0xb085,0xa7e5,0x24fd,0xb038,0xacb8,0xb2f1,
    0xb0b5,0xb28a,0x24f3,0x2e48,0x3160,0x308d,0xaf2f,0xa891,0xa419,0xb247,0x3245,0x3249,0xa480,0xace6,0xadde,0xb0ce,
    0x9be3,0xa191,0xa8c9,0x2ab3,0xb2f0,0xb045,0xba7a,0x30c1,0x28fb,0xa8d2,0xb559,0xb173,0xb015,0x2eea,0x2910,0xad49,
    0x34e0,0xb436,0xb0b2,0xb8cb,0x21a9,0xaa16,0x2a3d,0xad8d,0xac8c,0x3d83,0x3034,0x3abc,0x24f3,0x2072,0x310a,0x2895,
    0xb265,0xb60e,0xa876,0xb4d9,0x2371,0xb1b8,0x3b49,0x27f2,0x373c,0x207a,0x2190,0x2817,0x2b56,0x2bda,0xad5c,0xa1bc,
    0xadd4,0xadca,0xacda,0xa533,0xb337,0xa7bb,0xab2c,0x2f6d,0xb4b4,0xae38,0x351a,0x27bd,0x9e3c,0xa411,0x2f74,0xb02b,
    0x3355,0x281f,0x25a0,0xac64,0x2d9d,0xb3a3,0xa86e,0xafee,0x235b,0xb323,0x3802,0xb3bf,0xaf2d,0xa77b,0xafda,0x1c6f,
    0x296b,0xaf08,0x2e81,0x29cf,0xb608,0x2e09,0x2f45,0x2b11,0x2f4d,0x246f,0xa8f2,0x2a6b,0xaa4b,0x364f,0xb547,0xb310,
    0x9e09,0x29b4,0x3618,0x32d6,0xaca6,0xa88f,0xb070,0x2f02,0x2be2,0x3698,0xa5dd,0x3119,0xae8a,0xab89,0xb5fc,0x2cd8,
    0xbada,0x36a9,0xb186,0xb67c,0x35b5,0xad74,0xb168,0xafd6,0x2b25,0xaf27,0x349f,0x2727,0x23f0,0x3605,0xb962,0xac81,
    0xab78,0x266d,0x3114,0xabab,0x3430,0x2d1c,0xa43c,0xb1ce,0xacd6,0xad7f,0x1403,0xb46f,0x3514,0x1d5e,0xb036,0x2ecf,
    0x34a7,0xb84e,0x30d4,0xb471,0xaaf3,0xa8a4,0xaa08,0xb2a2,0xb42f,0x9f81,0x2e8e,0xb1c5,0x1c04,0x367b,0xac48,0x2f7c,
    0x3046,0x2dbe,0x3399,0x296e,0xa555,0x32c0,0x32e7,0x2a07,0xa4fe,0x2b50,0xa25e,0x346f,0x340f,0xb022,0x1f0e,0xb573,
    0x345b,0x2f62,0x26fe,0xac60,0x2533,0xb2e9,0xb0ae,0x3433,0xaab0,0x2cae,0xb0ca,0x2e47,0x2968,0xafcf,0xa4e3,0xaebe,
    0xad40,0xb58b,0xb25b,0xa80c,0xa5f3,0x35df,0x2e39,0xb0c9,0x3609,0xbc79,0x24ec,0xb222,0x2eaa,0xaebe,0x2b88,0xad29,
    0xadd3,0xb5bf,0x29fc,0xb1e9,0xb189,0x9fe3,0xb9e9,0xaac1,0x360e,0xade0,0x9d3f,0x2883,0x3301,0xa4a4,0xb742,0xb102,
    0x9fc2,0xaca3,0xaeba,0x313d,0x208d,0x2b00,0xb053,0x3403,0xad81,0x3712,0x337a,0xb096,0x2cd2,0xa194,0x1d56,0x308a,
    0xb445,0x290f,0x3040,0xa178,0x9ac1,0xad98,0xafc8,0xa8bd,0xa87e,0xab10,0x9d33,0x3290,0xaf3b,0x3142,0x1cc6,0xb096,
    0x25b0,0xa56c,0x2cf5,0x3078,0x3709,0xb018,0xa498,0xb223,0x3563,0xa8b2,0xa22b,0x9dbe,0xabc6,0xb34d,0xb3c9,0x2f1b,
    0xaf44,0x3045,0xb675,0xa180,0xb497,0x2b30,0x359c,0x30d1,0xab41,0xb779,0xb0bf,0x2f0c,0xac1a,0x357a,0x3228,0xb2be,
    0x2cab,0xbd4a,0x31b3,0xb5c9,0xb0b2,0xa52b,0xa912,0x2954,0xab8f,0x3849,0x3126,0xb484,0xae19,0xae0b,0xb9bc,0x2517,
    0xb085,0xb118,0xa8bc,0xad63,0x2487,0xa28d,0xaef5,0xb121,0x3622,0xad0e,0x20e1,0xaaef,0x3066,0xaee7,0x3014,0xa9a6,
    0x2e25,0xb850,0xa5d3,0x1f2b,0xadb2,0x2d63,0x2f40,0x2c33,0x3992,0x2674,0xab67,0xae3a,0x2a3b,0xba14,0xad17,0x2b62,
    0xb0e8,0x9567,0x2eb9,0x2d5d,0xac02,0xa552,0xaff3,0xb088,0xb4e1,0x2d54,0x34fe,0xa3b4,0x3867,0x32f2,0xb034,0x36cb,
    0x25e6,0xa799,0x2ff0,0x334a,0x34b4,0x2967,0x38fd,0x3241,0x310b,0xaac3,0xb4c4,0xb631,0x264f,0xad5e,0x34e3,0xa852,
    0xb389,0xaf7c,0xb16e,0x355e,0x35ac,0x2f44,0x2c02,0xb356,0x24f6,0x2e7c,0x2e17,0x204a,0x3525,0xac5e,0x24c3,0x2232,
    0x34b7,0x37c5,0x321f,0xb11c,0x2818,0x2908,0xb3c2,0x31d8,0x35ef,0xb08f,0x2a1d,0xa949,0xa959,0x302c,0x35b7,0xadb6,
    0xb588,0xaf70,0xab82,0x27c5,0x3012,0xac5d,0x34a6,0x2dd2,0x32ed,0x0410,0x2af2,0xa81e,0x1a86,0xa064,0x2f08,0xadcc,
    0x30e5,0x2cf6,0xaa46,0x2cb3,0xb160,0x3588,0x31a0,0x2c7d,0x2db4,0xb044,0x3a38,0x29b2,0x30e3,0xb456,0x3282,0x306b,
    0x3240,0x2d96,0xb37e,0x30f7,0xb3cb,0xb380,0x223f,0x3427,0xae6a,0xb13d,0x28f7,0xadd3,0xaa21,0x2b45,0x386d,0x9e47,
    0x3414,0xb0bf,0xb322,0xae31,0x34d6,0xb096,0xa97e,0x37f1,0xb057,0x31eb,0x30da,0xb321,0xabf8,0x330f,0xa8f0,0x31ce,
    0xaf13,0x398a,0xa546,0xb34a,0xb85c,0x32c4,0xa863,0x2a4a,0xb0af,0x28c3,0xaacb,0x31ed,0xae27,0x3237,0x312e,0xa159,
    0xb812,0xab51,0xb1e3,0xaf35,0xad8b,0xacf1,0xab4c,0x9db7,0x3189,0xb16f,0xa30a,0xb060,0x3509,0xa326,0xb13a,0x2bba,
    0xb4eb,0x3415,0x9202,0x26d8,0x3122,0xa9b7,0x21ae,0xac8f,0x3241,0x2e05,0xa536,0x26ac,0xb034,0xab06,0x2fd2,0x2893,
    0x1fa6,0x3323,0x3096,0x28ff,0xab52,0xafb3,0xad32,0xad01,0xb33a,0x3420,0x34f0,0x2c44,0x2f50,0x36e1,0x2416,0xa10c,
    0xb069,0xb0dc,0x2f3d,0x35a0,0x292e,0xa8e3,0x3cfd,0xb205,0xab26,0x2bf0,0x2c87,0x3952,0x3295,0xae20,0x3283,0xbc7f,
    0xa8e8,0xa481,0xb43b,0x3477,0x24a6,0x2ef7,0x299c,0xad90,0x188e,0xb212,0xa4bc,0x3ac8,0x31d6,0xaf13,0x2e74,0x2ed5,
    0x30b3,0x351a,0x30fe,0xad7c,0x2fee,0x3018,0xb8cd,0xb374,0x3979,0x30fb,0xb182,0xa475,0xa7c6,0x2b5c,0x3871,0xac65,
    0x283c,0xab1c,0x277b,0x2ee9,0xa8d8,0xab2e,0x2747,0xb354,0xb698,0xb665,0xb5ac,0xac07,0x3007,0x2b48,0x2c29,0xa151,
    0x2080,0xb0cf,0x3106,0x2c2d,0x29af,0x38af,0x2cc7,0x264f,0xb5ca,0x2805,0xb53a,0xb0c8,0x2da9,0x2597,0xaf86,0x2dac,
    0x25c5,0x290e,0xa8e8,0x3137,0x342f,0x303d,0x2cb7,0x3015,0xb197,0xac43,0x2a8a,0xae7e,0x301d,0xb03d,0x3af1,0xad38,
    0xa930,0xb037,0x24d8,0x2552,0x33af,0xac50,0x2e28,0x38d6,0x2dc2,0xb456,0xadd2,0xafc4,0x2dbe,0x312d,0x2341,0x2bed,
    0x27c4,0xa665,0xacb9,0x2e2d,0xb2cc,0xa8ed,0xacca,0x2c96,0x3401,0x2b59,0xb025,0xb038,0x31c9,0xb04d,0xa1ee,0xa8f7,
    0xb4d6,0xac91,0xb4b8,0x245c,0xae0b,0x2d26,0xb88c,0xac62,0xaf59,0xa344,0xb08a,0x293f,0xb1d0,0x2e18,0x2df4,0x3376,
    0xbaf7,0x33b7,0xb8cf,0x3208,0x9e8e,0x2e08,0x2ffa,0xa652,0x3243,0x2c91,0x2e3d,0xb17f,0x2da9,0x3aaa,0xb4bb,0x307c,
    0xb9f1,0xb3cf,0x34aa,0x2076,0xac60,0x3429,0xae1b,0x2ac9,0xb31e,0xb166,0xb4c5,0xaa68,0x3a1c,0xb18e,0x317d,0x3604,
    0x29b3,0x2a0d,0xaabc,0xb306,0x327c,0xac04,0x3441,0xb563,0xad4e,0x328c,0xaeae,0xb71f,0xb5d5,0x30e1,0xb01e,0x2385,
    0xac18,0x298d,0xb178,0xb802,0xacb3,0x2beb,0x296d,0x2df7,0x315d,0xb8df,0x33b7,0x2ed9,0xb6c8,0x347c,0x2c1e,0xb48b,
    0xb6fb,0x39ef,0xaff5,0xb375,0xad2b,0xb012,0xa9ff,0xac9f,0xa94f,0xb330,0x2810,0xad62,0xb244,0xb52d,0x35cd,0xadaf,
    0x2ce2,0xad35,0x91fb,0x2c2b,0xaf43,0x30b3,0xb58f,0xaa05,0x3431,0xb4cb,0xb172,0xac91,0x2fc9,0x2dd3,0xadcd,0x31b2,
    0xbb00,0x284d,0x2e21,0x303d,0xb0ca,0x26f9,0xaeae,0x34a5,0x2fe9,0x2d1e,0x2b12,0x34be,0xa798,0xabef,0xaf78,0xacd6,
    0xb4ad,0xb2ce,0x3023,0x2290,0xaf24,0x22c1,0xa652,0xb61f,0x30fd,0x2587,0xa7bf,0x340d,0xb432,0x32b2,0xb52b,0x2e4a,
    0xb400,0x28f1,0x30a3,0xa7fc,0xa523,0x26b2,0x335d,0xb460,0xb405,0x35ca,0x2d7c,0x28ed,0x2a0b,0xaaeb,0xa66e,0xb40d,
    0xae6a,0x3535,0x3135,0x3012,0xb879,0x340a,0x1b6a,0x2630,0xa2d7,0xb1e3,0x344d,0x3232,0xb0ae,0x2da7,0x3664,0xadb8,
    0xb361,0x2c59,0xae48,0xabb1,0x30c1,0x288d,0xb056,0xaea0,0xacf9,0xb393,0xa851,0xad5e,0xa835,0xa608,0xb48c,0x2d46,
    0xb4b7,0xb7f9,0x3c4b,0x2eee,0x294f,0x2e56,0x2ebc,0xaf47,0x378d,0x2790,0xb19d,0x2246,0x31ec,0x3855,0x2d24,0xae4f,
    0x2c78,0x325c,0x3488,0xb3ee,0xb380,0x2c47,0xa8dd,0xaf70,0xb4c0,0x325a,0x1fbd,0x28d7,0x31b6,0x380f,0xb406,0x34a1,
    0x3152,0xb131,0x3079,0x347b,0x307f,0x2950,0x393c,0x2ff0,0x3438,0x2d5d,0xb06e,0x3817,0xac18,0xa959,0x2ad0,0xa8c3,
    0x2814,0x380d,0xb51b,0xb8af,0x2f4e,0x2976,0xa602,0xae77,0xad5f,0xbb71,0xb0a1,0xb427,0x3520,0xb058,0x31b3,0xa68e,
    0x31f4,0x349c,0x3592,0xb42e,0x323d,0x30ab,0x320a,0xaf9a,0xb67b,0x2ad7,0xaf1f,0x23d1,0xb40a,0x32b8,0xb8c8,0x30a4,
    0xb1be,0xa791,0x2cf2,0xae22,0x322b,0xa660,0xacd4,0xb105,0x229d,0x3914,0x25e7,0x3384,0xb030,0xb0c7,0xa27a,0xae2b,
    0x3375,0xb0a4,0xb25b,0x31a8,0x29f8,0xb82a,0x24a0,0x289a,0xb359,0xaa68,0xb5fa,0x325c,0x2cb6,0xacf2,0xa93a,0x2e45,
    0x2f15,0xad4b,0xad1d,0x2f58,0xb4aa,0xac09,0xad1a,0x2f0b,0xb02b,0xaa12,0xac6f,0xb24a,0x336e,0x3062,0xb02c,0x2f2c,
    0x3100,0xa111,0x338d,0xacfb,0xb1f3,0xae3d,0x3091,0x362b,0x2e36,0xb98a,0x2eac,0x3293,0xad4b,0xa685,0xafaf,0x31ee,
    0x2bfc,0xbac7,0x2493,0xb4d5,0x351f,0x2b3f,0xa82d,0x2b8e,0xacf9,0xb64a,0xb82b,0xaf7d,0x32bf,0xa6bb,0xb4b1,0xb6ac,
    0x2e98,0xaab3,0xacc4,0xaf0b,0xb18e,0x2c86,0xb314,0xb2ed,0xac3e,0xa9f6,0x36d3,0x2e73,0x3541,0xafb2,0xa605,0xb144,
    0xb2c9,0x3026,0x32d4,0xb18a,0x3098,0x2f79,0x2830,0xad20,0x3146,0xafaa,0xb0de,0x300a,0xae5e,0x3379,0x3203,0xaee4,
    0xadcf,0x3709,0xb5e4,0x2660,0x2cb0,0xb3b7,0x2b19,0x29ef,0xafa7,0x321d,0x2735,0x241f,0xb5cb,0x2976,0xb33c,0xb326,
    0xa9ff,0xb187,0x2eef,0xa264,0xafb3,0xa970,0xbb4a,0xa4be,0x349a,0xb025,0xae41,0xa17d,0x25c3,0xac73,0x36bb,0x36e4,
    0xaec9,0xae4b,0xb236,0x3409,0x2ec7,0xa14b,0x2aa2,0x3608,0xac33,0x3750,0xac18,0xb27e,0xadcc,0xb286,0x19c6,0xb3f6,
    0xb482,0x38b3,0xb92f,0x3388,0x97ab,0xb0b5,0x36be,0x307d,0xaea2,0x2804,0x3a0f,0xa356,0xb217,0x2da9,0xb801,0xb2ce,
    0x2cb7,0x1c85,0x2d69,0xa980,0xaacf,0x9e11,0x31ec,0x361a,0x3a48,0x32c6,0xadde,0xb280,0x2ea5,0xa5b4,0xb2ed,0xa8a4,
    0xb343,0xb24c,0xafac,0xb20f,0xadc4,0xb9ad,0xad1f,0x2431,0x38d8,0xb1cd,0x3328,0x1a95,0x2fc4,0x2cb2,0x2d2f,0x210f,
    0x351c,0xa3be,0xb08a,0xb224,0xb480,0xaf1e,0xaa54,0xa0b1,0x267f,0x20d7,0xa5f4,0x95f4,0xb488,0x2440,0x3889,0x2db5,
    0x340a,0xadab,0x2189,0xa940,0x2d4d,0x28a9,0x3425,0x3289,0x2d53,0xad11,0x2d4c,0x3597,0x234a,0xad54,0xac7f,0x3046,
    0xa8d4,0xb8ea,0x28e4,0x3ccd,0xaeca,0x9d80,0x2cba,0xb05b,0xadc3,0xb432,0xb3f3,0xb57a,0x1973,0xb0cf,0xb6b0,0x35cb,
    0x30ba,0x2124,0x397d,0xac6e,0x3107,0xae8a,0xb358,0xaa8b,0xb276,0xabcd,0x3096,0xa876,0xb4e5,0x294b,0x2bf7,0x32b9,
    0x3598,0x2ecd,0x2e26,0x36ca,0xa970,0x2da9,0xaf4e,0x2a80,0x35fe,0x2d10,0xb923,0xadca,0x29a7,0x31c6,0xb58c,0xb275,
    0x3833,0xa856,0xb6bb,0x2cdb,0x2d2a,0xac43,0x2eae,0x2662,0xad6f,0xb148,0x267a,0x3114,0x2b28,0xb494,0x3380,0xb0bc,
    0x34d2,0xb302,0xa513,0xa793,0x2fd8,0x2969,0xbe07,0x29a7,0x30ac,0xa868,0x2d2f,0xab6a,0x354b,0xb086,0x24fd,0xb2d8,
    0x131a,0x2897,0xac2d,0xb992,0xabd0,0xaa75,0x230e,0x3430,0xb4be,0x3808,0x25ff,0xb6eb,0x93de,0x2d80,0xa987,0xa849,
    0xad7b,0x2fe5,0xb4eb,0xae22,0xb028,0x2e9f,0xa9ff,0xabce,0xb90e,0x2b14,0x30e6,0x2b0a,0xb434,0xb1bc,0xbaa0,0x2ad6,
    0xb2cf,0x13d3,0xa9a3,0xb4a7,0xa44b,0x3126,0xa90d,0x347c,0x333e,0x378c,0xb01f,0xb187,0xb488,0xadaf,0xa97f,0x9e5e,
    0xaf11,0x307a,0x3062,0xb31b,0x1ab9,0x39b1,0xb023,0xaec8,0xadf6,0x27d9,0x37db,0x23aa,0xac03,0xb1a7,0x321a,0xac0b,
    0x23a7,0xad3a,0x2c7e,0x263c,0x35c1,0xac4c,0x3685,0xb051,0x343b,0x32fd,0x2b24,0x2e7e,0xacd7,0x317a,0x3b7e,0x2d5e,
    0xb19c,0x2bf3,0x30e8,0x3256,0xb316,0xa5e4,0xb4d7,0x2b52,0x2ccc,0x30cf,0x3448,0x2fd7,0xb29f,0x2ddb,0xa846,0xb2c4,
    0x2f55,0x365a,0x2b18,0x343e,0x306a,0x3072,0x2c2f,0x34f1,0x2f11,0xa479,0xaa9a,0x31d4,0x2908,0xb2f7,0x35cf,0xb467,
    0x2b47,0xa5be,0xb107,0xa9c8,0xafb8,0xb059,0x3520,0x30a9,0x2b38,0xaa92,0xa01a,0x2ba4,0xb44a,0x0c19,0xb59f,0x314f,
    0xad69,0x2393,0x2b2b,0x3012,0x2eaf,0xa4f9,0x304c,0xaa2a,0x3794,0x31ba,0xa8b2,0x29b1,0x2cef,0xaed1,0xaf22,0xab18,
    0xb435,0x320a,0x2cc4,0x2861,0xb22e,0xaa77,0xace7,0xad8b,0xb3b9,0x2e6a,0x36f6,0xabbc,0xadec,0x3054,0x2ec3,0x2a89,
    0x34e3,0xa991,0x2a8c,0x37ab,0x3737,0x2db0,0xa710,0x38de,0xa0fd,0x2c55,0x313c,0x32d4,0xa361,0x2997,0xa2ef,0xb541,
    0x2c41,0xa883,0xaa6f,0x29ab,0xaca5,0xb1af,0xaaa3,0xb730,0x2bd0,0x3667,0x20d8,0xb4d8,0x3562,0xb4b1,0xaeb2,0x2a1e,
    0x2cfd,0x3403,0xa7e9,0x12b7,0x2ed6,0xaf76,0xa53d,0xb412,0xb915,0xb1ff,0xafab,0x26c9,0xae63,0x32d3,0x306a,0x2c0f,
    0xb492,0x1864,0x2bae,0x2726,0x30ce,0xac78,0xb20f,0xb26d,0xb199,0xb23b,0x2d55,0x2a50,0x2408,0x3190,0x2df9,0x2d17,
    0x34a1,0xb36f,0xb384,0xac5e,0xac1e,0x368c,0x3409,0x24c9,0xb50a,0xaf5b,0x35e4,0xac2d,0x3453,0x3442,0x2585,0x323b,
    0x33b0,0xb40f,0x9ffb,0x90bc,0x2495,0x3026,0x30dc,0x2f04,0xb486,0x2df4,0xaf6f,0xb31e,0x28f0,0x2770,0xb41b,0xb18c,
    0x303a,0xafec,0xaf05,0x278d,0xadde,0x2559,0xb5cf,0x39e3,0xb054,0x3c13,0xaa3f,0xb557,0xad22,0xb042,0x317d,0x348d,
    0x30d8,0x3918,0x28ff,0x334c,0x2253,0xad58,0x2a2e,0xac3b,0x34c0,0xb83a,0xb750,0xaa6a,0xb30c,0xb201,0x3866,0x2e83,
    0xb414,0xae6d,0x3252,0xae59,0x320b,0xad8f,0x3006,0xb1c9,0xb14d,0xa5e2,0x2c2b,0xa030,0xaa99,0xac71,0x304b,0x26c6,
    0x30e1,0xb574,0xb619,0xb5c9,0xa94d,0x300f,0xb059,0x2ded,0xb87b,0xac39,0x332e,0x9dcf,0xb154,0x374a,0x2e1f,0xae7e,
    0x3277,0x330f,0xb753,0xb194,0x308e,0x2809,0x360a,0x25c2,0xadc7,0x3186,0xaeae,0xb0f7,0x96f4,0x3080,0x2011,0xb4ab,
    0xafa9,0xa872,0xa728,0xad37,0xaa84,0x32f4,0x39d8,0x3481,0xae9f,0xae4c,0x3459,0x3309,0x2897,0x2e83,0xa50a,0xaa8b,
    0xad22,0x3945,0xaf56,0xb269,0x2fec,0x2c40,0xadd4,0x9655,0x301e,0xb1bd,0xaa51,0xad4f,0x3119,0xa725,0xa5aa,0xae86,
    0xa78f,0xaf57,0x30cb,0xb28c,0x2dd8,0x27b8,0x26e8,0x34c6,0xaf80,0xa0d3,0x30db,0xad93,0x314e,0x31fa,0xb48d,0xb45d,
    0xb03d,0x2325,0xb621,0x302a,0x3412,0x3453,0xae68,0x34ec,0x38f0,0x319d,0xa0fd,0x29f9,0x2e10,0x2c9d,0xaef7,0x295f,
    0x2eb2,0x1e16,0x33f2,0x3747,0x25b1,0x3604,0xb4b2,0x21e3,0x3891,0xa673,0x3827,0xb1be,0xb509,0xa5bf,0x32c2,0xad5a,
    0xa61b,0xb600,0x306b,0x2e3c,0x3c11,0xb041,0xa909,0xa56d,0x35bf,0x2c69,0xaec2,0x2aa6,0xa78a,0x1ec7,0xb8d7,0x344d,
    0xb831,0x30dc,0xa460,0xb0b2,0xb300,0x260f,0xb73e,0xaabd,0xacfb,0x3304,0x13f5,0x306a,0xa4df,0x3218,0xa570,0xb85c,
    0x3026,0xa947,0x2d08,0xb3ca,0x1e79,0x28de,0xab94,0x3090,0xa729,0x3cde,0x1d14,0xb8a8,0xb0fe,0x3168,0x2beb,0xb5ba,
    0xb57c,0x2e5a,0x31a9,0x2a06,0x3464,0x20a9,0x3751,0xb22e,0x2dd7,0x1ca8,0x335e,0x1fae,0xb04a,0xa486,0xadfd,0x3589,
    0x2fba,0x34ed,0xb7b6,0x264d,0xab4f,0x2158,0x257d,0x2c54,0x2fbc,0x3025,0xa493,0x3085,0x2a84,0x3446,0xb1c7,0xa9bb,
    0xb26d,0x3266,0x35ff,0xb450,0x2bb5,0x3095,0xb294,0xb07c,0xb401,0xae72,0x30dd,0x2d79,0x37f1,0x27da,0x29fd,0xb42f,
    0x31a4,0xa4dc,0x29c3,0x308c,0x3418,0xafe5,0xbdb9,0x3250,0x2d23,0x9c97,0xb49c,0xb77a,0xb1f4,0x1fe7,0x2ea8,0xa546,
    0x2e86,0x2eae,0xaf5c,0x2f8d,0x2d01,0x320c,0xa2c2,0xb2fe,0x35f9,0x3978,0x3aea,0xb569,0x36f1,0x35bb,0x3c45,0x36da,
    0x39f4,0x3739,0xb60f,0xb2f4,0x38a9,0x3a11,0x3b9a,0x3c9e,0xb146,0x3d71,0x3e2d,0x3c35,0x3d7b,0x3b94,0xbe36,0x389a,
    0xb9a2,0x3cf9,0xb80e,0x3a69,0x35c8,0x3a6d,0x3c5a,0x3940,0x3c24,0x37ab,0x3487,0x365a,0x3a79,0x3c7d,0x3985,0x3b97,
    0xb372,0x38a1,0x36a1,0x3839,0x3b74,0x2a8a,0x3942,0x383c,0x3ae4,0x3192,0x2e3d,0x38ef,0x3cc6,0x3d4a,0x3dd4,0x3c3d,
    0x3cf2,0x3515,0xbbbb,0x39f0,0xb166,0x2e45,0x3a5e,0x33e7,0x32b6,0x3c13,0x3ab4,0xb689,0xaff0,0x3ac3,0xbdd7,0xb870,
    0xa6ce,0x399b,0x392b,0xa863,0xb926,0x3d38,0xb8b4,0x3c01,0x3d74,0x31d1,0x3a6e,0x9445,0x3b21,0x3888,0x3b71,0x3c50,
    0xb2d2,0xa55b,0xbba4,0xac21,0xa7be,0x35c3,0xad74,0xb270,0xb4c2,0x259b,0x2cd2,0xb8d3,0x38c6,0x3813,0xb3e2,0xad0b,
    0xb030,0xb681,0xb01b,0x364c,0x2ff8,0xad52,0x283f,0xbf13,0xbc9a,0x4184,0xbc1a,0xb47e,0xae1e,0x3872,0xb900,0xa4bf,
    0xb217,0x2bd5,0x3037,0xb75d,0xb679,0xba41,0x3c93,0x36db,0xb435,0xb2c4,0xb183,0xaed2,0xb9f4,0xb259,0x312b,0xb90c,
    0xb678,0x35c0,0xaca8,0xb772,0xb8d5,0xc015,0xb039,0x215f,0x3655,0xb909,0xb813,0x373d,0x1de2,0xb55d,0x3402,0xadb3,
    0xb7e2,0xb0d6,0x2fdd,0xb2e3,0x3bfb,0xb0ef,0xa96a,0x3034,0x39db,0xb4b0,0x3875,0x3939,0xb839,0x3b69,0x2b77,0x28eb,
    0xb930,0xb4eb,0xb8ba,0xb066,0x319d,0xb160,0xb5ee,0xb83b,0xb55b,0xae01,0xbc46,0x3545,0xa53e,0xab66,0xb009,0xbb2a,
    0x30a5,0x28f1,0xaa86,0x2b31,0xbc2f,0x3ebf,0xb59f,0xb548,0xb6c6,0xb07b,0x3612,0x2adb,0x3c68,0xb705,0xb1c9,0x3c2d,
    0x3b10,0xbec0,0x3df9,0x29b0,0x103e,0xbf53,0xb9a8,0xb6ba,0xb50a,0x2f8f,0x3813,0xb868,0xba42,0x3233,0xb03b,0x3d73,
    0x3303,0x3c38,0xb6eb,0x9d1b,0xbc6c,0xb490,0x36f1,0x283c,0xb596,0x3d3c,0x34c9,0xaf4d,0xbad6,0x3d06,0xb190,0x2b05,
    0x3524,0x3d14,0xad5d,0xb3b1,0xa92f,0xb493,0x353b,0xb5c4,0x3009,0xbe45,0x3a74,0x33eb,0x3b68,0xb3ce,0x3154,0xb703,
    0x3f6e,0xb13d,0x3d43,0xb269,0xb5be,0x300e,0xb77d,0x3573,0xbdbe,0xb07f,0x3aef,0xb5f3,0xb82f,0xb6a8,0xbe00,0xb904,
    0xb54d,0xa8aa,0xb661,0xadaf,0xa9c7,0x94ba,0x2743,0xb180,0x3150,0xb415,0x35f2,0xb4fd,0xb978,0x2a71,0x2c9a,0x311a,
    0x2ffe,0x35a4,0xb367,0xb76d,0x37d5,0x3215,0xaab9,0x3181,0xb4f1,0xbc23,0xbb54,0x2892,0x3905,0x34b5,0xb1d2,0xafc4,
    0x274e,0x2821,0x2ba7,0x30b2,0xb237,0x370c,0xbe63,0x324f,0x20e8,0xb88f,0xaaa5,0xb21a,0xb62b,0xb0b3,0x2e0f,0xb6ff,
    0x2364,0x3778,0x2f53,0x3489,0xb422,0x36aa,0xacd3,0x2a8b,0xb444,0xb951,0xb66d,0xb819,0x2599,0x34bf,0x1e67,0x2a32,
    0xb057,0x3018,0x328c,0x37ae,0x2fcc,0x31bf,0xab81,0xac35,0x3ce1,0x38b7,0x3504,0xb179,0x3182,0xbcbb,0x241a,0xa962,
    0xb792,0xb1f3,0xb911,0xa7e8,0x2c01,0x33f3,0xb738,0xaffb,0xb6eb,0xb051,0x3827,0x31a5,0x3789,0x4125,0x4267,0x3cce,
    0xb9ef,0xb9ba,0xb93e,0xb723,0xb58b,0xb2e5,0xb572,0xb9a2,0xb734,0xc0af,0x3092,0x40fb,0xb488,0xba66,0xb941,0x3a81,
    0x2fe0,0xc1dc,0x30ef,0xc0e4,0xb229,0x2ecb,0x9fdd,0xabec,0xb687,0x34d1,0x3ce7,0xaf16,0x2d79,0xbea4,0xb69a,0x3752,
    0x332b,0xbf0d,0xb8ef,0xac78,0xb80e,0xb1dc,0xba1c,0xb332,0xb3c7,0x3008,0xae95,0xbe10,0xac8f,0x3fcb,0xb9aa,0xbf09,
    0xb72b,0x3f90,0x34c1,0x404b,0x2d94,0x3ade,0x3c97,0xb43c,0xb804,0x30ea,0x3bd9,0xb556,0x30e7,0xbf5f,0x2f0e,0x3a33,
    0xb655,0xbaa7,0xb535,0xba52,0xb733,0x3ef9,0xba9b,0xb131,0x3bcb,0xb3db,0xb4ff,0xb52a,0xb939,0xbdbd,0x38c1,0xa632,
    0x4051,0xb19d,0x3df4,0x3909,0x3b6e,0xc11f,0xb2f1,0x36f1,0xbacb,0x3802,0x2c26,0x3935,0xad64,0xbe27,0xb47c,0xbc56,
    0xb83f,0xad4a,0x3787,0xbc57,0xbaab,0xbdce,0xac70,0x2b7d,0x44e6,0x3f83,0x4607,0x3895,0xb81b,0xc0db,0x2fcb,0xb588,
    0xb45a,0x3737,0xb509,0xbb7d,0x4288,0xb168,0x2b86,0xbc8b,0x3bd1,0x3acb,0xbc59,0xbde3,0x3958,0xb172,0xbfab,0x3ece,
    0x36b4,0xbdd7,0xb265,0x35a9,0x3ad6,0xbcfe,0xb70d,0xb1a0,0xbd1c,0xc1d9,0x4416,0xacfe,0x3511,0xbce7,0xc09e,0xbb3f,
    0x31d0,0x3f42,0xa81f,0xbbc3,0xb2b4,0xb22d,0x3a1d,0xc159,0xc0f5,0xbfd6,0xbe5b,0xbe20,0xb8d4,0x3158,0x322d,0x327c,
    0x3bdc,0xb2ba,0x3cc2,0xb014,0xc014,0x3482,0x35ac,0xb66b,0xb9ea,0xab97,0x3601,0xa978,0x3120,0x39d2,0xc19c,0xba9c,
    0xb312,0x3b27,0x3875,0xb4b1,0x3968,0x3099,0xb299,0xb683,0xb08c,0x4128,0x3682,0xbd40,0xac52,0x3cc2,0xb534,0xb07f,
    0xb7fb,0x3bf3,0xb4ae,0x4070,0x3836,0x3a8a,0x3530,0xad4f,0xadc5,0x3109,0xbace,0x2aa7,0xb9c2,0x400d,0x3443,0xb2a4,
    0x2d47,0xbdad,0xb7ef,0xb4fc,0x3b63,0xb187,0xb81c,0xae25,0x35a6,0xa9bf,0xb1d0,0x3d46,0x3819,0xb912,0xb66f,0xbd1a,
    0xb6f3,0x39b4,0xb72a,0xbf96,0x30a3,0xbb1d,0x32d2,0xb5c2,0xb83c,0xadec,0x38a3,0x3ed2,0xb2ab,0x406c,0x29f2,0x37ab,
    0xabca,0x3e35,0xb316,0x3c54,0x2bfe,0xbfc3,0xbc1a,0x2861,0xaf75,0xb17a,0xbc89,0xb4bb,0x3f68,0x3d39,0xb491,0xae8a,
    0xb803,0xaf59,0xac40,0xadbc,0xaf5e,0x3122,0x3012,0x3ae0,0xa743,0xb42e,0xb566,0xb534,0xaeb7,0x2a17,0xb23e,0x2f9d,
    0x314e,0x2dfa,0xb0ff,0x00c3,0xae47,0x2760,0xb435,0x3249,0xb1d8,0xb713,0xb8ff,0x2e02,0xb431,0xacfd,0x3095,0xb45d,
    0x2ccb,0xa7cb,0x32c6,0x2551,0xbb87,0xb5a1,0xb74a,0xb596,0xb006,0x318a,0x2575,0x3386,0x2d55,0xb1fc,0x37cd,0xb8aa,
    0x2411,0x1918,0xabd6,0xb57f,0x34ec,0x2a58,0xa596,0x378f,0xac2f,0xb5bd,0xb09f,0x316e,0xa6b8,0x384f,0x38d2,0x34de,
    0xb129,0x2683,0x3136,0xb342,0xb538,0xa851,0xa99a,0xb222,0xb4c1,0x34dc,0x2dc0,0x2b9f,0x3845,0x350f,0x3206,0x3012,
    0xb03c,0xadf9,0x2d4a,0xb0ab,0x384f,0xb0c1,0x350f,0xb4e8,0x37c1,0xb401,0x38a0,0xa681,0xad59,0xb584,0xa82a,0x344f,
    0xb006,0x2501,0xb489,0xb507,0xb4b7,0xb5d0,0xb564,0xb678,0x30c9,0xb706,0x3624,0xb5e8,0xb1ee,0x36d3,0xb2a7,0xb548,
    0xbb99,0x38e0,0xb1d7,0xb159,0xb10d,0xad86,0x335e,0xb8a8,0x21a6,0x31d7,0xb8cf,0xb03e,0xbbe9,0xa6b3,0x3442,0xb89f,
    0x2e1d,0x31d7,0x21aa,0x3ee7,0x312e,0xb26c,0x3bd8,0xb29f,0x3554,0x94a6,0xb460,0x309a,0x37c0,0xae3f,0xb322,0x344c,
    0x359d,0x38eb,0xb2e2,0xa3ba,0x1e79,0x3b4a,0xbb51,0x24d5,0xaa30,0x2d80,0x3b8f,0xb79d,0xa6c8,0xb682,0xa67a,0x280b,
    0x23a2,0xb76b,0xac07,0x3a99,0xba88,0xb0d6,0xb87e,0x32e1,0x3a37,0xb627,0xb487,0xb4e2,0x38d0,0x2e25,0x3c3f,0xb27b,
    0xb85e,0x2940,0x2e7c,0xaa6c,0xaeb2,0xad31,0xb18e,0xad9f,0xad1f,0xac54,0x2b24,0xb848,0xb2b0,0xae37,0xa990,0x2c22,
    0x3044,0x367e,0xb0fc,0xb4ee,0x296f,0xaba5,0x23a3,0x305e,0x33b0,0xb655,0xb34d,0xaa56,0x2d46,0x33b0,0x23cc,0x301b,
    0x2bae,0xaaf1,0xb09a,0x2915,0xb65c,0x34ef,0x38b4,0x14ce,0xaaa6,0x2e02,0xac1b,0x339d,0x350d,0xadea,0x3188,0xb5da,
    0x32fd,0xb23d,0xa0dc,0x34d6,0x2d04,0x3008,0x9e4a,0x2c31,0x351e,0xb69b,0xb0c9,0xb08c,0xa9f4,0x32e6,0x3464,0x316c,
    0xb632,0xa5ae,0xb491,0x2e1f,0xad76,0x3607,0xa9b3,0x2c6a,0xb565,0x107c,0xaf7d,0x3372,0xb672,0xb01f,0x3288,0xa0b6,
    0xab9c,0xb126,0x37ba,0x24a1,0x3407,0x3169,0x33b2,0xaed4,0xb44d,0x3a9c,0xba6e,0xbbbf,0xb996,0xbcfd,0xaa64,0xb5d7,
    0x3de8,0x33c7,0xae0a,0x3db8,0x40e1,0xaf54,0x3881,0x4046,0x3ac5,0xab43,0xbcce,0x34ac,0xb2a7,0x3b53,0x3bf0,0x353f,
    0xb5f2,0x333a,0xbb52,0xb1ae,0xa813,0x3dbc,0x3c0f,0x3ee8,0x4067,0xb9b5,0xb8c1,0x3eb6,0x3c05,0xa2cd,0x3fd8,0xb025,
    0xb949,0x4058,0x3e3c,0x27fe,0x390b,0x3c20,0x3c70,0x3dd7,0xb4d2,0xb506,0x3bcb,0xa91d,0xb792,0x2648,0x3fc0,0x4084,
    0x31a6,0x3940,0xb64d,0x2c3e,0xaa96,0x2a43,0x2507,0x3e2a,0x3f19,0xb00d,0xc366,0xb7fe,0xba5a,0x29e7,0xb930,0x3fda,
    0xb40b,0x36db,0x2d48,0x2fed,0x40ea,0x2d04,0x3d7d,0xb743,0x283f,0x3ab5,0x2f48,0x3cdc,0x2b01,0x29b6,0x2b03,0x3eb2,
    0x2deb,0xaffd,0x2de5,0xb1a4,0xb25e,0x30d1,0x3691,0x2b6f,0x1e00,0xa41c,0x2c74,0x3470,0xabcb,0xac0c,0xb142,0x32aa,
    0x2c6a,0x35d3,0xb785,0x9ba9,0xaaec,0xaf4e,0xb04c,0xb132,0xb370,0xa987,0xac7f,0xb20f,0xb175,0x3013,0x30c6,0xa870,
    0x2c3c,0x2763,0x352a,0x2f48,0x2c2e,0xad0b,0x2265,0xb026,0xa412,0xa402,0xb6d8,0x3279,0xafb8,0x1100,0x2c66,0x31e8,
    0x2f40,0x2a86,0x3264,0x315e,0x2f2b,0xb105,0xa4cd,0x32ef,0xaef1,0x318a,0xb1e4,0xacb3,0x30f8,0xa750,0xaada,0xb18f,
    0x2f98,0xadb4,0x3610,0xab46,0x2b9d,0xb470,0x2279,0x37ab,0xb0ff,0x2efb,0xb410,0x3170,0xb241,0x2b34,0xac43,0xaa5d,
    0xa5a9,0x348a,0x359c,0xb100,0xa453,0xb064,0xab80,0x29f9,0x2c72,0xa2c6,0xb47b,0x2bdd,0xb395,0x2a4d,0x3099,0x35dd,
    0x2559,0x33f1,0x9ed5,0xab40,0x33a0,0xac2d,0xb20f,0xa68e,0x24b0,0x37c8,0xacf4,0x3430,0x276c,0x2f4e,0xb634,0xa7cb,
    0xad1c,0x9ba7,0xae8c,0xb0b4,0xb49c,0x9f0c,0xae63,0xa586,0xaa55,0xafd5,0x2da0,0xa5ee,0x20f9,0x2a3c,0xb09b,0x3671,
    0x2ffc,0xb4c8,0xa513,0xb396,0xb0f0,0xb32d,0x2395,0x393f,0xadb8,0xb476,0xb055,0xb608,0x2524,0xb23f,0xa7d0,0xb419,
    0xa0c8,0x2b0d,0x33e1,0xac34,0x2c37,0x35b4,0x343a,0xaf95,0x3183,0xb7ba,0xa907,0xb358,0xb4c5,0x2a5d,0x3657,0xb014,
    0xac10,0x2969,0x2c69,0x3471,0x3278,0x273a,0x270c,0xaf6e,0xac5a,0x2a1f,0xafa2,0x36d3,0xae65,0x2c8b,0xb21f,0x30fd,
    0x2b81,0xb4de,0x29d5,0xb1ff,0xae42,0xacff,0x24bc,0xa871,0xb464,0x38f2,0xb0f7,0xabc5,0xabc1,0xad86,0x2da4,0xae0e,
    0xb103,0x2e8f,0x208e,0x300c,0x303d,0xa099,0xa208,0xb6b4,0x241d,0x355f,0xb21c,0xb704,0x2fa0,0x2d55,0xb34b,0x2eaa,
    0x3630,0x3671,0xa7da,0x25c7,0xb5c1,0xb071,0x2c60,0xad78,0xb0cb,0x31a3,0x30bc,0x2885,0xa9a5,0x34f5,0xb118,0xaea5,
    0x35e8,0x2c87,0x2ea1,0x2d89,0x3455,0xa939,0x32e9,0x2f0b,0xb31c,0x2f3d,0xb465,0xacf9,0xb417,0x252e,0xa9dd,0x2c8b,
    0x276e,0x276e,0x28a6,0xb452,0xaf7f,0x2fbd,0x23da,0xb42c,0x2d48,0xaee8,0xb4ec,0xb17c,0x302c,0x2597,0x30c1,0x2c38,
    0x34d5,0x2a5c,0x2cdc,0xb102,0x3356,0x296c,0xa739,0x3026,0xaafb,0xb49f,0xb1f7,0xb180,0xb5bc,0xab87,0xb1ae,0xb0c9,
    0xb42e,0xa929,0xb1d4,0x3060,0xafe8,0x2e17,0xb2fd,0xae4a,0x32de,0xaf1e,0x23f3,0xac7d,0x27c0,0xb1b3,0xaa95,0xb141,
    0xacff,0x2ebe,0xb153,0xb80f,0x3099,0xabcd,0xb3b1,0x1f7f,0xb5f4,0x9823,0x34bb,0x9e7d,0x0c3c,0xb372,0xb0d1,0xac28,
    0xb2f7,0xb4c6,0xb1a8,0xafe5,0x9cfa,0x32fa,0x3164,0xb364,0x3249,0x29cb,0x331c,0x3573,0x31e0,0xb270,0x3506,0x30b7,
    0xb020,0xb4a6,0xb0ce,0x32b1,0xa15c,0x2cd5,0xb1f1,0xad76,0x232f,0x2cf8,0xa7e7,0x9cfe,0xaa25,0xb413,0x2cac,0x3383,
    0xb4e6,0x2c68,0xaac4,0xb11e,0xb3c5,0xafa8,0x2e5c,0xb7ef,0x34b3,0x375b,0x2ceb,0xa12c,0x3291,0x30ea,0xb053,0xa34e,
    0xa97c,0xb15a,0xb324,0x9773,0x3143,0x34f3,0xaf81,0xb5bf,0x32e6,0x95e5,0xb41d,0xaa15,0x2e4b,0x2edd,0xa594,0xb2e8,
    0xaf5b,0x3612,0xadb2,0xb5c9,0x9df1,0x2f76,0xa160,0x35ca,0xb88d,0xb533,0xad1e,0x346d,0x3047,0x290f,0xae35,0x3174,
    0x26fd,0xb091,0xb658,0xb123,0xb18a,0x2fe9,0xb357,0xae5f,0xa8fc,0x3518,0xb0da,0xadae,0x2f2b,0xb08d,0x26a0,0xae4a,
    0x2bcc,0xad6a,0x2eba,0xac33,0x2fde,0xaf45,0x310f,0x2c88,0xa3c4,0xac96,0x34df,0x1c8e,0x309a,0x35f3,0x34ca,0xad78,
    0x3240,0xb731,0x2c7b,0xb144,0xb50e,0xb35d,0x3280,0x23e7,0x2a18,0xb013,0x2e34,0x26ea,0x3699,0xa11e,0xaf05,0xab57,
    0xb0d7,0xb010,0x311e,0x33d8,0x3225,0xaafb,0xadab,0xb332,0x2b79,0x3717,0x1882,0x306b,0x2dc2,0x29e8,0xb61a,0x321a,
    0xb2d5,0x296d,0xb309,0x30ae,0xb1e4,0x3342,0x28ea,0xb4c0,0xb878,0x3401,0x2bf8,0xb3de,0x2933,0x2c70,0xac7b,0x2bf8,
    0xa8fe,0xb547,0x32be,0xada0,0xa9fc,0xa522,0x334d,0x291d,0xaf6a,0xaff9,0x3297,0x2d85,0x302a,0xb51a,0xaeae,0xb389,
    0x327a,0xa44c,0xaa0d,0xb223,0x31e2,0xa7be,0xa3a1,0x306d,0xa7be,0xb66f,0xaf63,0xa351,0x327e,0x2ad5,0xb3cf,0xb12c,
    0xb1d2,0x33cd,0xb366,0x2f75,0x2d5e,0xaedf,0x3050,0x2bce,0x2977,0x33ad,0xb3a0,0x9ce2,0x32ec,0xa915,0x2a87,0xb6d0,
    0xb15c,0xab3b,0x2e89,0xb02a,0xb6a8,0x241e,0x2c6b,0xb21a,0xb5c0,0x34aa,0xab25,0x2342,0x2e79,0x2f13,0x302a,0xb0e2,
    0x2ed8,0xadf6,0x2f98,0x2e01,0x3122,0xac08,0xad07,0xb2b1,0x2d93,0x3750,0xaaaa,0xa0aa,0xaed3,0xb076,0xb4c7,0xac0d,
    0xb133,0x312e,0xb18f,0xabbb,0xaf24,0x2e9a,0xb2d1,0xae74,0xade8,0xaa27,0x3164,0x385f,0xac82,0x9c54,0xa715,0x3266,
    0x3145,0xae11,0xaf70,0x33b3,0xa82f,0x350f,0x2dfd,0x2abd,0xac4a,0xb4d1,0xad69,0xaaf8,0xa45d,0xb5d5,0x2e47,0xb31d,
    0x2ab6,0xa254,0xa8f5,0x3173,0x3524,0xad68,0x269d,0x2c49,0xb4d6,0x2ed3,0xb0da,0xa818,0xb4b8,0x2a6e,0x301a,0xb342,
    0x27b5,0x2ce0,0x3308,0xb3f9,0x2f23,0xa8af,0xab7c,0xb255,0xb2a3,0x2812,0x32e4,0x337f,0xb38b,0x2d60,0xb149,0x2d85,
    0x3117,0x2cbf,0xb4c0,0xa538,0xaef2,0x2ca4,0x2ee6,0xb457,0x31df,0x34a0,0xadd5,0x2655,0x2d64,0xb5b4,0x287b,0x2d38,
    0x3434,0x3025,0x3207,0xaf52,0x3554,0x1dc1,0x2fb1,0xb319,0xafb4,0x37c0,0xb012,0xaa37,0xa80b,0x2b59,0xb231,0x31f0,
    0xad21,0x2e17,0x2bf5,0xacc1,0xb0f8,0xa340,0xac4e,0xa8dd,0xb34d,0x345e,0x333d,0xac9b,0xaeba,0x3627,0x2823,0xa863,
    0x30dd,0xb5c1,0xaf8a,0x2f5c,0xb4a0,0x2ec1,0x2c69,0x3101,0xb3c4,0x32e4,0x2d32,0x3326,0xa3e9,0x3157,0x326a,0x1b3b,
    0xaf5d,0x2c7d,0xb123,0xa64b,0x358a,0x2d9d,0xb4c7,0x2859,0xb152,0xb0d7,0xa5e6,0xad00,0x2ca5,0x2216,0xb25a,0x34c1,
    0xb080,0x34d8,0xabf6,0xa4cf,0xb20b,0x308f,0x2d4e,0x3180,0x2be6,0xa8ed,0xb087,0x99e6,0x3430,0x9cb9,0x323d,0xb734,
    0xb092,0x34a0,0x3583,0x169c,0xb533,0x20a3,0x2f53,0x383c,0xafb4,0xac54,0xb2ae,0xabc4,0x3726,0x2147,0xb644,0xa915,
    0x2e67,0xa72c,0x32b8,0xb077,0x1c8c,0x301e,0x31c1,0x306a,0xb06c,0xadd5,0x341b,0xa372,0x3542,0xaaab,0xb2ed,0xa88c,
    0xb173,0xb0a8,0xb2a4,0x344b,0xae43,0x28fc,0xafe8,0x32cb,0xb2a9,0xb590,0x31fa,0x2d51,0x2dcb,0xad73,0xb283,0xa9fa,
    0x284e,0xb601,0x30e2,0x3240,0x20d2,0x2c21,0x3185,0xb114,0x96f4,0x304d,0xb60e,0x3353,0x3476,0xaf9a,0x3093,0x31c6,
    0x2d34,0x2ca2,0xadc3,0xb176,0x356c,0xa059,0x9739,0x9d89,0xb385,0x3551,0x30f5,0x2e7b,0x2636,0xb34b,0xb5a1,0x34ed,
    0xb253,0xb9ee,0x2f09,0xab68,0x9c6f,0xa858,0x290f,0x2db8,0xaecd,0x31a9,0xb19b,0xa2a3,0xae99,0x3080,0x2cf3,0xb231,
    0x279d,0x360f,0x3396,0xa97b,0x22cf,0xa846,0xb2a5,0xafb9,0x2486,0xabe9,0xb048,0xa802,0xb024,0x3151,0xb0af,0xb47e,
    0x2acd,0x369f,0xb126,0x2d14,0xb459,0x31fb,0xb2da,0xb219,0x3211,0x293a,0x3007,0x3026,0x2e33,0xb0c2,0x2dc4,0x2de6,
    0xb60d,0x2e56,0x2155,0x2eac,0x30ee,0x2df4,0x0210,0x2ec4,0xaac7,0xafb8,0xa580,0xb29b,0x2ebd,0x1f98,0xaeeb,0xb834,
    0x2bef,0x1d71,0xac7e,0xb571,0x3250,0x2d69,0xaaa3,0x327d,0x3499,0x35ca,0x9dba,0xb0fb,0xb155,0x31b4,0x31ea,0xb0a3,
    0x263a,0x34fb,0x34b3,0xb416,0xb4fd,0x1e1f,0xae2d,0x2ea5,0xb1ff,0xa724,0x2208,0x3355,0x2d37,0x3180,0x25e7,0x3444,
    0x32cf,0x3396,0xafd0,0x3440,0xad50,0x30a3,0xa3c8,0x283e,0xa204,0xb522,0x3447,0xa656,0x2e83,0x32dd,0xa6a4,0xa31c,
    0x2ee1,0xb2c5,0x9fbd,0xb2d3,0xb3a4,0xb141,0x31c1,0x245e,0x3338,0xb4f0,0x251a,0xb070,0x3453,0xaeed,0xaf1b,0xac0f,
    0x2e49,0x2266,0x2e97,0xb7a5,0x2b03,0x2f37,0xab69,0x3810,0xa5f6,0x2e3c,0x30ff,0xb161,0x346d,0x1c1c,0xb531,0xb564,
    0xaf6c,0xb407,0xb389,0xb1e8,0x26db,0x3412,0x2ed2,0xb430,0xb336,0x31d4,0xadd8,0x3520,0xb10c,0xa511,0x33c8,0x2290,
    0xa843,0xa9ba,0xb1c0,0x33c1,0x2d21,0x33aa,0xb40f,0xaf9d,0xafe5,0x2694,0x331d,0x2c41,0x2e91,0xaf55,0xad5a,0x31dc,
    0xb32f,0xaa48,0x25fb,0x34fd,0x2bf4,0xae7e,0xac6f,0xa958,0x2ca9,0x3529,0xa03a,0x3145,0xb0e0,0x2e7b,0xad48,0x28bf,
    0xb65a,0xb662,0xafbb,0x2ef9,0xab62,0xacf6,0x2e79,0x9d23,0x3391,0x246d,0xb2b4,0xb7fc,0x330c,0x206b,0x2d80,0xace5,
    0xa929,0x306b,0x3288,0xae4a,0x2fc7,0xb3c8,0xb433,0xa915,0x24b3,0x27ce,0x2fed,0xad26,0xa38a,0xa7d3,0xb57f,0xad06,
    0xb520,0xafee,0xabaf,0x3498,0xb19e,0xae16,0xb7c4,0xa4ad,0x9d25,0x387e,0x2147,0xb2c9,0xa8e5,0x25c7,0xaee1,0x2909,
    0xb10e,0x386c,0xb44c,0x2ff2,0x3854,0x1d73,0xb615,0xb542,0xb0c7,0x30f2,0x3404,0xb13e,0xb264,0xaa8b,0x2b07,0x2ded,
    0x1b07,0x2c7e,0x2c2a,0x3310,0x30df,0x31ff,0xaeb3,0x2658,0x2823,0x302f,0x185e,0x3552,0x242d,0xa65f,0x32c2,0x302b,
    0x2c58,0x2caa,0xb02e,0x26b0,0xa48b,0xb132,0xaf1f,0xaf95,0xb01b,0x31d3,0xaee9,0x31d8,0xb4d2,0x36eb,0x3559,0xb072,
    0xae16,0xb58b,0x29bf,0x1d65,0xae25,0xb1c9,0x2f4a,0x9ef7,0xae13,0x335a,0xaf0c,0x25f0,0xad6c,0xaf20,0xb4ba,0xb4cb,
    0xa19c,0x358f,0x300c,0xa972,0x3381,0x2d45,0xac27,0x2260,0xb20a,0xaa6d,0xb6e7,0x2b41,0xaa6f,0x3435,0x2efd,0xb27a,
    0x3531,0x312f,0xaed0,0xb501,0x9c78,0x2463,0x329e,0xb5b1,0xaab6,0xaa2a,0xacde,0x2898,0x32df,0xa71e,0x2d85,0x2fe8,
    0xafce,0xa8ff,0x302b,0xabb5,0xae3a,0xb6a4,0x324f,0x3491,0xad38,0x3470,0xacd4,0xb5d7,0xafb0,0x2ee3,0x2c87,0x3093,
    0x3142,0x2d57,0x2726,0x3518,0x3583,0x1f39,0xaabc,0x2f12,0x3400,0xaf93,0xa435,0xb1f6,0xade9,0xb273,0xae14,0xb103,
    0x22a4,0xb1dd,0xae70,0x36fe,0xb571,0x2dfe,0xa9ae,0x35c8,0xa62c,0xa321,0x3163,0x3356,0xad2b,0xb247,0x30bb,0xb1de,
    0xb2f6,0x2749,0x21c1,0x342f,0x30b3,0xb1eb,0x9dc5,0x339b,0x2b97,0xa820,0x31e7,0x31cf,0x2d41,0xaf3d,0x2cbf,0x2862,
    0x3573,0xb1b6,0x303e,0x33fb,0x32fe,0xb49b,0xb312,0xb2bb,0xa3ed,0xaf62,0x34c8,0xa918,0x2d2e,0xb57f,0xa270,0x2894,
    0xae5f,0xadf3,0x3130,0x205e,0x32c2,0x3289,0x23bf,0x345d,0x29d4,0xb2f8,0x34b3,0x2ea5,0x3191,0x3220,0xb396,0xaae9,
    0xa852,0xadae,0xb516,0xacf7,0x263c,0x2d7d,0x298f,0x3473,0x1f95,0xb03f,0x3271,0x29aa,0x3009,0x35e1,0x2f9b,0xa4e9,
    0x2db0,0xb3fc,0x2cb7,0xb12f,0xb60c,0xb0d7,0x3235,0xb0d1,0x26da,0xb530,0x30bf,0x2891,0x340f,0xaa26,0x2bd5,0xac99,
    0x2636,0xae11,0xab42,0x3272,0x2d37,0xafe4,0x2eef,0x3465,0x2c05,0x2532,0xb438,0xae8a,0x3061,0xa568,0xaf3f,0x3062,
    0xb4c0,0xb0f4,0x356f,0x325d,0xb216,0xb240,0xb433,0x3649,0xb10b,0x2ec8,0x353a,0x3458,0xb443,0x34d7,0xad33,0x30f8,
    0x2ef5,0x2c42,0xacee,0x323b,0xb1bb,0xa87e,0x9c8f,0xa413,0xae29,0x2536,0xae60,0x3411,0xaafb,0xaae6,0x9032,0x9164,
    0xb1d2,0x33a8,0xa916,0x2ff5,0x3288,0x3062,0x2e4d,0x9e7f,0xb023,0x3885,0xb1e3,0xb1fe,0x2288,0x316e,0xb214,0x2c6c,
    0xb470,0xad72,0xb1b4,0x310b,0xac88,0x2cf2,0xb464,0xb288,0xb0ad,0xae4c,0xace1,0x2c36,0x2d99,0xb0ea,0x176b,0xad32,
    0xb4a5,0x318f,0xb4d6,0xa896,0x35b8,0x9f25,0x343c,0x25b4,0x2496,0x30de,0x3177,0x2e6a,0xb058,0xb755,0x35a1,0xa619,
    0x332c,0x386c,0xabef,0x2c0a,0xb27a,0xac3a,0xb0db,0x2c4e,0xb58d,0x382b,0xac87,0x2c35,0xa6cf,0x2bd6,0x3492,0x3351,
    0xb1de,0xb35f,0x29d8,0x2bd8,0xaf4c,0x1601,0xa7c4,0x31dd,0xac1b,0xb3ad,0xa36f,0x328d,0x9b68,0xa70f,0xb02f,0x234a,
    0x2b7d,0xb54b,0xb1e2,0x2f21,0x3522,0x2916,0x2d40,0xb47c,0xb04c,0xa60d,0xab7e,0xb058,0x3514,0xb259,0x3751,0xaf5c,
    0x31e3,0x366d,0x3129,0xac25,0x3289,0x2fa0,0x2fc2,0xac2d,0xb2ea,0x34e4,0xb336,0xa903,0xb252,0x2850,0x2fd4,0x2f5b,
    0xb4b5,0x3055,0x2ebf,0xae8c,0xa9cb,0xa8ce,0x3146,0xb4d2,0x264b,0x3156,0x2d17,0x1962,0x221a,0x32da,0x30ad,0xb376,
    0xb0b9,0xb822,0x3048,0xacf8,0xb1c0,0xa6d8,0x2884,0xb099,0x29de,0x3158,0xadbf,0x31db,0x32a9,0x3376,0xaa0b,0x30fa,
    0xab42,0xb42e,0xa612,0xa7ed,0x3068,0x322c,0xb012,0xb4f7,0x12de,0x3580,0xb10a,0xb12e,0xa87d,0x1d39,0xb3ff,0x35a7,
    0x9fc5,0x238c,0xb086,0xb017,0xb03f,0x300a,0xb406,0x301b,0x2952,0x3465,0xa849,0xb08d,0x28a1,0xb287,0x2352,0xb57c,
    0xa9aa,0xb39e,0xb37c,0x24c7,0x316f,0xb4c4,0x194a,0xb147,0x2e43,0x3710,0x22f9,0xaa56,0x2fae,0xb32a,0x3292,0xadc4,
    0xa5bf,0xb215,0x3475,0x32ac,0x2451,0x30f2,0x2603,0x3200,0x229b,0x808d,0x277f,0xab3c,0xaf7d,0x2c05,0xac6c,0x3a66,
    0xb273,0x2b39,0xa86a,0xa5de,0xa5ad,0x302c,0xabfe,0xb4e0,0x341b,0x2d82,0xae0d,0xb4e5,0x2b38,0x3319,0x92d1,0xb6a3,
    0xab1b,0xa453,0x1c6f,0xb100,0x2d8b,0x28cc,0x1ce5,0x2ce8,0x304b,0x3890,0x2811,0x21c7,0xae00,0xa828,0x3418,0xac73,
    0x2a7c,0xa4f9,0x3453,0xb604,0xad5b,0x30ad,0xa9d0,0x9cd0,0x3346,0x3219,0x2151,0x3399,0xab0a,0x31f2,0xb6b8,0xb433,
    0x2948,0xad83,0xac58,0x308a,0xb0da,0x32b3,0x3287,0xb3bd,0x2a04,0xb078,0x02c3,0x311d,0x2c9b,0xb2a0,0x2dd8,0xabf0,
    0x3340,0xad7e,0xa10c,0x2d14,0x3347,0x3349,0x28b4,0xacdd,0xa92e,0x3400,0x2f5f,0x2d64,0x3422,0xb85e,0xaf61,0x34a9,
    0xab12,0xb451,0x3097,0xb26f,0xaa43,0x304a,0x26a8,0x3715,0x1db0,0xb748,0x2d96,0x31fb,0x9afa,0xb2d1,0x3545,0xb0ae,
    0x312e,0xada1,0x3792,0x274d,0x34af,0xb543,0x2e0f,0x2e4e,0x2ce1,0x2a6e,0x29db,0x2b2d,0xaffb,0x312c,0xa634,0xb052,
    0x2a46,0xb083,0x2f91,0xb0bc,0x28ce,0xb627,0x3061,0x35a3,0x9c1f,0x344e,0x3298,0xb6ad,0x3372,0xafd6,0x2e37,0x30e5,
    0xa791,0xab74,0xaf4f,0x3400,0xa7e8,0xa40c,0x2d14,0x2543,0xb4af,0x310c,0xa82d,0x3440,0xb2db,0xb6ca,0xb024,0xb5c7,
    0xb1d8,0x9c08,0x314d,0x3083,0x3118,0x308c,0x2b5e,0x3391,0x90b2,0xacd0,0x2cfc,0x249a,0x2d7d,0x35bf,0x3330,0xa935,
    0x32e5,0xb710,0x3086,0xb44a,0xb458,0xb244,0x31c4,0x2472,0xadd3,0x21fc,0x2d2c,0x3183,0x325c,0x2d36,0x2eea,0xa4f9,
    0xafef,0xa46e,0xaf50,0x2dde,0x294f,0x2701,0xab94,0xb5ba,0xa750,0x3638,0x284c,0xaeef,0xa076,0x2453,0xb408,0x30bb,
    0xb1c7,0xa861,0xadc8,0x3448,0xb188,0x3637,0x22e2,0xb1f0,0x2fb7,0xb09e,0xaf00,0xb153,0x3030,0xac88,0xaf13,0x3193,
    0x994f,0xb175,0x2c9e,0x318b,0xae20,0xb23b,0x2d59,0x3494,0x30de,0xb07b,0xa0c9,0xb93a,0x313f,0xb4f6,0xa447,0xa44b,
    0x3259,0x3419,0xb266,0xb186,0x1699,0xac9b,0x33d4,0xb42a,0xa8c0,0xa863,0xb300,0x2a82,0x2574,0xa604,0x2721,0x9f04,
    0x2a75,0x2eee,0x3033,0xac49,0x3529,0xb480,0x302b,0x34a5,0x2ee9,0xb234,0xa350,0x24c2,0x33bd,0x24fd,0x318b,0xb9ad,
    0xb496,0xb0ed,0x33d0,0x16db,0x2dff,0xb0f1,0xac09,0x3246,0x32e2,0x35d0,0xa5d0,0xadde,0x32e5,0x347f,0xae10,0x340a,
    0xa6a5,0x30f3,0x34ad,0x2f95,0x2ee7,0x17b1,0x3161,0x34e6,0x3071,0x2422,0xb6c9,0x2efa,0xaa2f,0x2d73,0xb659,0x2934,
    0xb206,0x9899,0x2a22,0x2a28,0xac2f,0xb440,0x27fe,0x304c,0x3100,0x30f1,0x2764,0x2b22,0xad43,0x257a,0x9fc4,0x3457,
    0x25c0,0xb49f,0xa302,0x34c0,0x319f,0xb22d,0xa89d,0x2a96,0xb3fa,0x2381,0xb208,0x2fbd,0x341f,0xb6c1,0x3473,0xb109,
    0x3415,0x320f,0x3063,0xb55c,0x2880,0x3092,0xb30b,0x3207,0xb53f,0x2e24,0xb13d,0x2fa5,0xb306,0xa7e5,0x2891,0x2d24,
    0x311c,0xaf83,0xb1b5,0x2fe9,0xb580,0x36ab,0xade5,0x30b8,0xaca1,0x2cc5,0x2e83,0xadd4,0xadf0,0x345b,0x2172,0xb487,
    0xb0f9,0xb478,0xa71a,0xb2ce,0xad36,0xa62b,0xa59b,0xb5b1,0xaca6,0xb166,0xb4b9,0x30e9,0x28aa,0x3777,0x23a2,0x33c5,
    0xb51a,0x1695,0x25be,0xb657,0xac6e,0x3231,0xa895,0x31d8,0x30de,0x2e6a,0x2ddb,0x244b,0x2c44,0x30a2,0xb2ce,0x309e,
    0xad12,0xb044,0xae01,0x2837,0xb575,0xac26,0xa4ba,0xb57a,0xb4e0,0xb3e2,0xa674,0x337a,0x3117,0xadc0,0x2518,0x305e,
    0xb2be,0x9a53,0xb244,0x17b8,0xa84a,0x3496,0x2cd6,0x3655,0x2b39,0x2587,0x31a1,0xa893,0x28f2,0xb1cd,0x281a,0xac8c,
    0x3461,0xad8c,0x369c,0x29cf,0x3244,0xb37d,0xa248,0x3025,0xa772,0xb4c0,0xaaf4,0xb1ef,0x3256,0xb0dc,0xb1d7,0xacbe,
    0xaa7f,0x3278,0x2c1a,0xad0d,0xb0e4,0xb42f,0xb17a,0x30dc,0xb188,0x249f,0x1ca4,0x23ff,0xad47,0xad40,0xaf7f,0xb791,
    0x9d7c,0x32c1,0x3079,0x2f99,0x3484,0x349a,0xb0f5,0x2b11,0xa7a5,0xb14d,0xb236,0x2d9d,0xa784,0x341a,0x21a3,0xb6f4,
    0xacca,0xb457,0xb345,0xafc6,0x3103,0xad93,0x214b,0x31de,0xb199,0xb43a,0x2e67,0x31b7,0xaea8,0xb38e,0xb027,0x9d8b,
    0x2cd7,0x330c,0xb23d,0xb520,0xa753,0xb082,0xb05c,0x2845,0xb0d9,0x2d6c,0xab94,0x2eec,0x32ea,0xaab8,0xacc9,0xb226,
    0xa95f,0x360c,0x2a4f,0xb0e2,0x3170,0xae07,0xa60a,0xb1f9,0xb2b4,0xaa07,0xb693,0x2046,0x2a5e,0x358b,0x28d5,0xa84d,
    0x2f18,0x295b,0xb44f,0xacaf,0x264e,0xb123,0xa109,0xb66a,0xa8e2,0xae22,0xad13,0x215d,0xa934,0xb695,0x333c,0xb254,
    0xb5d3,0xb29e,0x2c30,0xb010,0x3157,0x1eeb,0x31e7,0xb055,0xa382,0x2cdf,0x3309,0x29ea,0xb17f,0x3253,0xa46d,0x2ac4,
    0x2b05,0xb349,0x2e05,0xb051,0xb5d3,0xafca,0x34c7,0x1d6b,0xb0ad,0xb064,0x32ae,0x3455,0x34ff,0x1bac,0x21e4,0x26b8,
    0x32f4,0xa12c,0x2d62,0x2db9,0x34a5,0xb02a,0xa755,0x2ed1,0xb32a,0xb481,0xa6af,0xb2eb,0x3017,0x23e0,0x2d82,0xb5eb,
    0xa33e,0x328c,0x2ede,0xb4d6,0xac22,0xaf46,0xb3a2,0x3630,0xab07,0x2ab0,0x306b,0x3332,0x32e4,0x30ba,0xb18d,0x3469,
    0x33a3,0xa9cc,0xaab7,0x303f,0x2e1f,0x2ca4,0xb317,0xb9df,0xb1c8,0xb099,0xb47b,0x3420,0x281c,0x35e6,0x334f,0xb706,
    0xb63d,0xb9fd,0xbd21,0x4061,0xbef7,0xbe83,0x3d3b,0x38f3,0x3ed8,0xb02d,0x31ca,0xb8bc,0xa60b,0x3c21,0x4024,0x2f4c,
    0x4004,0x3c26,0x3ff4,0x3aa7,0xb95c,0x3a17,0xbc31,0x3461,0x2d13,0x37e8,0x3437,0xa96b,0xa058,0x991f,0xb84f,0x2a5c,
    0x26a4,0xaf3c,0xb4e4,0xa1ac,0x3170,0x2a40,0xb09e,0x8d56,0xa9bf,0x2e81,0x2750,0x29a2,0xb023,0x2b1c,0xad5e,0xadee,
    0xab3e,0x2770,0xa257,0xae85,0xa441,0xb071,0xad24,0xad10,0x2f1f,0x2c93,0xaa5e,0x27dc,0x322d,0xaefe,0xb2e8,0x2885,
    0xb41b,0xb498,0xb3c3,0x98a5,0xb30d,0xaaea,0x2103,0xad8c,0xa405,0x1e3c,0xad1e,0x22dd,0x307e,0x27c2,0xb416,0x1ede,
    0xb0d6,0x0dd6,0x285a,0x25e0,0x2d0e,0xa719,0x2fc4,0x1ca1,0xb0b0,0x252c,0x2494,0x36df,0x2ba5,0x2d68,0xae3c,0x2dc7,
    0xab52,0x2301,0xb639,0xacfb,0xa128,0xa2a1,0xb00e,0x311a,0x272c,0xa754,0xabfd,0xaa1b,0xac0c,0xa6d7,0xad22,0xab2c,
    0xac5f,0x2cf9,0xadab,0x296f,0xa7bb,0x174b,0x2e2f,0xad1d,0xa8f0,0xb0cf,0xac7f,0xa9c7,0xa9bf,0xae2b,0x2fc6,0xa6f9,
    0x30f7,0xb11c,0xb5e5,0x3507,0x2e4e,0xac15,0xaee9,0xa87f,0xb11c,0x26fa,0xad9d,0xb543,0xb32d,0xa5e0,0x3058,0x2a1b,
    0x1c7d,0x2b5d,0xa018,0x3759,0xa005,0xb511,0x9b1c,0x2e63,0xb07a,0xaca2,0xac35,0xaa4d,0xaf64,0xae7a,0xad0b,0xb2f8,
    0xb07f,0xb237,0xa1fd,0xa87d,0x2db7,0x2a21,0x2379,0xaead,0xafd5,0x97d6,0x30ab,0xa6b0,0xb2fd,0x2cc3,0xae2c,0xaf76,
    0xa935,0xb2fe,0xa979,0xa3d0,0x2e70,0xa745,0xade9,0x2cd2,0xb3dd,0x9e91,0x303b,0xa7c5,0xaab6,0xb272,0xb1e5,0x2d20,
    0xb414,0xac0e,0x1991,0xaf16,0xae7f,0xb012,0xaac8,0x9839,0x2668,0x2206,0xad36,0xa765,0xaf7b,0x2f63,0xa793,0x2abc,
    0xa05e,0x2a77,0xaffc,0x26de,0xb475,0xa94f,0xa9da,0xaece,0x258f,0x2f44,0xb07e,0xb1ec,0x2522,0xad3d,0x2b1c,0x298b,
    0x2c65,0x30fc,0xa1e4,0x31b0,0x288d,0x2019,0x30e6,0xa319,0x3287,0x246d,0xa5ca,0xa885,0xa54d,0x21cc,0x2f62,0x3476,
    0xa716,0xa958,0x30d9,0x36c4,0xa28b,0x2c65,0xacf1,0x312b,0xb39a,0xa2f5,0x29be,0xaf00,0x3422,0xb444,0xaa62,0x290b,
    0x2afe,0xb576,0xae89,0xa948,0xb1be,0x28d0,0x1b3b,0xa8f0,0xa430,0x2a09,0xa82c,0x295c,0x2a18,0x291b,0x2eb2,0x2d8c,
    0x30db,0x339e,0xa7a0,0x2d5a,0xab2d,0x9b9e,0x28ec,0x2a46,0x3505,0xa331,0x302c,0x2c61,0x3205,0xa241,0x2c4d,0x26bc,
    0x2c7a,0xac2c,0xb50b,0x34de,0xa8aa,0xa974,0x202f,0x1e24,0x2405,0xa574,0xa916,0x1626,0x9f1c,0x38bf,0xb323,0x2f32,
    0x26a7,0x25a1,0x3523,0xa6ad,0x2e24,0x2989,0x2b0f,0x2558,0x203d,0xada8,0xb15b,0xa45b,0x1e8e,0xb075,0x2158,0xb3b8,
    0xb147,0xb0c8,0xb649,0xb304,0xa9bc,0x3465,0xa7ed,0x32aa,0xa867,0x2a7e,0xa4d3,0x33e7,0xaca3,0x28d6,0xb270,0x291b,
    0x9e2a,0xa4ec,0xb236,0x31a8,0x2115,0x2cec,0xa750,0xadb5,0x2edc,0x2672,0x307d,0xad1e,0x2e9c,0x2cbd,0xab25,0xac2d,
    0x2a30,0xb2aa,0xb464,0x2359,0xadb5,0x321b,0xa039,0x2103,0x2c38,0xab6b,0x3008,0xa9b1,0xaa26,0xa905,0x319b,0xa6a3,
    0x2f18,0x3211,0x2820,0xb1b8,0xabd0,0x24c7,0x9976,0xad28,0x2d39,0x253b,0xb0dc,0x2af8,0xad7f,0xae7d,0x2e0f,0xb342,
    0xa406,0x258c,0xacb4,0xa145,0x9c47,0x2880,0x216c,0xb528,0x21cb,0x9a57,0x287e,0x2169,0xad9d,0xb32c,0xb4ed,0xb0d7,
    0x29cb,0xa5a5,0x3083,0xad4b,0xae21,0xadf1,0xabea,0x21b3,0x2aa9,0xb46e,0xaca3,0xaf0e,0x1f3f,0x2753,0x33fe,0x2d2e,
    0xb08d,0xb045,0xa83f,0xb495,0x1faa,0xa441,0xb088,0x2ba4,0xa802,0xb076,0x2cca,0xb166,0x2ab4,0xa07b,0x30c2,0xae45,
    0x3027,0xa18f,0xa405,0xadf8,0x29ea,0x2713,0xa9ac,0x1901,0xb1fb,0xb0b2,0x2f33,0x19a2,0xb0cc,0xaeb4,0xb2bb,0x344f,
    0x2b9b,0xb39a,0x233f,0xa2b0,0x8c1c,0xaf17,0x1a7d,0x9ed9,0x2db0,0x2be0,0x2540,0x2b72,0x9f1b,0xa778,0xb52f,0x9fcc,
    0xa5fd,0xb3e9,0x28cc,0x3174,0x3275,0x2422,0x2ce2,0xa750,0xb1fa,0x2e43,0x2ab4,0xb2e9,0xafb2,0xb0be,0xaea7,0xa366,
    0xb055,0x9d51,0xb72a,0xac7b,0xac44,0x2990,0x30ea,0x31a6,0xa6ce,0xad19,0x284c,0x2c70,0x9a16,0xb46a,0xa902,0xb033,
    0x2a99,0x2c9c,0xafe6,0xaedc,0xb155,0xaccd,0xaa7b,0xa83a,0x1f02,0x26f1,0xa599,0xb38e,0xa0f0,0x2b71,0xad7b,0x2c19,
    0x2cd2,0x2d6a,0x3299,0x2cd3,0x32d0,0xa8c7,0x2999,0xa398,0x292d,0x1676,0x2801,0x30fe,0x2c60,0xabdf,0x327c,0xad0f,
    0xaa4f,0xa32e,0xb042,0xa97c,0x2ad5,0x2dae,0xa665,0xac52,0xb3cd,0xaccb,0xab18,0x2838,0xa6b1,0x2ccf,0xaab5,0xb38e,
    0x333a,0x30ed,0xb13b,0xa910,0x32fc,0xac5b,0xa4a7,0x2c25,0x32e1,0x1417,0x3046,0xb407,0x3196,0x2e7b,0xb101,0x337b,
    0x3099,0xa878,0xab23,0x2e0c,0x1eb2,0x1cf7,0xa781,0x338b,0xa60a,0x2923,0xb1f0,0xa683,0x2da9,0xa9a5,0x3130,0x2f18,
    0x251b,0xa90c,0x34f2,0x2e02,0x3188,0x2d80,0xb134,0xb40a,0xa80f,0x3453,0xa465,0xa0fe,0xa208,0xb8be,0xae63,0xa2fb,
    0x96c8,0xa416,0x2b3c,0xac16,0xad5b,0xaca2,0x1ed2,0x2ccf,0xa772,0xb150,0x3217,0xaf23,0xa52d,0xa431,0xb06d,0x2094,
    0x2a49,0x2c6c,0x31da,0xb36b,0xb023,0xb06b,0xb07e,0xabbb,0xad03,0x2e3a,0xaaaa,0x30da,0x9ead,0x25b4,0xa66d,0x29a4,
    0xa6ed,0x2802,0x3073,0x22c6,0x1e2b,0xac32,0xb2b6,0x3265,0xaf4b,0xa9fb,0xb353,0xac58,0xb0fd,0x2e7e,0x311a,0x3211,
    0xb0a7,0xb2dd,0x290a,0xacb7,0xad51,0xb0b8,0x96b5,0x1ef9,0xaf48,0xa3e6,0x2845,0x26ab,0x2e68,0x98cc,0x294c,0xa914,
    0xa873,0x3052,0xae60,0xa0e9,0x2dd5,0x9ea8,0xaa40,0xb475,0xb5b6,0xb3f7,0x1d23,0xad16,0xae61,0xaeff,0xb0f8,0x2bb9,
    0x2d06,0xaf3d,0x2d0c,0x2de6,0x2d6e,0x2a1d,0xaeba,0xaed6,0x9ab5,0xb1ad,0xa972,0xaaef,0xaac8,0x2f23,0xaaee,0x32de,
    0xa542,0xaad2,0xb25b,0x2b5e,0xa650,0x9ec0,0x2376,0xae7b,0xaec5,0x9c27,0x3048,0x2e8d,0xa0a6,0xab97,0x2e25,0x2d35,
    0xa458,0xaf19,0xb5c5,0x33d4,0x2e23,0x324d,0x3057,0x31a4,0x243d,0x2832,0xae1c,0x3678,0xaeee,0x1da6,0xb142,0x25d2,
    0x2ebd,0x2bec,0x2fb6,0xad00,0x29f4,0x320d,0x9855,0x25af,0x302d,0xa3db,0x3367,0x2a6c,0xb317,0x320d,0xa3db,0x2cae,
    0xaf8a,0x2f06,0x2f7d,0x30af,0x300b,0xaf4b,0x2312,0x23b5,0xa7c4,0x261b,0xb0a7,0x3375,0x3198,0x294c,0xa1d4,0x9e0e,
    0xaee0,0x3535,0x28ce,0x30f7,0x2d76,0x0fb3,0x2057,0x2bab,0x2bae,0xa6ce,0x2e61,0x2447,0xb0b2,0x2b90,0x18a4,0x2f41,
    0x2fb9,0xac1d,0xb486,0x235e,0xaf8e,0x318b,0xae66,0xb710,0x227b,0xb201,0x203c,0xa7ed,0xacb2,0xae64,0x2d2f,0x2d60,
    0x25ad,0x9c99,0x303e,0xa8e4,0x2eed,0x30f4,0x3274,0xab11,0xad7b,0x3093,0xb21f,0x3146,0xadd9,0x2dea,0xb1e2,0xa0b9,
    0x26fc,0xa643,0xac92,0x32d8,0x3402,0xa8cd,0xad5d,0x2e8b,0x2b6f,0xaf3f,0x2542,0xb0ad,0x1cff,0x2006,0x96e3,0x237a,
    0x2e45,0xa9d2,0xa826,0x26ba,0x28b7,0x2857,0x210d,0x1f11,0xb234,0x2ed9,0x2f6f,0xa67c,0xb268,0xa39e,0x28f4,0x9593,
    0x2ed0,0x2e44,0x324b,0x2217,0xa947,0x27eb,0xa028,0x29ae,0x2c94,0xb06c,0xaf3b,0x29e2,0xae98,0x2c42,0xa600,0xaaf1,
    0x29cc,0xa01e,0x28fe,0xa77d,0xac1b,0x25ae,0xadeb,0x3413,0x2ebc,0xa9d7,0x2e29,0x341a,0xb4ad,0x329a,0x2fe0,0xb0af,
    0xa877,0xa032,0xb444,0xa856,0xaebf,0xad10,0x307f,0x2e95,0x2105,0xb0bd,0x2e75,0x3191,0x2c06,0x9f80,0xadbf,0x2e92,
    0x2c0d,0x9a6d,0x2ab5,0x26d4,0x2723,0x2bbf,0xa8a2,0x9c24,0xa682,0xae26,0xb45b,0x32ff,0x27d9,0xb046,0xb3fc,0xb020,
    0xa074,0xae34,0xb4c2,0xae4c,0xa8aa,0xa3b2,0xb54c,0xa5ca,0xa222,0xb266,0x2d5c,0xb6af,0x263f,0xa896,0x2f03,0xb01f,
    0xa492,0x2700,0xb0d3,0xb74d,0xac8a,0x2ead,0x30b4,0xadc3,0x3062,0x2e28,0xae74,0x2e90,0xaf86,0xadfa,0x322f,0x2dd9,
    0xb861,0x3427,0xae4d,0x1d56,0xb4d8,0x2c94,0x1e61,0xae91,0x2b5d,0x29ed,0xb081,0x2ce5,0xb126,0x20e5,0x2e46,0x2c85,
    0xb46a,0x2b9e,0x9b51,0xac54,0x1c8b,0xa890,0x2e81,0xb47a,0x2333,0x1cba,0xb092,0xa6bf,0xb14b,0x320e,0xb348,0x2ce0,
    0xb2cb,0x2ccf,0x3342,0xaf2c,0xb4c0,0xb1d9,0xad29,0xb101,0x2083,0xb36b,0xa342,0x2908,0xa463,0xad9d,0x2905,0xb153,
    0x209e,0x2d6b,0x30ec,0xab42,0xb3f8,0xb167,0xb299,0xa80b,0x2677,0xadd6,0xad1f,0xa7ae,0x2a9e,0x2b3d,0x36cc,0x2ece,
    0x2dcf,0xb262,0xae44,0xb14a,0x2f1f,0x3026,0xb26b,0x29a2,0xa5da,0x2bbb,0x256e,0xaa8b,0x28b8,0xa555,0xa308,0xb43b,
    0x3031,0x205e,0xb114,0xaf92,0x9833,0x2c07,0xa7ac,0x2bf6,0x264b,0x2c7e,0x2d8a,0x29e5,0xaffc,0x31d6,0x22d3,0x2b9f,
    0x2df1,0xadf9,0x33dc,0x2a69,0x3006,0x2ae1,0xa175,0x286b,0x26db,0xab9d,0x2b1e,0x31d5,0xa185,0x15a5,0x3108,0x27fd,
    0x2853,0xa73d,0x2a23,0x346b,0xa5ac,0x2462,0x249c,0xb338,0xac54,0x2c27,0x347a,0xaeb1,0xa5da,0x24fb,0x29b5,0xa58f,
    0x2cb2,0xa783,0x350f,0xa90e,0x2719,0x31ed,0xa32a,0x3390,0xaa6f,0x31af,0x2e5b,0x2c84,0x2a37,0x2dd4,0x32ec,0x1fc4,
    0x2c8c,0xa2f7,0x3072,0xab6a,0xa7ed,0xa4e4,0xa52c,0x2d4e,0xadc4,0x2e03,0x306d,0xa93c,0x9ee9,0xacda,0x302a,0x2c79,
    0x2a1a,0xb279,0x327b,0x31da,0x2529,0x30f2,0xa708,0x3572,0xb2c8,0xb3ad,0xa39d,0x289d,0x9883,0xae87,0x2959,0x2c5c,
    0xadc5,0x1c39,0x3258,0xadfb,0xae82,0x2970,0xae8c,0x2fe9,0x307c,0x27ba,0x3305,0x2db9,0x2ec8,0xb181,0x2c7a,0xa6cd,
    0xb281,0x2f01,0x3096,0x2cbd,0xb214,0xa855,0x95a9,0xa881,0x2881,0xa9de,0xa091,0x227c,0xb4b5,0xa1e0,0xa88a,0x27f1,
    0xa720,0x9d10,0xa864,0x2e8c,0x9d4e,0x2764,0x2b0b,0x329e,0xa90d,0x8c6d,0x30fb,0x294b,0x2e27,0xade5,0x2d12,0xb24a,
    0xb2cf,0x2b9e,0x294d,0xb37f,0xb03b,0x2e79,0x3121,0xb17c,0x981b,0xad26,0x0562,0x1cb6,0x9c8b,0x342a,0x2f00,0x3083,
    0x03c0,0xab9c,0x3469,0xaec3,0xb18c,0xa057,0x27b7,0x26cc,0xa948,0xad6d,0xb0c8,0x1613,0x21fa,0xb019,0x3281,0x2cba,
    0xa955,0x2d51,0xa88e,0x2521,0x34ab,0xb331,0x2c8d,0x23e5,0x2a5a,0x982c,0x2e87,0x2fd3,0xa1ba,0x131d,0x2a3b,0xadb7,
    0xa902,0xaa00,0x2ff7,0x3618,0x2ac7,0xadf5,0x2cbe,0xac19,0x31fc,0xacdb,0x29b8,0xa5d6,0xb59b,0x2c41,0x20a5,0x29ec,
    0xaf32,0xae92,0x3412,0xadde,0xae28,0x2316,0x1adc,0xabc8,0x2dd8,0x2b65,0xb3c6,0x319d,0x2c4b,0xa66a,0x32d5,0xb0fc,
    0xb1b6,0xaaf9,0xad27,0x2e34,0xac93,0xa013,0xa81c,0xac15,0xac9d,0xb022,0xa7df,0xa930,0x32d9,0xac22,0xb4ca,0xac0a,
    0xa908,0xa214,0x2cb0,0x31f4,0xb681,0xb012,0xa505,0x2e59,0x282a,0xa830,0x254e,0xa30f,0xac26,0xa4bd,0x25fb,0xaef0,
    0xa78e,0x2c21,0xa500,0xac57,0xa9eb,0x2438,0xad31,0xa9ab,0xa834,0x2cd3,0xac0c,0x3087,0x25c5,0xad13,0xb25f,0xa262,
    0xadef,0x2d00,0xab60,0xb2ef,0xad2e,0x22cd,0xaf96,0xae0c,0x2c14,0x2c77,0x2953,0x3699,0x2143,0x2864,0x33cc,0x31f1,
    0x2e21,0x2a21,0x2834,0xb782,0x2a80,0x314f,0xa50f,0x2217,0x3573,0xa985,0xb0b5,0x1bee,0x2d5d,0x30e9,0x2f0c,0xa638,
    0xb307,0x304a,0xaec5,0x2ddd,0x335b,0x09ca,0x2759,0x250c,0x3475,0x2e41,0xb086,0xad95,0xabac,0xaa24,0xa205,0xa108,
    0xaead,0x2878,0xa235,0x276d,0x2bf0,0x2012,0x24cf,0x2879,0xb12d,0x2a99,0xae1e,0xa673,0x3379,0x336a,0xa59c,0x2aa6,
    0x28b7,0x21d8,0x35c1,0xa7d7,0xb0a8,0x26ff,0xa25e,0x2d79,0x20b6,0x328c,0x2a2c,0x1fed,0xa6cd,0xaac7,0xb1fe,0x12e2,
    0x25d0,0x2bc2,0x308f,0x2e5c,0xa8c4,0x2ae8,0x2b67,0xa4bf,0xa80c,0x2733,0x1768,0x1f2e,0x2529,0x1f43,0x30db,0xaa68,
    0xb03e,0x2d80,0x3561,0xb11c,0x2c59,0x2fda,0x3495,0xa770,0xa40e,0x2c2e,0xaf09,0x3497,0xad29,0x245f,0xab9b,0xb695,
    0xac96,0x2d19,0xac8d,0x2c3f,0x2852,0xa19e,0xa380,0x17cd,0xae45,0xa10a,0x31f2,0xa512,0xb572,0x254a,0xb09b,0xa3a5,
    0x34d9,0x2fd6,0x2b4a,0x2c62,0xaf82,0x28dc,0xa51b,0x2aad,0x2aab,0x1d1d,0x3075,0xad12,0xb2c1,0x2568,0x2c74,0xab9b,
    0x33d3,0x275f,0x2c19,0xb144,0x15ab,0x1e2a,0x2c4c,0x2d68,0x2ea0,0xa8ce,0x257c,0x2421,0x2c29,0x294f,0x3592,0x9de7,
    0x2dc0,0xaa47,0xb425,0x294e,0xa509,0x3323,0x2dd0,0x2b4c,0xa052,0xb264,0xa2a0,0x2d47,0x2de5,0xb00f,0x339a,0x26ae,
    0x2ce8,0xa5ba,0xaecf,0x22a8,0x3185,0x3174,0x331b,0x2c1a,0xa3d5,0xac9a,0xa14f,0x2f9e,0x25a3,0x30a7,0xa771,0xadc5,
    0xad1c,0xb5a0,0xa6f8,0x365c,0x3012,0x28fb,0xad73,0x3220,0xaa41,0x2b7c,0x29f0,0x33e7,0x2757,0x2a46,0xaf03,0x32e5,
    0x30a3,0xaeb5,0xa8ed,0xaafa,0x1556,0x2ebf,0x23e5,0xaade,0x210e,0x30da,0x2592,0xa52c,0xab6b,0xa5f2,0x2ef4,0x2e28,
    0x336d,0xb670,0xb59b,0x2a61,0xb07f,0xac5a,0x1118,0x9c53,0xa248,0xacfd,0x30b6,0x3017,0xafde,0xa34b,0x324a,0xa6dc,
    0x2fe7,0xb404,0x1ab1,0xb02a,0x2dd3,0xac14,0x2ce7,0xb44e,0xb185,0xaa1c,0xaa08,0xa0d5,0xaf92,0xa7d8,0xa3f9,0x2d4d,
    0xaef7,0x2d02,0x3172,0xb465,0x33e8,0x1d71,0xb409,0x33ee,0xa603,0xb0c8,0xa913,0xa52a,0x2d08,0x3442,0x38d2,0x2f40,
    0xa648,0xa84b,0xb268,0x2971,0xabd6,0xb21f,0xac5a,0x2d79,0x3082,0x9fe2,0x33d6,0x281f,0x2731,0x2d31,0x2482,0xb137,
    0x2fb7,0x3266,0xb238,0xa558,0xa4a0,0xb0f3,0x332f,0xb6d9,0x310d,0xa973,0x2fc8,0x3056,0x2dac,0x229e,0xae13,0x2b76,
    0xa01b,0xa4e7,0x32b8,0x36a5,0x1f40,0xaccc,0x308f,0xac44,0x2a7e,0x2c3a,0xb3c1,0xa94a,0x2eda,0xaa05,0x2752,0xa4e7,
    0x2f0c,0x35f9,0xa5a4,0xa6aa,0x31ae,0xb181,0x9ec0,0x2b7c,0xa311,0x2c15,0xb2ac,0x2caa,0xb26e,0x2538,0x37cd,0x2c9a,
    0x2b33,0xb346,0xacb0,0x2f2a,0xae2a,0x955f,0xa2d8,0x32d2,0x32fb,0x2ba5,0x19dd,0xa127,0xb00b,0x1dec,0x3265,0x2bc7,
    0x3060,0x1ef9,0xaa1e,0x3529,0x345c,0x2c15,0x2e4f,0x3477,0xa48d,0x97e8,0xa7fb,0x2b0f,0x2bef,0xaa82,0x300d,0x242c,
    0x2100,0x2fa9,0xafe7,0x259f,0x31cc,0x31a5,0xb26a,0x2524,0xa896,0xafda,0x281d,0xa561,0xa5d2,0xa492,0x253b,0xa065,
    0xad81,0x34ef,0xb236,0x30fa,0x2efd,0x2914,0x3018,0xaff5,0x3228,0x2a9b,0x2e9e,0xb5f4,0x302c,0x2c31,0xaa1d,0x29a6,
    0x2897,0x277f,0xb2ce,0x2e8d,0x2c2c,0xb0f0,0xaa1a,0x1c79,0x314d,0x2418,0xab57,0xb0ba,0x24a7,0x34ef,0xa658,0x29dc,
    0x29f0,0xb13e,0xb203,0xad8a,0xb516,0x31ee,0xa1bc,0x2575,0x301e,0x96a9,0xb024,0x2196,0x2ad0,0x855b,0xb5a1,0xa4ba,
    0x24cc,0xb421,0x9d2f,0xac49,0xa225,0x9beb,0xb029,0xa695,0x3861,0xa5d1,0x2b9c,0xa75a,0x2682,0xafeb,0xb1d8,0x2796,
    0x2cac,0xaee8,0x2de1,0x329e,0xb06a,0xae51,0xa9ec,0xad4b,0xa298,0xb1c2,0xa7f2,0x2eee,0xacbb,0xa956,0x1fc8,0x2a83,
    0xadfd,0x2d77,0xacaf,0xaa07,0x300b,0x2e8e,0xb2b5,0x22e4,0x28ff,0x2b0d,0xac61,0xb0b0,0x9870,0x2654,0x30e6,0xaa19,
    0xb3ba,0x3475,0x3458,0xb4d6,0x2d95,0xb0b4,0x3206,0x2866,0xab1c,0x2b86,0xa898,0x2bdf,0xa5df,0xae27,0x28e4,0xaf6b,
    0xaed8,0x285d,0xaed6,0x2eaf,0xa8af,0xacd4,0xacc4,0x9c3c,0x2f88,0x28ee,0xa5a1,0x257b,0x2af7,0xb0a4,0xb16d,0x28cc,
    0x29e3,0x283a,0x348b,0xa6c1,0x3482,0x299b,0xa091,0xaa47,0x1c5b,0x2eb1,0xa6c4,0x2cb4,0xb067,0x234e,0xab04,0x251f,
    0xb124,0x34bd,0xaef0,0xa61a,0x2bce,0xa6a8,0x2db5,0x357d,0xac9e,0x29be,0xb0b6,0x23b8,0xb104,0x2278,0xaa64,0x2813,
    0x302e,0x1ca5,0x25a2,0x2eb0,0x2d9f,0x2c7e,0xaa61,0xaa2d,0xa0b2,0x2ffd,0xafd9,0x21c3,0xaa1c,0xa7c6,0x3161,0xabf1,
    0xa902,0x2c90,0xb0cb,0xac38,0x31ea,0x336c,0x3132,0xac7a,0xabfd,0xaeab,0x2c15,0x355d,0x2b4c,0xa2e9,0xafab,0x2cc0,
    0xb0fc,0x2fb8,0x2c7a,0x2e56,0x28b7,0x2d52,0xac44,0x2e8f,0xae4e,0x379e,0x9ebc,0xa593,0xa452,0x2ad4,0x2d3d,0x275e,
    0x2a05,0x248d,0x2b5b,0x22bc,0xab65,0x2b4e,0x338f,0xb091,0xb0a7,0xb124,0xac38,0x3081,0x3175,0x2776,0x2be8,0x35d4,
    0xaeac,0xabca,0x2c89,0x290d,0x297e,0xae21,0x1448,0xa676,0xa60d,0x2b34,0x2c17,0xb2e0,0x346a,0x1a34,0x3488,0x2a35,
    0xb126,0x35e1,0x20f1,0x2c34,0x2df7,0x2a64,0x2ff3,0xacc4,0xb484,0xa5f6,0xac51,0xabd9,0xad87,0x30fd,0xa157,0x11bf,
    0xb0d6,0x290f,0xadc9,0x2f26,0xb19d,0xabd3,0xaef0,0x1cd9,0x254e,0xafed,0x2795,0xa10e,0x1758,0x33ca,0xb540,0x2c78,
    0x21ab,0xa142,0x2b05,0x327f,0xac08,0x2881,0x2c46,0x2180,0x1856,0xa98d,0xae6b,0xb15a,0x16c1,0xa0e9,0x35c3,0xb0c1,
    0x3116,0xb297,0xb68b,0xaed0,0xad5d,0x347f,0xb104,0x2c38,0x2c0c,0x2bfe,0xac80,0x32d8,0x9cf0,0x23ea,0xb284,0x307d,
    0x2865,0x1de2,0xac17,0x286a,0x2087,0x30b3,0xab4f,0xabf9,0xb237,0x2e4d,0x2aaa,0xa036,0x2b04,0x3530,0x1d92,0xb53d,
    0x3651,0xb32c,0x3002,0x2b9e,0xafa5,0x3269,0xa635,0x2614,0xad84,0xae31,0x349a,0xa88e,0xaf37,0x2788,0xad98,0x2d64,
    0x36bb,0xb116,0x2cf6,0x1f92,0xae4f,0x9c75,0xaf57,0xa96f,0x2eb9,0xa9c1,0x22dd,0x2beb,0x29bd,0x340e,0x36a6,0x1e5d,
    0x3127,0x2519,0x29a3,0xad8f,0x328b,0x3121,0x2690,0x3325,0x905c,0x285d,0x9db3,0x2ac5,0x2a07,0xacd4,0x2cf6,0xb06c,
    0xa4ef,0xaf0f,0x2157,0xae1b,0x2c3c,0x254a,0x2c6f,0x2687,0x2587,0x3248,0xb4e1,0x2d5a,0x27ec,0x2639,0xb8dc,0x3204,
    0xac2a,0xa863,0xb64c,0xb139,0x2eea,0xacfc,0xa563,0xadd1,0x2ebb,0x3330,0x2865,0xaa5d,0x2d6f,0x9c19,0x32b8,0xb356,
    0x30f6,0xaad6,0x2d25,0x32db,0x292e,0x3102,0x2a75,0x251e,0x9b53,0xaa0a,0x915d,0x9fb6,0xb390,0xabef,0x21b8,0xa9bc,
    0xae24,0x2d84,0xb6bd,0x2b62,0x3303,0xb483,0x190e,0x2b18,0x90e9,0xa98a,0x2755,0xb2c3,0x2c6d,0xab5a,0x34cb,0xb043,
    0xab77,0xb23b,0x2801,0x2e1c,0xa947,0x277f,0x281e,0xb41a,0x2848,0xa6f3,0x33e6,0x326b,0xb11a,0xb412,0xb41b,0xa4f8,
    0xafe3,0x2cfb,0x9ed2,0x29bc,0xb02e,0xacd3,0x25d9,0x34af,0xa69b,0xb187,0x2f48,0x20e0,0x2687,0x326f,0xb083,0xa887,
    0x2ba2,0x29c4,0x2d0c,0x2d86,0xb0b4,0xb21d,0xafb9,0xa808,0xad19,0x295b,0x9a3f,0x1cfd,0x261b,0xad02,0x2ff0,0x300c,
    0xa59e,0x327f,0x3897,0x2fac,0xab57,0xb0d7,0xa470,0xa4ae,0xaaf5,0xac56,0xab78,0x2bf0,0xaf86,0xa43a,0x3439,0xab1a,
    0x2cfb,0x961f,0x2cd5,0xa38a,0xa1dd,0xb48f,0xb15e,0x295b,0xb081,0x2612,0xad6d,0x2388,0xa48b,0xb5d8,0x2c1d,0x2e9f,
    0xa738,0x2b0c,0x30a7,0xad0d,0xa657,0x29bf,0xa21f,0x2a89,0xab8e,0x2633,0xaea9,0x28f8,0x19c3,0xa93b,0xa837,0x28f4,
    0xaed5,0xab64,0xa42f,0x296b,0xae23,0x1e02,0xacbc,0xb19e,0x2193,0x2cdf,0x25e1,0x3048,0xb561,0xb404,0x31f9,0xad06,
    0xa701,0xa969,0x2a1d,0x3059,0x2632,0xab02,0xac4d,0xb799,0x262a,0xaca8,0xa573,0xa404,0xa991,0x34d7,0xb00e,0x309d,
    0xa71b,0x9fb8,0x318b,0x2bb1,0xadb0,0xac2f,0x1fd0,0xac39,0xa707,0x2c18,0xad8a,0xb591,0x9fa8,0xa85e,0xb542,0x27cb,
    0x17a7,0x3171,0x2dd6,0x3066,0x3458,0x2c17,0xa496,0x2cf1,0xaff6,0x2d69,0xa9fd,0xb3bb,0xadcd,0x1ccb,0x2dbc,0x30ab,
    0x2e2e,0x2227,0xb34d,0x2fdd,0x2c5d,0x2021,0x2951,0xa7df,0x2e59,0xae13,0x3418,0x9c41,0x28c6,0x2e8d,0xae33,0x2d7e,
    0x2f01,0xb7bb,0xada6,0xaaaf,0x2e99,0x3340,0xa10b,0xa776,0x2c23,0x27e4,0x2caf,0x2eea,0xaa8b,0x2301,0x9d76,0xaeea,
    0xaa85,0x3470,0xac8f,0x284f,0x30af,0x9e50,0xa76b,0x2ff7,0x28a0,0x2b5c,0x3344,0x303f,0x2edc,0x332d,0x9a38,0x2f71,
    0xa6a1,0xae30,0x2f0f,0x2d36,0xa32d,0x2c10,0xa651,0x31f6,0x9ea6,0x9d1b,0x2183,0x2c2f,0xab9c,0xadb8,0x21e1,0x2f65,
    0x2e96,0xaa44,0xa431,0x27f1,0x2917,0x306a,0x2876,0xa90f,0x3bb0,0x3c56,0x31c7,0xba36,0x346a,0x402e,0xb942,0xbc9d,
    0x3333,0x2d8a,0xbe45,0xbb41,0x3724,0x3541,0x3922,0xbcc5,0xb25a,0xb880,0x388d,0xb87e,0xbb50,0x2cff,0x32d3,0xb524,
    0x3bb5,0x39b3,0xba37,0x3d50,0xba3d,0xb8e5,0xb9ab,0xba4a,0x2e4a,0x39ea,0x35a3,0xb62e,0x3d3a,0xb958,0x3d3b,0xb211,
    0x400b,0xad21,0xbf30,0xbbd2,0x231e,0x407e,0xa9d0,0xb3d2,0x37c1,0xb521,0x40ce,0x32b0,0xbfa3,0x3709,0x34f6,0x3d7d,
    0x3fa6,0xb152,0x2beb,0xbe92,0xb4f4,0xb6fb,0xb8ed,0x36c0,0x35a2,0x3da3,0xb49e,0x3bf8,0x3766,0x3cb1,0x3c9c,0xb5ac,
    0x3d4e,0xb54f,0x39c1,0xa7f1,0x3ee3,0x3c96,0x3f8f,0x3e4a,0x37ef,0xb38c,0xb072,0x3ce4,0xa2ee,0xb91d,0x3094,0xb934,
    0xb413,0xb1cd,0x39f8,0xab1d,0x3c70,0x3acd,0x3ea8,0xb648,0x2fde,0x2870,0xa55b,0xacf1,0xb020,0xa3d3,0xad5c,0xb0a7,
    0x315a,0xa153,0x27d9,0xaa52,0x2936,0xac5f,0x2df9,0x27ff,0x3285,0x2af5,0xa4ef,0xacbc,0xb382,0xb096,0xa398,0x3215,
    0xa8ea,0x3075,0x37df,0x96db,0xb811,0x1f71,0xac81,0xb01f,0x24ae,0x3171,0xa482,0x341e,0x2598,0x2e98,0x20d9,0x2a64,
    0x9dda,0x9d5b,0xad56,0xbad2,0x2b50,0xa7eb,0xc3da,0xb0d3,0x28c0,0xb3b5,0xaf0a,0x2bcc,0xad2c,0x2f89,0xaa9a,0xb1be,
    0xa882,0xa297,0x3773,0x36f0,0xb0f0,0x391e,0xb44a,0x869f,0xa058,0x20b2,0x3229,0xacaf,0xb5aa,0xa91f,0x284d,0x2d5b,
    0xa333,0xa6d3,0x22e3,0x2d7a,0x25f9,0xa33c,0x0e66,0x9f9c,0x3374,0xa8a8,0xb72f,0xa43e,0xb8cd,0xa458,0xa9c1,0x3509,
    0xbb1c,0x1449,0xa9a8,0x35fe,0x299a,0x35da,0xa228,0x3161,0xae21,0x3732,0xaf4d,0xb15c,0xba5e,0xac30,0xaf83,0xac06,
    0x30da,0xad47,0x2f15,0xaeee,0xa9c9,0xac46,0x30ab,0xaca0,0x31ea,0x3033,0xafd5,0xaff4,0xb64a,0xaf22,0xa36d,0x346d,
    0xac68,0xaa88,0x38e0,0xa63a,0xb2f2,0xabf9,0xa8dd,0xb24e,0xacb2,0x34b4,0xae2b,0x3457,0xa6fd,0x3047,0x3029,0x33a1,
    0x244a,0x2d8b,0xb16e,0x363e,0x31e3,0xb048,0x3b64,0x2e23,0x2fef,0xb8cc,0x28c7,0x302a,0xb1aa,0x3787,0xa656,0x34e9,
    0xa0fc,0x2574,0x3861,0x38ad,0xb2ac,0xb937,0x3863,0x219a,0xa7bd,0xb09a,0x35e5,0x2f7f,0xb309,0x3043,0xa63c,0x31e8,
    0x271f,0x3b81,0x2026,0x2e9f,0x2b35,0x31d3,0x1ca9,0x2dd1,0xbb52,0x38b7,0xb511,0xb4e1,0xbc29,0xa379,0xac98,0x3846,
    0xba62,0x36cf,0xb028,0x3867,0x3486,0x376a,0xb47a,0x36f9,0xb4dd,0x372d,0xb00d,0xb317,0xb9fd,0x21bf,0xaefe,0x339f,
    0x2ebb,0xad3b,0x2ea9,0xac6c,0xaa93,0x2273,0x3007,0xae50,0xa90b,0x30ca,0x3267,0x342e,0xb2a3,0x36b8,0xa465,0x345e,
    0x2280,0xad19,0x3621,0xac4e,0x387a,0xaf2e,0x28b1,0xb4df,0xb144,0x3425,0xb0dd,0xa857,0xa5e8,0x2f64,0x2db2,0x30dd,
    0x23bf,0x2c7c,0xb130,0x3826,0x310b,0xafca,0x4449,0x3738,0xb25f,0xb85a,0x2bae,0x2ea4,0x2a5f,0x39f6,0x2dcd,0x3236,
    0x224f,0x201a,0x377c,0x3461,0x1be4,0xbc4e,0x3c38,0x1d52,0xad77,0xade0,0x354c,0x30a7,0x351f,0x2f2f,0xad9a,0x35c4,
    0x3406,0x3c09,0x1cf0,0x2ad7,0x2c46,0x2cc9,0x9f1d,0x2d6d,0xb9e4,0x37ba,0xb077,0xb66a,0xba24,0x261c,0xac0e,0x38dc,
    0x3641,0x3968,0xb040,0x35b8,0xb3c0,0x2cf1,0xb15e,0x38b5,0xb171,0x321d,0xa75a,0xa92c,0x2cc5,0x2819,0xad65,0x3611,
    0x3014,0xa863,0x20ae,0xab61,0x2869,0x244c,0x2804,0xa9a0,0xa96c,0x2d61,0x3130,0x33b1,0x1e8d,0x3875,0xa7dd,0x2fd9,
    0xac23,0xb4dd,0xacd7,0xac5c,0x3c1e,0xaea5,0xa049,0xb729,0xaed1,0x306c,0xad97,0xb09b,0xa189,0x2eb9,0xa173,0x2ada,
    0x9c8e,0x21b3,0xad2c,0x356e,0x2166,0xab05,0x3eef,0xb3ac,0xb4d4,0x3492,0x2a12,0x29df,0x2eeb,0x37f9,0x2ceb,0xa871,
    0xa6dc,0xa2e6,0x36eb,0xb426,0x2d67,0xb27e,0x3429,0xa081,0xade7,0xab61,0x3412,0x9421,0xb6fd,0xa66a,0xa592,0x3071,
    0xb42f,0x378f,0x1f09,0x2a53,0x2bbf,0xa9d4,0x24b3,0x959e,0x3077,0x2d96,0xae13,0xb0c4,0xb3ea,0x2555,0xab37,0x34b5,
    0x36c0,0x31c3,0xaba1,0xb02c,0xaf65,0xb6a2,0xa661,0x3401,0x25d9,0x2e38,0x1190,0x9a27,0x3283,0x23d8,0xa9f5,0x34e4,
    0x2c8d,0x9e97,0x1a16,0x224e,0x2d85,0xa5d1,0x20bc,0x2a02,0xae8b,0x1e6b,0x28e4,0x287a,0xa8e2,0x3008,0xa308,0x2d14,
    0xac9b,0xb445,0xb387,0xa709,0x3425,0x217d,0x21b2,0xb851,0x29b1,0x1d1a,0x20c4,0xb12e,0x27c5,0x298b,0x9ac3,0x2c0a,
    0xa02e,0x97fd,0x1d1b,0x32a8,0xa5c3,0x952c,0x2d89,0xb7fc,0xb0c7,0x3605,0x2597,0x21e0,0xab06,0x3059,0x2138,0xaac2,
    0xa893,0x0f65,0x3585,0xb560,0x2c65,0x3623,0x23bc,0xa42d,0xa94d,0x2d62,0x9f33,0xaf14,0x30df,0xa4f5,0x204f,0xadc6,
    0xa97c,0x2710,0x89bc,0x9a11,0x2711,0x9b67,0xa782,0xa918,0x2eb1,0x2bb4,0xb4ab,0xb3b6,0xa992,0xaaf9,0x9d44,0xa5b3,
    0x2b0e,0xb148,0x2759,0xaea4,0xa430,0xb321,0x30b8,0x296a,0xb416,0x2ce8,0xac39,0xb445,0xb8e0,0xb123,0xb0a0,0xaf08,
    0x362b,0xa74c,0x2cf3,0x2c97,0x1d8e,0xad6b,0xa837,0xa94b,0x345f,0x2d4f,0x35f4,0xb114,0xb2ea,0xbb12,0xaf80,0x357b,
    0xb56e,0xb0c4,0x3b2b,0xa789,0xa358,0xaa8a,0xb4ff,0x340d,0x25de,0xb407,0x2adf,0x2533,0xa646,0x280b,0x2817,0x2da4,
    0xaae2,0x1d66,0xb144,0x3450,0x2e29,0xaf88,0xc501,0x2951,0x303f,0xbb9e,0xb109,0x3487,0x355f,0xb81f,0xb25c,0xb44c,
    0xb231,0xac27,0x3434,0x38fd,0xaa33,0x30f4,0xbd48,0xa918,0xabae,0xa900,0x3374,0x2d10,0x2219,0xa3a3,0x2900,0x2f0b,
    0x287b,0xbfa0,0xaa5c,0x3030,0x1c9e,0x3359,0x2e15,0x2e71,0x39c4,0x2a5f,0xa56d,0x33d8,0x257c,0x2d7d,0xabfd,0x366d,
    0xbcea,0x37bc,0xb124,0x3ac5,0x2acf,0xaad8,0xb425,0x380a,0xb938,0x3a3f,0xb32d,0xb523,0xc01e,0xb491,0xb212,0x2ec2,
    0x3591,0xb03a,0x3225,0xa59d,0xaf5d,0xb2b9,0x9cce,0xb2b4,0x3656,0x3624,0x3a5a,0x2e84,0xb4ba,0xbc5f,0xb1fc,0x38c6,
    0xb780,0xb170,0x3c05,0xaf1c,0x3b51,0xb218,0xb7e1,0x3b29,0xb500,0xb59f,0x26ea,0x3535,0xb16e,0x2407,0x2d96,0x3451,
    0xac6a,0x30d5,0xb43a,0x3c03,0x342e,0xb2e2,0xc38d,0x30f4,0x368b,0xbd1c,0xb09d,0x36ad,0x36ef,0x34ab,0xb01d,0x3841,
    0xb4ea,0xad40,0x3830,0x3b76,0xb802,0xbf9a,0xb41f,0xabbd,0xafc9,0xb643,0x3847,0x36cf,0x219f,0x32f8,0xada8,0x3a46,
    0xb08a,0xbd03,0xb07f,0x3439,0x2ad2,0x358b,0x3170,0x349e,0xc094,0x3b37,0xb945,0x27ec,0xb5bb,0x31f4,0xb0ca,0x3993,
    0x3242,0x3abf,0xb3a8,0x3ccb,0x3842,0x33ce,0x3302,0x3c64,0xba56,0x3a1a,0xb3a7,0xb134,0xbfac,0x2c30,0xb172,0x364f,
    0x30ca,0xb116,0x345e,0xacaa,0xb134,0xae47,0x31f3,0xb40c,0x33c9,0x37f5,0x2e85,0x3850,0xb537,0x3a83,0xafbc,0x385b,
    0xb193,0xaea3,0x3241,0xb0e0,0x3fdf,0xb3ac,0xb3bd,0x3b9e,0xb727,0xb4dc,0xb057,0x39bb,0xb0a3,0x934a,0x276b,0x344e,
    0xae74,0x3181,0xb2dc,0x3d27,0x3370,0xb264,0x4932,0x2e94,0x36a4,0xb6cc,0x8fb8,0x35b4,0x3459,0x3c2d,0x31a9,0xade5,
    0xb427,0xa9f7,0x3aaf,0x38d4,0xb6ad,0xc19e,0x3deb,0xa6af,0xb2ac,0xb86c,0x3786,0x3808,0x3541,0x3432,0xb3f2,0x39bb,
    0x37c7,0x3a95,0xaf7b,0x3232,0x2c74,0xad26,0x2a02,0x3356,0xbe31,0x3c5c,0xbbf7,0xb816,0x3303,0x3207,0xb0c0,0x39dc,
    0x3e31,0x35e7,0xb344,0x35ca,0x2fe7,0x3927,0x385d,0x3c0c,0xb682,0x3382,0xb060,0x1ea9,0xb918,0x33c0,0xaf16,0x3835,
    0x33a5,0xadc0,0x2ed3,0xa2aa,0x248d,0x1e71,0x30c7,0xb126,0x30bd,0x339c,0xb888,0x34b9,0xb088,0x3f41,0xad83,0x31f9,
    0xaa0f,0xb549,0xb5db,0xad9c,0x3e1f,0xaf08,0xae1a,0xb40a,0xae23,0xb04d,0xb192,0x353b,0xaa6a,0x1678,0xa547,0x2a85,
    0xad4c,0x2c70,0xb068,0x3b9f,0x297c,0xb0ef,0x3d24,0xb8b9,0xaf81,0x3a63,0x2cb7,0x3404,0x32ab,0x37dd,0x3305,0xb188,
    0xad52,0x1e0b,0x39d0,0x236e,0x212e,0xbeac,0x3c20,0x176b,0xb27b,0xb1bc,0x318e,0x3188,0x21bb,0xa688,0xb224,0x2cec,
    0x3181,0x3daf,0xa164,0x2ead,0x2801,0xb2a8,0x230b,0x2d01,0x3747,0x2b2a,0xb847,0xb595,0x2b6e,0x287a,0xad55,0x35fd,
    0x39b1,0xbabd,0xabbc,0xb613,0xb707,0x3689,0x34c9,0x36c1,0xae91,0x2cce,0xa7bc,0x1845,0x3518,0x307c,0xa9cc,0x3781,
    0x32fa,0xa856,0xa26a,0x2c98,0x2c27,0xa2b1,0x2917,0xa40a,0x2499,0xa6e1,0xb349,0x2811,0xae63,0x3d46,0xad27,0xa156,
    0x2065,0xb621,0xb7e1,0x9ef8,0x3693,0xa1e0,0xacbe,0xb9d7,0x2d89,0xa0af,0xa89f,0xa440,0x2898,0xaddc,0x1d29,0x24f7,
    0x1b45,0xa16b,0xac26,0x35de,0xa844,0xabce,0xbcd7,0xba7c,0xb54e,0x38a1,0x2c3e,0x2a0f,0x2e23,0x33d6,0x2aa4,0xaf91,
    0xa88d,0x9b42,0x362a,0xb18b,0x322d,0xac4e,0x378a,0x08c0,0xad19,0x307e,0xabfe,0xab68,0x3509,0xace5,0xa18f,0xb175,
    0xb562,0x3ad6,0x273b,0x25e6,0x2432,0xa9a9,0xa4e3,0x24aa,0x38bc,0xb56d,0xb452,0xb391,0xb255,0xac03,0xa35c,0x2c5c,
    0x9ca7,0xb9dc,0x17e0,0xb093,0xa98b,0x221c,0x2c27,0x9e85,0xb4c9,0xb644,0xad1f,0xb057,0xbaa5,0xb26a,0x20d9,0xacf4,
    0x34c8,0x15e0,0x2df9,0x31c4,0xa47f,0xab3d,0xb1cb,0xb04e,0x2d67,0x2dca,0x33c2,0xaf70,0xabdf,0xbd9e,0xb185,0x34f3,
    0xb414,0xb43a,0x3839,0xac92,0x32a2,0xaec7,0xb711,0x36fa,0xaeaf,0xb7c2,0x30ea,0xb8f4,0xaf56,0xb052,0xa74c,0x2ae2,
    0xb0b1,0x9a5b,0xb04a,0x3c02,0x2d64,0xace4,0xbe73,0x2fe4,0xb3b1,0xbab6,0xacd0,0x3486,0x36d4,0xbd01,0xb16c,0xb64e,
    0x9cb2,0xb05c,0xb8e3,0x36af,0x344a,0xba72,0xbac4,0xad3f,0x8116,0x2203,0xa504,0x2f75,0xac02,0xaa70,0x221d,0x350c,
    0x2599,0x3205,0xae07,0x28df,0xae1e,0x34ee,0x306f,0x2b26,0x3b04,0x3296,0x39cd,0x377c,0x38fb,0x3121,0xaa24,0xac55,
    0x345f,0x3816,0xb0e3,0x3bfc,0xb0f1,0xb2b3,0x3876,0x36ef,0xb704,0x3211,0xb311,0xaf91,0xbf58,0xb6ca,0xaab1,0x306d,
    0x34b0,0xb04c,0x3348,0x324a,0xb19c,0xb14b,0xb433,0xb31d,0x355e,0x36d9,0xbcf1,0x35f4,0xb401,0xbd64,0xb258,0x3848,
    0xb6a8,0x2c4a,0x38a1,0xb098,0x3c71,0xb1f6,0xba5d,0x3f53,0xb671,0xb9fa,0x3201,0xb5bb,0xb3ee,0xb3ae,0xb396,0x3113,
    0xb191,0x2e6d,0xb559,0x3ef2,0x337f,0xb40b,0xc63f,0x26dc,0x36a8,0xbca6,0xb322,0x36a3,0x392d,0xbb33,0xb062,0x3788,
    0x19ce,0xb1c0,0xba43,0x3bf7,0xb35e,0xc0a4,0xbee5,0xb28f,0xae95,0xb7bd,0x3064,0x3666,0xa900,0x2b5b,0xa468,0x3a91,
    0xb5aa,0xbd44,0xb275,0x33b8,0xb24f,0x30d6,0x342b,0x3139,0xc0ea,0x3a37,0x3660,0x3671,0x3ad2,0x355f,0xb085,0xadb2,
    0x3cff,0x38f5,0xb33b,0x3c3b,0x3065,0xb849,0x3554,0x3908,0xb5b6,0x312e,0xb240,0x29ea,0xbdb1,0x2cb9,0xac53,0x34db,
    0x2cd0,0xb1c4,0x34c2,0x31e0,0xb2a8,0xb050,0xa99c,0xb55b,0x34cb,0x3828,0xbe0b,0x3711,0xb3d3,0xb135,0xb0c1,0x3555,
    0xb5d6,0x3401,0xb509,0xad3e,0x3e09,0xb2d9,0xb85a,0x3fcf,0xb63d,0xb835,0x29f7,0x3b0e,0xb41d,0xb4ad,0xb38d,0x30bb,
    0xb2d2,0x2f21,0xb3d2,0x3d1e,0x3274,0xb2ec,0x47a8,0xbc29,0x39f2,0xa578,0xb4e2,0x35e6,0x3841,0x34db,0x2fec,0xb641,
    0x225e,0xac57,0xb085,0x3aa1,0xb8e3,0xc417,0xb09d,0xb0d9,0xb19c,0xb8d9,0x2e9d,0x3711,0x3352,0x2ae8,0xb06e,0x3838,
    0xaddb,0xc252,0xb10e,0x34a6,0xb2f2,0xb494,0x3086,0x2c76,0xbf6f,0x3912,0xaab7,0xb083,0x3c37,0x3436,0xae52,0x359b,
    0x3e30,0xb806,0xb2c6,0xb16f,0x380c,0xb6e1,0xb4d8,0x3943,0xa674,0xb55b,0xafc7,0x272e,0xb4ac,0x3610,0xa134,0x3589,
    0x3246,0xae5e,0x2f17,0x309d,0xac23,0xabc5,0x3004,0xb148,0x3451,0x33b5,0xb7c4,0xa8a0,0xb071,0x3e5a,0xb059,0x2a9f,
    0xb205,0x31cb,0xb83c,0x9e42,0x3686,0x2204,0xb181,0x2e4f,0xaafa,0xacc9,0xae0c,0x3ad4,0xad7d,0xb153,0xad98,0xa373,
    0xb0d6,0x280d,0xad3a,0x35e9,0x2910,0xaf60,0x40a3,0xbc16,0x3421,0x3ab6,0xb161,0x3203,0x35dd,0x3120,0x3354,0xaf9b,
    0x8d3e,0x8dd7,0x3277,0x34ce,0xb5b4,0xc161,0x3ca0,0xa83a,0xafc4,0xb00a,0xac51,0x32cd,0xb11a,0xaae2,0xb258,0x2b7b,
    0x3938,0xbc93,0xa51b,0x2ded,0xae44,0xb1e8,0x2b70,0xa858,0x36e2,0xb20f,0xa8f0,0xb5ab,0x354f,0x1e66,0xa94d,0x34ff,
    0x32bd,0xbab0,0xa592,0xb84e,0xae16,0x2fb9,0xb445,0x34f3,0xa8d4,0xb035,0xa62c,0xa769,0x36c1,0x33d5,0x9e9e,0x303b,
    0x30ed,0xa360,0xa93e,0x2410,0xa80e,0xa44f,0x2687,0xaae4,0x313f,0xa58d,0xa55c,0xac58,0xb024,0x3f1a,0xaff2,0xac79,
    0x1940,0xacd9,0xb477,0x26a3,0xb944,0x2fdc,0xaba0,0xba1c,0x2941,0x9ff8,0xaa0a,0x3591,0x217d,0xb18c,0x26a1,0xb05a,
    0xa3f7,0xa8f4,0xaaa9,0xb4a5,0xa7ad,0xa362,0xbcb7,0xb91d,0xa1fc,0x36f1,0x25f8,0x2789,0x313e,0x2422,0x2e0d,0x26c2,
    0x985f,0xa3d9,0x33ff,0xa5fe,0xadd1,0xaf2f,0x3988,0x271b,0xab87,0x2d3a,0xac84,0x21fb,0x31c5,0xb011,0xab38,0xadb5,
    0x1cd9,0x2437,0x2876,0xa952,0xa56c,0xad90,0x216d,0xa633,0x3ae4,0xb23c,0xb1bd,0xaec4,0xb49c,0xadb3,0xa120,0x28cc,
    0xb3f1,0xb43d,0x28cd,0xb365,0xa623,0x34fd,0xb06f,0xab56,0x2526,0xb56c,0xa09c,0x25a6,0xac3b,0xad38,0x2223,0xabb1,
    0xac28,0x98cf,0x290b,0x2e40,0xaa9b,0x243b,0xb0ef,0xaf43,0xb016,0x2d25,0xbb65,0x2e28,0x30c6,0xb9a0,0xac0f,0x294c,
    0xac42,0xab9c,0xad2f,0xaca0,0xb619,0xaff3,0xb043,0x3192,0xad44,0xae73,0x2dac,0xb1ff,0xaf06,0xae7e,0xab6d,0xae2e,
    0xac6c,0xa752,0xad1f,0x39ab,0x2cba,0xa947,0xb1d6,0x913a,0xb2cf,0xb083,0x2d03,0x2dd2,0x338d,0xbc30,0xa896,0xb542,
    0x2d33,0xae99,0xb6b6,0x24dd,0x3514,0xb3ca,0xb2ef,0xaaf9,0x2652,0x2cfe,0xada6,0xa87e,0xb3fc,0xac4c,0xa529,0x328d,
    0xac34,0xaf36,0xa69e,0xa76c,0xa987,0x315d,0x2c93,0xadb8,0x2473,0xa9f3,0x3757,0x303a,0x362e,0x2cd7,0xa535,0xb62f,
    0x3489,0x34ee,0x1d57,0x383f,0x9c1c,0xb269,0xb109,0xaee1,0xa84a,0xb03c,0xafd8,0x2e5a,0xb8bf,0xb29f,0x219c,0x1bd8,
    0x2bac,0xa710,0x2a68,0x3471,0xaf9e,0xa7c4,0xb2b5,0xb273,0x3015,0x31dd,0xba71,0x3533,0xabf5,0xba0e,0xade2,0x2b16,
    0xac21,0x3447,0xad25,0xada9,0x33dd,0xb089,0xb62e,0x3b76,0xb033,0xb59b,0x3135,0xb640,0xb032,0xb58d,0xb348,0xac7c,
    0xa909,0xa240,0xad74,0x3b33,0x304c,0xaff2,0xbfc1,0xb441,0x2ba4,0xadd3,0x28b6,0x33e7,0x375d,0xbb06,0xad38,0x34fd,
    0x2e49,0xb09a,0xbabd,0x35c7,0x2d52,0xb9c6,0xb9e1,0xb1df,0x1c94,0xb20a,0xb433,0x2b90,0xb1af,0xadb7,0x2415,0x345a,
    0xa935,0x3891,0xad1c,0x2da5,0xaffe,0xa42b,0x2e9b,0xb360,0xbce3,0x34ea,0x3ab7,0x346d,0x3c05,0x30b0,0xad20,0xbadd,
    0x3ae5,0x30c4,0xaa50,0x9e2c,0xb0ce,0xae09,0xb251,0xb64a,0x2893,0xb080,0xb026,0x30d7,0xb5d0,0x2d1a,0x1ed4,0xa934,
    0xacac,0xad3b,0x2bc1,0x34c6,0xb0a4,0xaae3,0xacba,0xb1d2,0x3540,0x3135,0x35a9,0x2d87,0xb649,0xb3c6,0xaf00,0xaa94,
    0xadeb,0x38be,0xb7ed,0xa05a,0x2716,0xac36,0xb5d2,0x3c2a,0xadbd,0xa925,0x2d57,0x30e9,0xad77,0xb548,0xb103,0xa8b3,
    0xa624,0xa3c3,0xa010,0x389d,0x2eec,0xaf0c,0x443c,0xbb52,0x34f5,0x366f,0xaeeb,0x3004,0x374f,0xb39d,0xa7d2,0xb31a,
    0x2d60,0xaa43,0xb736,0x36db,0xb441,0xc031,0xbad4,0xb031,0xa8a5,0xb43f,0xb51b,0x2aff,0x2ed6,0xaefd,0x1c8b,0x2c2c,
    0xb7ab,0x39ef,0xabe0,0x306a,0xb05b,0xb144,0x2be1,0xb231,0xbc9d,0xa74e,0x384d,0x2fb1,0x3a14,0x2f1b,0xad55,0xb8ab,
    0x389a,0xb548,0xa5ce,0xb7f0,0x32b8,0xa886,0xa8d9,0xb850,0x3172,0xb7e4,0xa7ee,0x2a33,0x31d5,0x33ed,0x14d1,0xacae,
    0xade8,0xac13,0x2c6e,0x30fc,0xad12,0xaa46,0x2c2b,0xa93f,0x31ff,0x27fd,0x34dd,0xafe5,0xb564,0x36a3,0xb01e,0xa6b5,
    0xb01d,0x376c,0xb2e1,0x26b3,0xba2e,0x30d5,0xb342,0x343a,0xa62c,0x2b14,0xa69f,0x37e5,0xa814,0xb3ef,0xa8de,0xadb7,
    0xa2f0,0xa976,0xa165,0x281b,0xa17a,0xa0f6,0x4149,0xb6fd,0x30be,0x356f,0xb3d9,0xa657,0x2eb3,0xb581,0x2d7a,0x2076,
    0x2a1e,0x1e1f,0xaee7,0x2899,0xb4e5,0xbf6f,0x30e4,0x92eb,0xa771,0xa902,0xaf5d,0x9dd3,0xb3cc,0xad03,0xaa2f,0xa5dd,
    0x32c0,0xb339,0x9504,0x9ff8,0xac16,0xb01a,0x263a,0xb14d,0x2eeb,0xb878,0x3811,0xb0e1,0xa98d,0xa1b6,0xa9ce,0xb50c,
    0xadfb,0xb537,0x279a,0xb3f9,0x2d5e,0xb349,0x2861,0xb73b,0x2f9b,0xb5fb,0x245f,0xa598,0x3825,0x30c3,0x1cb7,0xaec8,
    0xb396,0x1e92,0x9453,0xaa62,0xaa61,0xa4b1,0xa544,0xa8f3,0xa586,0xa49a,0x2753,0xa50c,0xb2a3,0x3886,0xab35,0xaa90,
    0xb144,0x1d94,0xaf97,0x21d8,0xbc68,0x308a,0xa594,0xb688,0x9c85,0xab2d,0xa5b3,0x3212,0x2093,0xb0b9,0x2870,0xb1bf,
    0xa4d1,0xa9c0,0xaa95,0xb3a0,0x9bf3,0x2853,0x3d35,0x9a12,0x296f,0xa5b4,0xaf7b,0xad53,0xa9a2,0x3085,0x29e0,0xa3ff,
    0x2619,0xa035,0x2e77,0xadef,0xb29e,0xb434,0x32b8,0x2a43,0xa2bc,0x2c57,0x26c5,0xadf7,0x2cae,0xb01c,0xa8e5,0xb084,
    0x3152,0xbc08,0x21c3,0xace8,0x8c16,0xac11,0x2b03,0xa8b3,0x33a7,0xafdc,0x3450,0xb135,0xb873,0xa9f4,0x965f,0xb261,
    0xb09e,0xb0a7,0x205d,0xb3be,0xa465,0xb2e3,0xa7ea,0xaa9a,0xacae,0xb1c6,0x20c2,0x27a8,0x3448,0xa952,0x9c09,0xafc8,
    0xb2ae,0xa844,0xa811,0x2ae0,0x1d45,0x25e4,0xa5e3,0xaa6d,0xadbf,0x2a75,0x28f4,0x28d9,0x304d,0xaf84,0x2851,0x9ff3,
    0x1cf9,0xaab1,0xb00d,0xa81a,0xb927,0xac6a,0x9943,0xa981,0x26ff,0x257f,0x2509,0xb2d6,0xa542,0xaed2,0x9cdf,0xaf96,
    0x99f0,0xa9a2,0xa8c5,0x3180,0x2575,0xa4f0,0x32e8,0xb44d,0xb067,0x32fe,0x2ca9,0x241f,0xa899,0xba91,0xa2b7,0xb506,
    0x1c9b,0xa7d2,0xad74,0x2a47,0x2e3e,0x3bef,0xb3cd,0x9dc3,0x10ad,0x2dbb,0xa4b6,0xacfd,0xa967,0x28d1,0xa691,0xa329,
    0xafb4,0xb213,0x2009,0xaa8c,0x2926,0x24e6,0x111d,0xa413,0xb264,0xb545,0x31ae,0x26e4,0x2a39,0xa723,0xa579,0xad5e,
    0xb075,0x2d59,0x2923,0xaa0a,0x9d86,0xaf26,0xac9a,0xaffd,0x27d4,0xac5b,0xa4a8,0x2937,0x284b,0xad86,0xa5a5,0xb0e0,
    0xb401,0xa22d,0xace0,0x3284,0xa5cf,0x8e76,0xa91f,0xa5fe,0xa88f,0x1ccf,0x3031,0x2fbf,0x2ff4,0xaf52,0xadcf,0xadd5,
    0x9742,0x304d,0xb0d3,0xa60c,0xb4e3,0xb057,0xa310,0xb657,0x2627,0xaeca,0x2acd,0xaf64,0xa4d9,0xb146,0x214c,0xb05b,
    0x8c56,0xa395,0x9ad6,0x30b4,0x2804,0xa5c8,0x3dd3,0xa7d3,0xb0f8,0x35ca,0x2f7d,0x290e,0x26a1,0xb851,0xa7a8,0x3502,
    0x28dc,0xaab2,0xb0c9,0xb0fa,0x282f,0x3b0f,0x2993,0xa98e,0x2008,0x2e16,0xb162,0xab1e,0xad85,0xa8b8,0x1c71,0x1c6a,
    0xaa0a,0xac0a,0x0982,0xaae8,0x28e0,0xa77a,0xa5d8,0xad02,0xadc9,0xa71b,0x35d8,0x2ed4,0x3661,0xac52,0xa74b,0xb94b,
    0x3128,0xa96b,0x99e9,0xb675,0x9685,0xafa9,0x299f,0xb4ca,0x303f,0xab58,0xa850,0x2c59,0x3427,0xa55d,0xa616,0xaedf,
    0xb1bd,0xa249,0xac3a,0x30e4,0xa817,0x1f57,0x2332,0x1c4a,0x2e32,0xaae4,0x298c,0xa1b5,0xb562,0xb091,0xae4f,0xaea7,
    0x0f41,0x35c1,0xae55,0x2488,0xb831,0x144a,0xad7d,0xb77d,0x2230,0xaca8,0x2740,0x2cf4,0x9f94,0xb230,0x2458,0xad89,
    0x24c8,0xa4da,0xa129,0x2fde,0x2965,0xa246,0x402c,0xb375,0xa789,0x32e6,0x2724,0xa97f,0x2d03,0xb5ca,0xa434,0xa74d,
    0x28a6,0x9ee0,0x82a5,0xb39d,0xa8b1,0x31af,0x3031,0xa785,0xa15d,0x1d73,0xb10c,0xa81b,0x30cb,0xaabd,0x1ff0,0x2564,
    0xafcd,0xa678,0x9d2c,0x222c,0x2a47,0xa64c,0xa47a,0xacef,0xb28a,0xb176,0x309c,0x2696,0x3480,0xa88e,0xac0d,0xb5f6,
    0x33f7,0xacc9,0x26ca,0xb156,0x2d2f,0x2603,0x208b,0xb8a1,0x2df9,0xb44c,0x22be,0x2bd5,0x34c7,0x2ad8,0x1abc,0x2aad,
    0xb30d,0x99d7,0xa62f,0x2b10,0xa827,0xa23b,0x2627,0x9b8f,0x27a7,0xa583,0xab0a,0x2a25,0xb473,0xaa53,0xab74,0xaca5,
    0x15f7,0x322e,0xa78f,0x1d45,0xb905,0x3038,0xada6,0x9abd,0xa44d,0xaddc,0xa080,0x2dc0,0xa62a,0xaf1e,0x96fe,0xad6c,
    0x2705,0xa4de,0x9c4c,0xb21e,0x22dc,0x22c2,0x40ab,0x2e3b,0x2990,0x2d2f,0xac17,0xae70,0xaaeb,0xb25e,0x1755,0xa853,
    0x1be3,0x16d6,0x2c4d,0xb10b,0xadd4,0xb340,0x3081,0x219f,0x2043,0x2937,0xaa67,0xace4,0xb203,0xa95a,0x2849,0xae1c,
    0x2a06,0x33ba,0x2337,0xa68a,0x296c,0xab09,0xa493,0xacb9,0xaa86,0xb87a,0x3525,0xaa67,0xb585,0xa6e8,0xa9ca,0xb0be,
    0xb06d,0xa560,0x9b73,0xaf2f,0x1c70,0xac61,0x20f4,0xb594,0x9cd0,0xb1ed,0x274e,0x2874,0x33d6,0xa8ee,0x2562,0xa27f,
    0xb50e,0x21a3,0x9e56,0xa912,0x23bb,0x9ccf,0xa5fd,0xa59e,0xadc6,0x2234,0x1e15,0x27f8,0xab14,0xaead,0x2a32,0xac59,
    0xac43,0xaa9a,0xb1b8,0xa090,0xb552,0x287b,0xa04b,0x30fb,0xa234,0xac84,0xa329,0xaea1,0x228b,0xacff,0x20f4,0xad12,
    0x2046,0xa865,0x99f3,0x2c67,0x9552,0x244a,0x3e66,0x2c55,0xadf8,0xa866,0xad0b,0xa8dc,0xb008,0xb363,0xa490,0x2a5f,
    0x1f59,0xa415,0x28e5,0xac9c,0xad5a,0x3ac2,0x2f20,0x2747,0x27d6,0x2eee,0x2830,0xb07a,0x2e33,0xa92b,0x2302,0xb0b6,
    0x2c43,0xa8f6,0x2428,0xaa56,0x2433,0xa4ef,0x2724,0x2645,0x2e68,0xb08c,0x323c,0xac87,0xb414,0xac58,0xa0e6,0xad80,
    0xb14a,0xb188,0xa980,0xb435,0xad78,0xa2a2,0xa880,0xa8ab,0x3c75,0xba8f,0x3a45,0x353d,0x3edf,0xb473,0x39f5,0x366a,
    0xb8b4,0x3a0e,0xb864,0xb6ca,0x3b76,0x3c55,0x378f,0xadb9,0xb3ac,0xa379,0x3889,0xa92f,0xb0a6,0xb678,0x3d5d,0x3be1,
    0x412f,0xa490,0xb1e6,0x3a86,0x3e3c,0x34de,0x3558,0x3c42,0x3a15,0x38ad,0x356e,0xbb56,0x3ae9,0x329c,0x3c2c,0xb5b7,
    0x37a8,0xb95b,0x3b35,0x3ebe,0xb6f0,0x40cc,0xbb2b,0xbb49,0xb9b0,0x3667,0x3c94,0xbc8e,0x3804,0x3533,0x2fd0,0xb89a,
    0x3455,0x39da,0xb879,0x3d8d,0x3694,0xc33f,0xaf18,0x39f5,0x3936,0x4031,0x34df,0xb089,0xbb32,0x23d0,0x3861,0xb02f,
    0xb776,0xbac9,0x3d6e,0xb436,0x3ad2,0x27cb,0xbc2b,0xba0f,0x4005,0x21d4,0xb233,0x39b1,0xb877,0xafff,0x3bd5,0xb558,
    0x369b,0x1dce,0x3d2b,0xb68b,0xb8d1,0xb82b,0xbcbc,0x387b,0x2eb4,0x2830,0x9fe4,0x34be,0xb0e9,0xb7b6,0x3742,0xba2b,
    0x35af,0x360f,0x2ba8,0x299a,0x34dc,0x33c4,0xaa40,0x322c,0xba3c,0xaf24,0xb410,0xb4a6,0xad2e,0x3896,0xb120,0x30ce,
    0x3aa3,0xaad5,0x32bb,0xaf81,0x9c3a,0x3bc6,0xb8f9,0xab6c,0xbb94,0xb5af,0x35f7,0x2a98,0xb4be,0xb6dd,0xa622,0xc160,
    0xb30a,0x2896,0x285d,0x32de,0x3d10,0xba2c,0x317f,0xb706,0xb314,0x2c67,0x9b41,0xb34a,0xb022,0x3309,0x28af,0xaeff,
    0x325f,0xae87,0x31dd,0xb28b,0xa367,0xae62,0xb328,0x2f3a,0xb13f,0xb10d,0x34f4,0xb661,0xba5c,0x367b,0xb759,0x322b,
    0x2efa,0xb254,0xb158,0x8571,0xb166,0xba77,0xb299,0x36e3,0xb6ee,0x3a02,0x3537,0x2da7,0xb198,0xb97e,0xb2a4,0x38b2,
    0xb5b2,0x2ea2,0x22c6,0xb061,0xbb43,0xb97a,0xb68d,0xb45c,0x3122,0xb1c3,0xb338,0x3128,0x2b36,0x30eb,0xb08c,0x3767,
    0xbd5b,0xae64,0xb6c4,0x3296,0xb54e,0xa0d3,0x2e67,0x3179,0xbc57,0xb923,0x31f3,0xc009,0x3019,0x34d1,0xba50,0xb9b9,
    0x381a,0x32e7,0x2576,0x3bd9,0xabad,0xb66b,0x332f,0x371f,0xbaf4,0xb889,0x1d69,0x3197,0xb250,0xb023,0xb411,0xab48,
    0xb5eb,0x3023,0xb1e9,0xa028,0x2ec1,0xb417,0xb8bd,0x32dc,0x2cd5,0x283b,0xb0e5,0x2c31,0xa983,0x362a,0x30f3,0x30f9,
    0x3104,0x36ee,0x34a1,0xb51d,0x2d02,0x2956,0xb3b7,0xbbb3,0xb3b6,0xb1a7,0x3512,0x2cea,0x37b7,0x2893,0xb64a,0x35c9,
    0xbb84,0x3159,0xb2d7,0xb013,0xad0e,0x22f0,0x19ee,0x2c21,0xba9c,0xb6db,0x3591,0x2980,0xbc0e,0x307f,0xb167,0x2f79,
    0xb7a6,0x2a86,0xb454,0xb6ab,0xb327,0xaf14,0xaff7,0xa1cd,0x3046,0x24cb,0x3039,0x24c8,0xb067,0xb06c,0x355f,0x3a1e,
    0xb877,0xbac1,0x30cf,0xafd8,0xb816,0xb694,0x30c5,0x3879,0xb725,0x2c30,0x3499,0xbcb3,0xbdef,0x33c5,0xb82b,0xb713,
    0xaad9,0xb2c4,0xb567,0x3520,0xb676,0x256a,0x393f,0x2aca,0xb691,0x309f,0x3557,0xb40b,0x3471,0x3ce1,0x26cf,0x36f5,
    0x2d6b,0xb3d0,0x36fb,0x34ac,0xb54d,0x34ac,0x2b52,0x1e31,0xb339,0xb463,0xae79,0xbb71,0xad02,0xa3ae,0xbaa5,0xbb3d,
    0xbc1e,0xbd2a,0x34bb,0xb41c,0x32ae,0xb5f6,0x2fe2,0xb8fb,0xa875,0x2d65,0xbdd0,0xb9e2,0x3b8a,0x2c4e,0xaa99,0xbb17,
    0xbb90,0x2d82,0xb2af,0x359c,0x1bc4,0xb717,0xad39,0x2fbe,0xbb57,0xb825,0xb5b4,0x2e39,0xb257,0x2c79,0x28f3,0x3b6f,
    0xb352,0xadb6,0x3900,0xb038,0xbbb9,0xb0c9,0x39b6,0x365b,0x23cb,0xb3cb,0xaee8,0x38ea,0x2836,0xb4dd,0xb5de,0x35d3,
    0xb954,0xa7f6,0xb20e,0xb36d,0x38fc,0x2b76,0x2e84,0xb95f,0x3965,0x31b6,0xb8a9,0x3b78,0x3b69,0xb3c1,0x3c34,0xaf89,
    0xb40d,0x2c31,0xb0ab,0x2404,0x994d,0x2c76,0xb012,0xabf9,0xb465,0x39c1,0x3022,0x34ca,0x32a3,0x357a,0xb23c,0x3500,
    0x3232,0xb816,0x2fa1,0x34fe,0x348b,0xb73f,0x3826,0xad8d,0x9292,0x1a77,0x290d,0xb4e6,0xb0d7,0xb406,0xb442,0x3406,
    0xb6cf,0xa9c4,0x37c0,0xb305,0x35d8,0x3564,0xa961,0x380c,0xb796,0xb4a4,0x35d9,0x3558,0xb52a,0xadf6,0x3921,0x321b,
    0xbc09,0xaf68,0xaef5,0x36f9,0xb60d,0x34af,0xab80,0xb7f6,0x2d22,0xb8e4,0x3ad2,0xa363,0xba4f,0xbad7,0x30e8,0xae04,
    0x30bf,0xb6d9,0xb917,0xb6a9,0x3ad0,0x2d6c,0x37fe,0xb205,0x32eb,0x2636,0x2af8,0xb341,0x29cf,0x257a,0xb15b,0xb2c1,
    0x3588,0x2449,0x3879,0xaeab,0x3245,0x3b4e,0xad44,0xb1f6,0xbb6f,0xae69,0xacb8,0x34c0,0x9d2e,0xb5b7,0xb219,0x354d,
    0xa6ff,0x309a,0xb001,0xbbd6,0x95a7,0xb3b2,0x30f5,0x2cf4,0x2af6,0xbcc0,0xad2d,0xa97c,0x33cc,0xb011,0x1cf9,0x37a5,
    0x3412,0xb0ff,0xb550,0x3434,0xb29c,0x1a53,0xb80d,0x33e9,0x33ee,0x2d78,0x30a6,0xbae1,0xb2bb,0xaeed,0xaeb0,0xa8d5,
    0xb804,0xb45c,0xb506,0x288b,0xb6b1,0x392e,0xb2bb,0xaf0b,0xb9a7,0xb339,0xb12e,0x3201,0x3028,0x35ee,0xb102,0x2f8d,
    0x3500,0xae00,0x286a,0x2dab,0x299c,0xb70d,0xb910,0xafba,0xb9d7,0x3a13,0x3726,0x2d66,0x34b7,0xbc0f,0x30c2,0x305c,
    0xb5bb,0xb61c,0x34a9,0x37b3,0x2d98,0xb906,0x2c06,0x357a,0xb2a0,0x2806,0xaba2,0xb33c,0x2c37,0xae2e,0x3592,0xb047,
    0xa56c,0x389f,0x33b2,0xa2f8,0x34ec,0xb218,0xaafc,0x340d,0x3375,0x2c2c,0x32fb,0x32b5,0x327d,0x2dc3,0x31ab,0xaad8,
    0xa9c8,0xaf17,0xb28a,0xb716,0xab48,0xb5a3,0xbcc1,0x351c,0xba8f,0xb8e6,0xb700,0x3099,0x36b1,0xb806,0x2ef6,0x3405,
    0xb1e7,0xa9dc,0x3503,0x320a,0x2db6,0x2cb5,0xa1f4,0xb592,0x2eb9,0xb80d,0x1d2b,0x321f,0xa7e4,0xb4f3,0x3551,0x2f1d,
    0xb6d3,0x2e8b,0xb186,0xa7b3,0xb1f7,0xb3e2,0xb13d,0x380f,0x361e,0xb832,0x2f6c,0xafd8,0x35a3,0x1e0d,0xb91b,0x3b5b,
    0x38a1,0x3010,0xaf07,0x35ef,0x3153,0x3464,0x3608,0xab1c,0xbc0f,0xb708,0x395c,0xb33d,0xbb97,0xb966,0xae34,0x2caa,
    0xafd4,0xb82d,0xb4b4,0x3416,0x36ca,0xb8a6,0xb4e5,0x3502,0x3517,0xb33a,0xafae,0x35bb,0x2ed3,0xb735,0x3472,0xad63,
    0xb703,0xb0e9,0xb6e3,0x9812,0x3887,0xb49c,0x2b54,0x31a5,0x3941,0xaf20,0xb651,0xb31b,0xadaf,0xb22a,0x34b2,0x3829,
    0x3758,0xa5b3,0xacb7,0x31db,0xad5f,0xb685,0xb55f,0x3416,0xb5f3,0xa56b,0x3315,0x3373,0x36d8,0x3955,0xb1e8,0xb14e,
    0x3390,0xa8f8,0xba9f,0x3833,0x36ba,0x32c9,0x3bfd,0xb820,0x2777,0x2c73,0xadac,0x9e00,0x3114,0xbdb1,0xb874,0xbce4,
    0xba0f,0xbda4,0xa00c,0xa8cd,0x2fc1,0x3b3c,0x32d4,0x38c9,0xb4c0,0x34ed,0x30de,0x341e,0xbd69,0x388c,0x387c,0x3c1a,
    0x2db2,0xb757,0xb3da,0x3135,0xac0e,0x35b5,0xb652,0x347e,0xb221,0xa4fe,0x2cac,0xb215,0xa9b2,0xb84f,0x217a,0x2bdd,
    0x348f,0xad01,0xa93f,0xb334,0x37f9,0xae9e,0x3596,0xb15f,0x33b2,0xb6cd,0x2bde,0xb6b8,0xb2fa,0x2f45,0x2ed6,0xab17,
    0xaf53,0x34b4,0x2f66,0xaccb,0xb3da,0x37b2,0x2a1e,0x2d21,0xb00c,0xb50d,0x3360,0xb326,0x2f7e,0xb6ff,0x2aa0,0x26b0,
    0xb6f9,0x2b9d,0xaa2a,0x29c0,0xb0e9,0xa6b7,0x2fc0,0xb5fc,0xb032,0x3320,0x389a,0xa98c,0x2d15,0x39bc,0xaf3c,0xb027,
    0x254a,0xb2fa,0x31f0,0x252e,0x353a,0xb456,0xb403,0x2cf7,0x958a,0x09fe,0xab8b,0xb663,0x2d97,0x2475,0x2de6,0x33bb,
    0xbbb0,0xa91a,0xb8ba,0x1eb5,0x2c0e,0x3658,0x2426,0x35ab,0xbb3a,0xb612,0x2fad,0x2db5,0xb5c3,0x30a6,0xb311,0x3615,
    0x3904,0xadb5,0x2920,0xb2a8,0xab7f,0x3830,0x3501,0x329b,0xb693,0xbe28,0x3c68,0xaec2,0xba36,0x31a1,0xb450,0xb7f8,
    0xb84c,0xab33,0xc09e,0xb8db,0x3d86,0x3c05,0xb93d,0xb9c7,0xb35f,0x1d2e,0x1f0a,0x3216,0xa602,0xb780,0x399b,0x3397,
    0x38b5,0xafd3,0xb57a,0xaa6b,0x3547,0xaf9e,0x31e6,0x3962,0xb7ac,0x3110,0xb799,0x3398,0x36ef,0x2665,0xb618,0xa92f,
    0xbda5,0xb13e,0xb2cd,0xb620,0xb27c,0x2a2a,0x39fc,0xbc22,0xb0af,0xadf7,0x329e,0x2211,0xb55f,0xb63f,0xa69d,0xaa74,
    0xb5cb,0x3155,0xbb71,0xa819,0x3aec,0x375e,0x351e,0xb4b8,0x342a,0x2784,0xaf3a,0xb624,0xb240,0x36bb,0xb822,0x399c,
    0xb5c6,0xb8f6,0xb86f,0x2431,0xb39c,0xb6f1,0x3133,0xb539,0x316b,0xb48f,0x34e0,0xae67,0x3c15,0x33e0,0xb097,0xb838,
    0x3722,0xb481,0x3055,0xafa2,0xb30b,0xb531,0xb823,0x353f,0xac1d,0xb228,0xb77c,0xb231,0xb6bf,0x3bd2,0x2e76,0x32b2,
    0xb008,0x2a92,0x3561,0x382a,0xb39d,0xb036,0x2fc2,0xb465,0x3621,0xaed1,0xaaa6,0x300f,0xb23c,0xb9bb,0x3625,0x336c,
    0x3185,0x303a,0x339b,0xb47c,0x2d97,0xb39b,0xb3f7,0x31d7,0xbcf7,0x2ce3,0xb05f,0xb77a,0xb38b,0xaed8,0x325b,0xaaeb,
    0xb9e8,0x2964,0xac0c,0xac44,0xb031,0xb19e,0xb09c,0xb9be,0xb90e,0x35d3,0xb8b4,0xaee7,0x39a4,0x35ad,0xb446,0xb181,
    0xa733,0x1c3b,0x3628,0x25a5,0x2bd5,0xb0dc,0xab27,0x39bd,0xbb4d,0xb47a,0x3314,0xb8e6,0x9803,0x3464,0xb6dd,0xb616,
    0xb86e,0xa090,0xb672,0x2faa,0xaac3,0x33b9,0x2c7d,0xb05f,0xb112,0x9ed7,0x3af8,0xb432,0xb886,0xb460,0xb87a,0x3466,
    0x370a,0x2b87,0xae93,0xb8c3,0xb17b,0x3478,0xb700,0x391e,0xba5e,0xb46b,0xac30,0x2c96,0xb780,0x322f,0xaef3,0x31f1,
    0x301e,0x3157,0xba7d,0x3535,0xb3f1,0x3281,0xacc6,0xb8a9,0xbbf0,0xb59c,0xae73,0x3c08,0xa3b9,0x31e5,0xaa1a,0xc086,
    0xb919,0x3349,0x346c,0x125c,0x304b,0xb416,0xadad,0x2ea3,0x2c71,0xa115,0x3652,0x319f,0x34b2,0xb6d2,0xb2c5,0xa8c6,
    0x3715,0xb4a8,0x2ddc,0x3a77,0xb156,0x218a,0xa54f,0x2ddf,0x3225,0xb5c6,0xb881,0xadb6,0x3082,0x392b,0xb34e,0xb1bc,
    0x2fca,0xb57a,0xbad1,0xb604,0xb892,0x3711,0xae06,0xb334,0xb83a,0xb52e,0xb255,0x30b8,0xb50f,0x39bd,0xb186,0xb548,
    0xaf50,0xb64e,0x2d7f,0xac2a,0xa3ad,0x9932,0x31ed,0xbce6,0x35f0,0xb59c,0x3be0,0x34e0,0x352d,0x3165,0x3251,0xb47d,
    0xa8b5,0x2669,0xa914,0x1bf6,0xb0b2,0x3747,0x2e59,0xb411,0x3991,0x2fbd,0x3844,0x3462,0x3452,0xbf0b,0x23fc,0xb48b,
    0xb50d,0x3110,0xb40b,0xb366,0x3646,0x2e10,0xaa5d,0x367c,0x355d,0xb4d9,0xadbd,0x3989,0x9c22,0x378a,0x336b,0xb100,
    0x2273,0xb087,0x3742,0xac48,0xb90b,0xb8fb,0x31f6,0xb208,0x38ea,0xb59e,0xb5cd,0xb32c,0x2222,0xa073,0x237d,0x9fc1,
    0xba03,0x319c,0x928d,0x2eb8,0xb0c0,0xa852,0x3981,0xa13c,0x32bb,0xac4e,0xb62e,0xaf91,0x3be8,0xb47e,0xb2e3,0xb81a,
    0xb43b,0xb02e,0x2e20,0x3386,0x3327,0xb586,0x30dc,0x2fb7,0x9d3b,0x20b0,0x2902,0x3d21,0xb2eb,0xb679,0x3454,0xb772,
    0xb8e1,0xa555,0x32cd,0x2c8f,0x3a70,0xa584,0xb438,0xae80,0xb28a,0x3412,0xa5fa,0xb4fb,0xb8d1,0xa935,0x2e69,0xb9ea,
    0x3425,0xb05d,0x2f2f,0x36f9,0xaf07,0xb4cb,0x337a,0x3658,0xb4fc,0x2d31,0x36e9,0xb233,0xae68,0xb50c,0x1ce3,0x34ad,
    0x3551,0xacd0,0x3433,0x3739,0xb141,0x2ca1,0x3543,0x3909,0xb994,0xb7e8,0x2a29,0xb6fb,0x301d,0xb6e3,0x330e,0xb4c9,
    0x38a7,0x38be,0x31ba,0xb22c,0x3ba2,0x3419,0xb44b,0x34e6,0xba45,0xae19,0x3868,0xb5b5,0xb6e3,0x34f3,0xb59d,0x9f95,
    0x32c1,0xb406,0xadc6,0xb52e,0xafaf,0xb746,0x3036,0x2923,0xb3de,0xb4dd,0xb470,0xb528,0x2819,0xb0da,0xb46f,0xb090,
    0xb2a0,0xb57a,0xa994,0x2b47,0x3645,0x37b6,0x32cd,0xb04d,0x37e6,0xb75b,0xa6d2,0x3c6e,0xb21d,0xb071,0x3581,0x2614,
    0x3033,0x31c9,0x3705,0x22ec,0x3302,0xb7a1,0x3114,0xae67,0x34e7,0x2ac9,0x2bc4,0x320a,0xb6c5,0x2c63,0x3495,0x3238,
    0x2f7d,0x2cd9,0x32af,0x31b8,0xb1d8,0xb97e,0x35d5,0xb3d5,0xae59,0x3151,0x381d,0x2f34,0x3489,0xb8e4,0xb246,0x3802,
    0xbba9,0xb7ae,0xac1c,0x2e30,0xb937,0xb199,0x2e8a,0xaced,0xaa25,0xadbe,0xaff5,0xb8ec,0xb236,0xb750,0x357a,0xbd59,
    0xb475,0xb620,0xb6ff,0xb083,0x30f7,0xb4e1,0x2cd2,0x3477,0xb309,0x291b,0x310e,0x2e08,0xb9e4,0x33bd,0x372e,0xb823,
    0xb594,0xaaf2,0xaf04,0x355e,0xad73,0xba9b,0x2cb8,0xb83a,0xbbd1,0xb2e0,0xb919,0xa46d,0x38b0,0xb1a2,0xb301,0xadad,
    0x378d,0xad9f,0x2d54,0xb8a1,0xb866,0xb8d9,0xbb0a,0xb7bb,0x3073,0x2075,0x2b22,0xb260,0xa0bb,0x2924,0xb510,0x361d,
    0xb56f,0xb80a,0xb3e2,0xb252,0x34fd,0xb1c2,0xadce,0x2c43,0xab52,0xaed7,0xb315,0xb51f,0xb1a8,0xb5d7,0x30c7,0xb45a,
    0xb323,0xac93,0xad60,0xae24,0xb144,0xb917,0xb1dd,0x2efa,0xb4b6,0xbaf8,0xbb9a,0xb47a,0xa9a7,0xb38d,0xaed6,0xb469,
    0xaf0c,0x31d0,0x3489,0xb111,0x31fe,0xbd36,0xb9c7,0x3cad,0xb9bc,0xb0b5,0x1460,0x3247,0xad77,0x3628,0x3176,0xb305,
    0xb280,0xae0b,0x3144,0x2f6e,0xac14,0x2dce,0xb470,0xb95d,0x3222,0xb467,0x3476,0xb59f,0x394f,0x2e9b,0xadcb,0xb29e,
    0x34fa,0x9d2a,0xad2e,0x3493,0xa5f5,0xacd2,0xb098,0x3109,0x342b,0x379a,0xb424,0xb3ab,0xaf4a,0xb80b,0xb32b,0x1c8a,
    0xb691,0xb32d,0x39a6,0x2d2d,0xb506,0x3445,0x35a6,0x3290,0x31d7,0xa864,0xb147,0x9f3c,0xb251,0x31c7,0xb81b,0xb189,
    0xb05f,0xb25e,0x29d3,0x20eb,0x3694,0xbba0,0xadd7,0x380a,0xb34c,0x31a1,0xb42c,0x2818,0xb109,0xaad7,0x360d,0x3484,
    0xba23,0x1ec4,0xb208,0xb484,0x30ad,0x34b0,0x3466,0x37d4,0xba5f,0x2ad6,0xad3f,0xa908,0xb220,0xaada,0x2ee5,0x2c43,
    0xb8c7,0xb0df,0xb5b6,0xbc15,0xb566,0xaf3e,0x3a08,0xb443,0x35c0,0xadb9,0xb0df,0x3857,0x9e3d,0xba10,0x288b,0x1b5f,
    0x2ed1,0x348d,0xb006,0x343a,0x2ea9,0x2670,0x9cd9,0x3147,0xb64b,0xb701,0x332e,0xb535,0xb517,0x38c3,0xb078,0x34bd,
    0xb40d,0xa978,0xadf9,0xb284,0x2c2e,0x3354,0xb30a,0xae48,0xb60d,0x2843,0xb348,0xb09b,0xa24a,0xb5cb,0x2e55,0xb590,
    0x3473,0x27a5,0x326e,0xb951,0xb3a0,0xa32e,0xb839,0xb549,0xb050,0xaa3f,0x24f4,0xc003,0x306a,0xb37c,0x9f1a,0xb433,
    0xb792,0xbc2b,0x9b2b,0x2e8f,0x2ef4,0x3d5b,0xa90e,0x379c,0xb2fa,0x3044,0xb66d,0x36a4,0xb651,0xaf47,0xaec6,0xb81f,
    0xb604,0xad96,0xb449,0x322f,0xb5cd,0xb44e,0x33eb,0xb3f1,0xa613,0x2a68,0x391b,0xb3b9,0x28f7,0xb07a,0xacd1,0x2863,
    0xa7b5,0xb465,0xad6e,0x340f,0xb4a5,0xb60c,0xac36,0xaca0,0xba04,0xb4dc,0xb3dd,0x34a4,0xb22f,0x310f,0x319f,0xb219,
    0xae43,0x2426,0x29fb,0xb1f2,0x3685,0xbb36,0xb09d,0x2c14,0x3070,0xb4a4,0xb0de,0xa57d,0x32f9,0x311b,0x2e0e,0x2590,
    0xb92b,0x32dc,0xb296,0x3536,0xa717,0x3662,0x3b7a,0xb91e,0x3160,0xb964,0x2b9b,0xaf7b,0x3cbb,0xb300,0x2af6,0xb8b3,
    0xb81a,0x330b,0x3447,0xbc98,0xbb2d,0xb8d5,0xbaf8,0x3a9d,0xaf89,0x326f,0xb17e,0x3525,0xb364,0x35fe,0xb233,0x3a6d,
    0xb458,0xbc2b,0x384e,0xb40d,0xb890,0xa8aa,0xb0cf,0xb18c,0xbdbb,0xb7c0,0x305d,0xb30c,0xb3ed,0x2cc6,0x3145,0x3422,
    0xb14b,0xb3d8,0xad71,0x32f6,0xb2e8,0x3288,0x9928,0xb194,0xb4c4,0x32e1,0xaed1,0x2e63,0x2c8d,0xb06a,0xb067,0xb8b9,
    0xb218,0xaa52,0xad64,0xb279,0x35c3,0x3264,0xad46,0x2c43,0xba3b,0x2da1,0xb49c,0x31d0,0xa7e5,0xa64b,0xb90a,0xbb53,
    0xb695,0x2b55,0xb988,0xa9c4,0x2e4f,0xa94c,0x3043,0x3803,0x3097,0xb6a9,0x33e3,0xac71,0x3c5b,0xbcb7,0xbac4,0x3b6a,
    0xad34,0x2e4d,0xb235,0xafda,0xaf7b,0xb130,0x39a9,0x381b,0x3241,0xb52d,0xb536,0xaf94,0x37fd,0xb691,0x2ed8,0xb62e,
    0xb00d,0xb4d9,0x3808,0x359a,0x9457,0x3612,0x3627,0xb2a9,0xb5be,0xb800,0x29df,0x3472,0x25af,0x374f,0x2696,0x3795,
    0xb749,0x31a7,0x358e,0x309f,0xb152,0xa43d,0xb06b,0xb5af,0xacb8,0x294d,0x2f53,0x2eb3,0x3131,0xab56,0xb603,0xb679,
    0x38c6,0x2577,0xae6f,0xa69f,0xad0f,0x3c31,0xbc7e,0xb19b,0xb90a,0x2e11,0xb55a,0x2ef0,0xb90e,0xbc0b,0xa41f,0xba2a,
    0x34eb,0x2c58,0x1be2,0x36fe,0x37f9,0xb009,0xbc33,0x10e8,0x2d7a,0x98f0,0x2e86,0x35ff,0x2d77,0x31b9,0xb217,0xab96,
    0xb523,0x3673,0x339a,0xa149,0xb414,0x396b,0x28d0,0xb4fc,0xb576,0xa80e,0xace3,0x3881,0x31ae,0xb487,0xb254,0xaea3,
    0x3825,0xaf9b,0xa9ee,0xb472,0xb438,0xb865,0xb495,0x38f5,0x2eae,0xb8d7,0xb2b1,0xabbf,0x32f1,0xb2b6,0x280b,0x34ca,
    0xbc52,0xb1d1,0x2ed3,0xb312,0xb979,0x32e5,0x30ac,0xb26b,0xb5e4,0xa2d2,0x3199,0xb855,0x32c0,0x2ce7,0x3508,0x3690,
    0xb226,0xb757,0xaf8a,0xaab7,0x3467,0xaa85,0xa85a,0x3019,0xb26f,0xb35f,0x3773,0x3580,0x318a,0xb16f,0x3675,0xa86b,
    0xa458,0xacf2,0xaac5,0xb9be,0xb08d,0x376d,0xae23,0x34c8,0xb117,0xa73b,0xb65c,0xb1c7,0xb45d,0x31ea,0x2c47,0x2d8a,
    0xb461,0xb12f,0x8e00,0x33bc,0x38f4,0x3759,0x264a,0x34bf,0xb09f,0xb63b,0x2d85,0x2cdb,0xadc4,0x261a,0x2976,0xb75a,
    0x2eb5,0x3764,0x309a,0x273b,0x33e2,0xb073,0xb460,0x2e31,0xa4a8,0xb4d0,0x315c,0x30ef,0xb041,0x31aa,0x32d6,0xb088,
    0x3365,0x9c99,0x245a,0x2fc9,0xb5a5,0xb804,0xaf47,0x2ba3,0xb476,0xb299,0xb291,0xaeb8,0x3507,0xbc00,0xb02b,0xb14a,
    0xae2c,0xb47b,0x3229,0x3274,0xb5a8,0x3553,0x2d9e,0xb6a6,0x393e,0xa973,0xb32d,0x2dec,0x2f66,0x36b8,0xb464,0x3078,
    0x38f1,0x37d7,0xac5b,0x313b,0xb253,0x32fe,0xb4f3,0xb71a,0xb5f3,0x1c5e,0xb88b,0x370e,0x365f,0x31f7,0x3006,0xa9db,
    0xb3ad,0x32b6,0x2c66,0xba28,0xa45c,0x31e9,0xb629,0x38ef,0xb3b1,0xb7ec,0xb1ac,0xb0c6,0x31b4,0xabac,0xa93f,0xb1a3,
    0x3108,0x3013,0xbc0b,0xb8fc,0x3668,0x2d63,0x3669,0xbc0f,0xac1e,0xb330,0xb1e3,0xaee1,0x29c5,0xaab2,0xba89,0x302b,
    0xba32,0xb125,0x32cf,0xb27d,0xa25a,0xac65,0xb002,0xaaf6,0xb4b8,0xb1b1,0xacb4,0x9dbb,0xaf07,0x34c7,0x2d77,0xb4f8,
    0xba21,0xb6c7,0xa45d,0x3b9b,0xb179,0xbcaf,0xa7ae,0xb6e6,0xbb4d,0x35c7,0x3693,0x2c1d,0xa4b0,0xac85,0x29f9,0x3d41,
    0x3935,0x2e88,0x35cd,0xb5ce,0xb062,0xbd7f,0xbb40,0x3ecf,0xb142,0xaec7,0x3030,0x3405,0xb1c5,0x3c62,0x2321,0xb78e,
    0xb50e,0xb0b7,0xb573,0x2f42,0xb813,0xb913,0x2e5e,0xb544,0xbce5,0x3369,0xb8b6,0xb9cc,0x33e9,0xb277,0xbc32,0xadc6,
    0x376c,0x29ef,0xb312,0xb013,0x2e27,0x33b6,0xb768,0xba18,0xba06,0x3163,0x329d,0x2f8c,0xb340,0x3cd4,0xb020,0xba8e,
    0xb4bf,0xacba,0xb6db,0x346c,0x360d,0x34c6,0xb9c5,0xb95b,0xb264,0xb1d7,0xb232,0xae24,0xad3f,0x2efa,0x2855,0xb490,
    0xb7cf,0xb444,0x2dc2,0xa98a,0x3269,0xb99c,0xb4c4,0xb97b,0xba63,0xb14b,0xb73d,0x2e4e,0xa24a,0xa1ee,0x2c2e,0xb7b0,
    0x3976,0xb33a,0x2bc0,0x3428,0xb30c,0x3453,0x2fc2,0xb4b7,0xb7d2,0xbbf6,0x3858,0x281b,0xba6b,0xa98c,0x30c7,0xbadd,
    0xb300,0xb422,0x327c,0x380a,0x2b29,0x2d92,0xb807,0x33d1,0xb7ed,0xb395,0xb33d,0x360a,0x1de9,0x34cd,0x2960,0xbaf3,
    0xabb3,0xac54,0x2ed0,0xb2aa,0xb755,0x3858,0x2c7e,0x2170,0x317a,0x2c79,0x2dd9,0x3241,0x2ae0,0xb4d7,0x2894,0x3471,
    0xb180,0xa832,0xb15d,0x3973,0xaf2f,0x3a6e,0xb8dc,0xb8d7,0xbc95,0xbdcc,0x355c,0xb42e,0xb88d,0x3617,0xb294,0xb975,
    0xb636,0x2d6a,0x2f30,0xb4c9,0xb50a,0x38d0,0xa1b7,0xb889,0xad06,0xb05c,0xaf43,0x32f7,0x2f0c,0x3858,0xbaba,0x352d,
    0x37d3,0x33e2,0xb7f3,0xae6a,0x3451,0xbc59,0x2e65,0xb8a0,0xbbb0,0x2fd1,0x3476,0xb49e,0x3673,0x384b,0x014e,0x376c,
    0x3728,0xb0cf,0xb2e6,0xb377,0xabc4,0xb71e,0xb417,0x344c,0xa9c2,0xb3ab,0xb6ac,0xb0a2,0x0cd7,0xba00,0xb0f1,0x38fd,
    0xb441,0x1db3,0x367a,0x3455,0xb8ce,0x332e,0x31eb,0x2ad1,0xadc2,0xb45c,0xb72d,0xb04b,0xae8e,0x38c9,0x29ab,0xaa7e,
    0xb416,0xb4cd,0xa021,0x30c5,0x379e,0xb7d5,0xa9ad,0x314e,0xac85,0xb501,0xb805,0x307d,0x355f,0x3491,0x38f5,0xba31,
    0x32ed,0xb4bd,0xb173,0xb6c1,0xae85,0x369f,0xb40d,0xb523,0xb8ba,0xbb0d,0xb4ed,0x1f16,0xb234,0xb977,0xa813,0xa64e,
    0xb553,0x352e,0xb874,0x36cc,0x37b6,0x363a,0x39fa,0x2f6f,0x3632,0x2891,0xb201,0x3643,0xb20b,0xb395,0xb859,0x32be,
    0xb493,0x3904,0x3390,0xb04b,0xb5c1,0x3c9b,0xb2a5,0x30e9,0x31f1,0x251c,0xaea5,0x327b,0xad5b,0xb6ee,0x31ff,0x30a5,
    0x3699,0xac5c,0x2c43,0x3225,0x3038,0xbd28,0xbc75,0x34b0,0xb48c,0x38a6,0x29e8,0x2c6a,0xaf4f,0xb906,0xaa30,0x3541,
    0xb44d,0xb135,0xb9d5,0x2c49,0xad51,0x3844,0x2a19,0x3572,0x30e7,0xb363,0xb4a1,0xb830,0xaa69,0xa13a,0xba5b,0x39ca,
    0xb2f2,0xb5f1,0xaca0,0x306d,0xb872,0x39a3,0x32f0,0xb491,0x30a1,0xae84,0x2c50,0x386d,0xb61c,0x2c5a,0x385d,0x2a3f,
    0x9481,0xaef4,0x2dd7,0xb531,0x304d,0xb96b,0xaeee,0xb819,0xb39a,0x2fd1,0x36d3,0xb1ba,0x38cf,0x25f5,0x241d,0xb044,
    0xbbd3,0xa58c,0xadd2,0x3899,0xba07,0x2a13,0x8cdf,0x32c3,0x2f78,0xb151,0xaf00,0x9e8b,0xb1f3,0xa4e9,0x29b5,0x31c7,
    0xb5a6,0x3088,0xad48,0xafce,0x3443,0xaaee,0xb0f5,0x3145,0xac0e,0xb3ed,0x304c,0x31f1,0x2d13,0x32fd,0x35be,0x2c80,
    0x2dc2,0x3039,0x395f,0x3a70,0xb3af,0xb429,0x35fa,0xace3,0xa4d3,0x39bd,0x2e63,0xb09d,0x37ce,0xb965,0xb381,0xb257,
    0xa55c,0xae42,0xb59c,0xb3c8,0x3826,0xb600,0x1db8,0x3392,0x2cc2,0x39ea,0xaa00,0x3925,0x3bc1,0x2d6f,0x3a4b,0x2f93,
    0x2fc2,0xad17,0x2e4f,0x23bf,0x30a9,0xb6e2,0x38ba,0x365c,0x24ff,0xb868,0x32af,0x208b,0xb92c,0x2ff1,0xb43f,0x33ee,
    0x30c4,0xbad9,0x3491,0xb40d,0x38a1,0xb709,0xb01c,0xad08,0xb3af,0x36b1,0xabb1,0x2cf9,0xb8a8,0xba92,0xb612,0x3c1c,
    0xb899,0xb0f8,0x340c,0x3c3b,0xac14,0xb98e,0x387b,0xad32,0xb13d,0xb51d,0x3b03,0xac54,0x2f54,0x345a,0xbb0c,0xb619,
    0xa428,0xa5c3,0x2529,0x2cb6,0xb6ad,0x3e50,0x3b43,0x224c,0x30ea,0xb589,0x21c8,0xb2d4,0xb480,0x3097,0xb289,0xb48d,
    0xb0c7,0xaac2,0xaf52,0x2c07,0x3223,0x2e32,0xb2b3,0xae34,0xb23b,0x2d35,0x3218,0xac46,0x3478,0x3508,0x30b2,0x9cb6,
    0x2516,0xb1f3,0xb029,0x2fd6,0xb571,0x33a5,0xa662,0x34f6,0x3629,0x320f,0x366f,0x3386,0xb0b7,0xb401,0x2eee,0x3186,
    0xb412,0xb42d,0x34b4,0xae18,0xb578,0x3416,0x2464,0x2088,0x3527,0x1b32,0x2e8c,0x373f,0x3580,0xb366,0xae2a,0xaf86,
    0x32fd,0xa12b,0xac27,0xb4b3,0x2868,0xb1d3,0x380b,0xb15a,0xaed1,0xb4dc,0x286e,0x3118,0x3053,0x2e40,0x315a,0xb3af,
    0x308a,0x2475,0xb2fe,0xb081,0x2455,0xb065,0x1d78,0xb137,0xa2f0,0x1e54,0x310d,0x29f0,0xad53,0xae48,0xa9d0,0xb540,
    0x2cac,0x2cf7,0xafe7,0xadc9,0xa5ff,0xb40f,0xb2a5,0x28ee,0xa4c5,0x294d,0x3004,0x8341,0xb03d,0xb221,0xb3d2,0xab4e,
    0xb2ff,0x2f95,0x2e1a,0xb07c,0xaa11,0xb0f8,0x2622,0xa79d,0xaddc,0xb2bf,0x2118,0xab11,0xb0e7,0x9c00,0x2f78,0x31bb,
    0x2f30,0x2f81,0xa697,0x2e4f,0xb3e0,0x326d,0xae7f,0xabf6,0x304f,0x3174,0x2eba,0xb1a9,0xa81c,0x3322,0xab4b,0xa87a,
    0x2840,0x2cfa,0x2b99,0x2dc4,0xa77a,0xa9af,0x2ad0,0x2f6c,0xb0ee,0xb3a1,0xb013,0xa711,0x2fb7,0xb42b,0x2409,0xb419,
    0xb093,0x2c69,0xaa74,0x2635,0xb111,0xad52,0xaea7,0xadc5,0xad57,0x2978,0xa863,0xb219,0x30b8,0x9a75,0x31ae,0xb0ef,
    0x1dda,0xac15,0xa46b,0x9c3e,0xadca,0x2988,0x2ccd,0x308a,0x314a,0xb286,0xa9bc,0xb07d,0x2d84,0xab91,0xb101,0x24b4,
    0x277a,0x2f23,0xae45,0xb3e0,0x3165,0xaf5a,0x2c94,0x2d91,0x3408,0x1249,0x330b,0xb065,0xb1ca,0xa15f,0x9ad4,0x2c6a,
    0xaee1,0xb40c,0xb873,0xb5f9,0x372b,0x3242,0xade0,0xb41d,0x2a2e,0xb962,0x22c2,0x9cd5,0x39d0,0xb104,0x348f,0x38dc,
    0xb78b,0xa923,0x329b,0x3273,0x3364,0xb6ea,0xb896,0xb50e,0xbc64,0x37f5,0x20f2,0x365c,0xaf49,0xb98b,0xb1c8,0x2f4b,
    0xaf7e,0x35d7,0x35ec,0xba22,0x2428,0xb529,0xb8b3,0xb37c,0xb8b2,0xb98d,0x3849,0xb83b,0xbc88,0xb902,0xb0ba,0x943a,
    0xba7b,0x2eff,0xae32,0x245a,0x30be,0x34dc,0x9b4c,0x34c2,0xb4a1,0xb672,0x2d1b,0x30cd,0xa8dc,0xb942,0x3ab9,0x3926,
    0x2c35,0x3c92,0xaee3,0xb812,0x3466,0x35fb,0x3377,0x3253,0x2922,0xb328,0xb330,0x36a2,0x2df6,0xa91c,0x318a,0x3619,
    0x3aa5,0xb46b,0x9873,0xafab,0xb7bd,0xb7e2,0xac39,0xb4b5,0x347b,0x34f6,0xb426,0xb64b,0x9d17,0xb304,0xa935,0x3903,
    0xb04a,0x3074,0xaef8,0x30fe,0x2a73,0x3424,0x2f2b,0x31de,0xb08c,0x2f7d,0xaea9,0x3175,0xb0b5,0x2862,0xb0fa,0xadfe,
    0xa8ef,0xabbd,0xb18f,0x30f1,0xacd6,0x2d8f,0xb255,0x24f7,0x2cc4,0x3027,0x2dce,0x3267,0x2f9d,0xaf2c,0x3111,0x304a,
    0x3355,0xb157,0x3257,0xb1c3,0x27d9,0x2fbe,0xae0d,0xb11b,0x31df,0x2b6c,0x3171,0xb281,0x3184,0xb023,0x2b34,0x343c,
    0xada1,0x31cc,0x340c,0x3389,0xb097,0x2dc7,0x9c08,0x294f,0x3427,0x2c02,0xaec6,0x2d00,0xb11c,0x304c,0x256b,0xac05,
    0x2842,0x2d19,0xaeaf,0xa82a,0xb264,0x2fde,0x309e,0xa727,0x182b,0x29a0,0xacea,0xb21a,0x2dfe,0x30c0,0xa1e9,0xaf46,
    0x30bf,0xb34d,0x31cc,0xb221,0xad7d,0x30bd,0x315b,0xafbb,0x2ce3,0x1bdb,0xb35f,0x2ff5,0xa9be,0x2d83,0xac79,0x323c,
    0xa2dc,0xbc30,0x3582,0x2ac5,0x31f9,0xb021,0xb376,0xaff2,0xb52d,0x3700,0xb1e5,0xb673,0xb8ba,0xaa5a,0x3375,0x3219,
    0x2d71,0xaf27,0x3703,0x37f2,0xb9fc,0xb425,0x2e90,0x2a9c,0x32d4,0x2c7f,0x3102,0xb513,0x3425,0xbc32,0xba1e,0x32d5,
    0x358b,0xb8d8,0x29a6,0x2801,0xb30f,0xac91,0x3883,0xb3b9,0xb93b,0x3321,0x3607,0x290c,0x373e,0xb372,0xb9a6,0x32a6,
    0xb8ac,0x151d,0xb717,0xb824,0xb5f4,0xb434,0xb523,0x3513,0x3502,0xae34,0xafd9,0xb496,0x3819,0xb480,0x31bd,0x2933,
    0xae29,0x3bf6,0xb587,0xba21,0x32b0,0xb563,0x319e,0x35ce,0x3542,0x3154,0x309c,0x2e98,0x368d,0x3316,0x2e3b,0x36ba,
    0xae59,0xb403,0xb891,0xae47,0xac19,0x2a37,0xb5c3,0xb241,0x2e84,0x3600,0xac60,0xb45b,0x3a5b,0x36e0,0x30ac,0x346d,
    0xb4bf,0xb318,0x37df,0xb1c2,0xae14,0x3110,0x2763,0xb065,0xb4a3,0xb229,0xb317,0x2005,0xb832,0x3cde,0x39c8,0x3336,
    0x3948,0xaa6a,0x3653,0x35b8,0xad0b,0x3be2,0xb03b,0xb007,0xb062,0x2efa,0xb1b3,0x37b5,0x3510,0xb147,0xb932,0x34ed,
    0xa480,0x38aa,0xb0ee,0x34b2,0xb99e,0x39c8,0x29b0,0x2dbc,0x264a,0xb4eb,0x1d5c,0x396e,0xb42d,0xaa5b,0x30fa,0x3b5e,
    0x35c2,0x30d6,0x3876,0x3a50,0xb5c5,0x379e,0x397b,0x38ed,0xb61c,0xb084,0x3c65,0xb2d0,0x384c,0xaf9f,0x3591,0xb3c1,
    0xb7c7,0xb412,0xa6ac,0xab5e,0x311c,0x2cfc,0x30f1,0x34c7,0x30f9,0x3407,0xb03c,0xa31b,0xaf56,0x392d,0x383d,0x352d,
    0xb0eb,0x3630,0x370a,0xb2e0,0x374f,0xb84d,0x36e2,0xaf1f,0x3b68,0x256c,0x3861,0xae12,0x3914,0x36be,0x3558,0x3caf,
    0x39c3,0xb6c4,0x3988,0x38ec,0xa989,0x28d3,0x3684,0xb4e2,0xbc01,0x3cc6,0x37b6,0xae26,0x3020,0xa5d5,0x279d,0x2dbc,
    0xa81d,0xb098,0xb0c8,0x3491,0x3840,0xaf83,0x394e,0x3af8,0x3bab,0x3f05,0x2e15,0x307b,0x2d01,0x3c87,0xb52c,0x34e4,
    0x3599,0xba4d,0x33be,0x394c,0xb3ec,0x3350,0x3cec,0x3ed2,0xb816,0xb244,0xb3d0,0xaf25,0x1e0c,0x3a8c,0x252b,0x3a5c,
    0x2e54,0xbb46,0xb52c,0xb424,0x320c,0xb712,0xad71,0xb0e9,0xae8e,0x371f,0x287a,0x2ccc,0xb471,0xbbf2,0xb535,0x38c1,
    0x3646,0x382c,0x238e,0xb374,0xaff0,0xb422,0x3910,0x315e,0x3096,0xb00a,0x3c05,0x362d,0x3a53,0x330a,0xadc2,0xb91b,
    0x3036,0xba13,0xacf6,0x30ea,0xb7f5,0x388d,0x3f72,0xb070,0xb21f,0x32a1,0x30c5,0xb527,0x35d3,0x3513,0xb165,0x34fc,
    0x386a,0x3272,0xb64b,0xb00c,0x2412,0x3659,0xb71d,0xb4bd,0x31eb,0x258f,0x2ca1,0x36b4,0x3ada,0x356c,0xae41,0x3c0b,
    0x3641,0xb220,0x389b,0x385a,0x392f,0x3a8d,0x2a19,0xb82c,0x354f,0x39af,0x3691,0xb23e,0xb145,0x3aba,0x3452,0x26df,
    0xb9e4,0x3a42,0xb33d,0x38dd,0xb040,0x35e6,0xa1bb,0x2b8c,0xb203,0xb9eb,0xb1bf,0xb5a5,0xb4e5,0x3c3a,0x26ac,0x39d2,
    0x3616,0xb499,0x2e40,0x3813,0x3977,0xb963,0x3ba9,0x1c70,0x2b80,0xacce,0x314a,0xb500,0x3316,0x39c8,0xb414,0x32e9,
    0x2e79,0x2a9e,0xb9e2,0x3443,0x3780,0xa937,0xb6ed,0x3592,0x361c,0x3477,0xa40c,0x38e8,0xb528,0xa80c,0xb6a0,0x3205,
    0x3b8c,0x3653,0x36a1,0xb6d5,0x3416,0xba51,0x3ae0,0xbc3d,0x397e,0xbb02,0x3992,0x3949,0x3c48,0x38bd,0x385f,0x2d03,
    0xb3c3,0x34e4,0xb8d7,0x37ea,0x34ae,0x387e,0x9d2c,0x3614,0x3e25,0xb909,0x2c63,0x39c1,0x2031,0xb47e,0x311e,0xb0e0,
    0x356d,0x3ca8,0x2f73,0x2a19,0x333c,0x378b,0x3315,0x38ff,0x36b3,0x2f7d,0xb670,0x30d9,0x355c,0x342c,0xabbd,0x3a76,
    0xbb90,0x3897,0x3eeb,0x2485,0x271a,0x340b,0xb776,0xb7f5,0xaf83,0xb1ba,0x2a01,0x31c8,0xb549,0x3b56,0x2d4b,0x3bec,
    0x339f,0x3961,0x3799,0xae11,0x39ab,0x2a76,0x385e,0x3366,0xb903,0xae56,0x3aa9,0x3884,0xb477,0xb439,0x3155,0x288a,
    0xa073,0x2d9c,0x3653,0x34a9,0x306b,0x197d,0x2e8b,0xa77b,0x2442,0xb4a0,0xb70c,0xa6b4,0x3177,0x2a37,0xb446,0xa8dd,
    0x33de,0x3360,0x3404,0x35f1,0x34f7,0xb581,0x37cb,0x2928,0xb652,0x382a,0xb871,0x39ca,0xad2a,0xa7e3,0x313e,0x357b,
    0x3384,0x3468,0xb644,0xa6d6,0x31b7,0xa02a,0xb329,0xb625,0xb739,0x397c,0xb148,0xb1ab,0xb841,0x39fa,0x3844,0x3449,
    0x2442,0x2d36,0x2995,0xb158,0xa9ab,0x2531,0x28a5,0xb1e0,0xb56f,0xac09,0x25ed,0x35ad,0x35c1,0x3498,0x3857,0xb7bc,
    0x3954,0x34da,0x39b9,0x32b7,0xa50e,0x3855,0x30f1,0xb56b,0xa7e0,0x3115,0xadd5,0xb438,0x2fde,0xae20,0x3173,0xabb5,
    0xb620,0x3200,0x2be4,0xb534,0xa906,0x2a27,0xb82d,0x38ab,0xaeff,0x3413,0xacaf,0xb4e4,0xb554,0x2f32,0x30ab,0x3319,
    0x38ec,0x370c,0xb7ad,0x381b,0x2d1f,0x3681,0x3830,0xb3ef,0xb414,0x2f3e,0x3858,0x341c,0xaca8,0xb127,0xbc23,0xac99,
    0xb6c9,0xb5b0,0x300a,0x3119,0xb428,0xb642,0xb82a,0xb9f0,0xb074,0x3788,0xb838,0xa1d9,0x1c90,0x2d65,0x307f,0xb39d,
    0xac24,0xb2a3,0xaded,0x2e17,0xb41b,0xb224,0x33ae,0x320b,0x2f13,0xac9a,0xa784,0x30c8,0xb191,0xabd2,0xac79,0xb510,
    0xb00a,0x2d05,0x3275,0xa33d,0xb20b,0x3293,0xac40,0x2d3a,0xb08e,0xa8e1,0xa8a8,0x19a2,0xae08,0xa68d,0x320d,0xb260,
    0xb1b2,0x2842,0xaeac,0x2f1d,0x308a,0xb014,0x3327,0x27a1,0xb016,0x311f,0x2e13,0xb390,0xb380,0xad68,0x9d54,0x2f25,
    0x3018,0x321a,0x333e,0xa436,0x2e21,0xae4e,0x33d0,0xad5d,0x2f07,0xb105,0x298e,0x2ea6,0xae06,0xa67a,0xb0c3,0xb2e2,
    0xac9e,0x17c0,0xb147,0xb3e7,0x3132,0xb4c5,0x3183,0x3086,0x2f2c,0xb4e0,0x3065,0xada2,0x323b,0xb348,0xa85c,0xb5ee,
    0xb35f,0xb06f,0xb60a,0xa763,0x29a5,0xab4c,0xb13e,0x2ea8,0x3152,0x31a3,0x3095,0xae4e,0x2f0e,0xa38a,0x1b56,0x2df8,
    0xb462,0x3393,0xb8d8,0xb29e,0xacf4,0xb423,0xb46f,0x37e9,0x373b,0xb509,0xb0e6,0x3273,0xb16d,0x314e,0xac05,0x3384,
    0x2bf4,0x326f,0x3076,0xb05f,0x348a,0xad1f,0xb04d,0x3443,0xb8ff,0x38a3,0x3540,0x366a,0x36b2,0x3387,0xb682,0x32fc,
    0xb106,0x3a11,0x35fb,0xb158,0xb84e,0xb51b,0xb794,0x28a6,0x2e55,0xac0c,0xb487,0xb1b4,0xa4bf,0xb187,0xabfa,0x3164,
    0x366f,0x361d,0x317b,0x1161,0x3703,0x3429,0x3591,0x321c,0x3726,0x3963,0xb62b,0x3775,0x2ec5,0x30fc,0x25d2,0xb8f0,
    0x2a11,0xb893,0x370e,0x2c89,0x3428,0xb3ef,0xae7e,0x3c55,0xaee3,0xa461,0xbb26,0x3656,0xad28,0xb622,0xbba5,0xb463,
    0xb4b3,0xbaae,0xb109,0x35dc,0x207b,0x9a39,0x3093,0x3298,0x2681,0xade9,0xb6b7,0x347d,0xa837,0xa857,0x3032,0xb587,
    0x3561,0x2bd8,0x2b13,0xab05,0x301d,0x244b,0xb614,0xb477,0x2ad0,0x3eae,0xad70,0xb618,0x362a,0x374a,0x3913,0xbb13,
    0x36dc,0x3003,0xb585,0x35fa,0xb76e,0xaf33,0xb6e8,0xa9b3,0xaf71,0xb5f8,0xb567,0xb3ed,0xbb45,0x3a0c,0x2a6f,0xad6b,
    0x30d9,0xb806,0xb0cd,0x33d1,0xb501,0xb26f,0xae99,0x314d,0x3101,0xb755,0xb375,0xbacc,0x36c5,0x388d,0xb972,0x2d22,
    0x30df,0xa9e0,0xb970,0xb362,0x380f,0xb13d,0xb411,0xb322,0x3dcb,0xbe0e,0xb230,0x37c5,0x3a7c,0x32fd,0x353f,0x342c,
    0xbb66,0xb292,0x8132,0xb1cc,0x3668,0xb261,0xbacb,0xb0a5,0xb55c,0x3c8e,0x3083,0xb765,0xb80a,0x344a,0xaa0c,0xb449,
    0x356d,0xa55e,0x39a6,0x3807,0xb6fc,0x3822,0x365b,0xb0b2,0xb0bb,0x3917,0xa443,0xa41c,0x2c15,0x2d16,0x3577,0x2bfc,
    0xb200,0xaf49,0xb06b,0xad30,0xaccc,0x2165,0xa666,0xa250,0xb210,0xb0e8,0x3036,0xb1a3,0xa958,0xb1f8,0x317a,0x2c99,
    0x293c,0xa127,0xa8ab,0x2439,0xb15a,0xb12d,0x3186,0xa3f2,0xad48,0x3539,0x3107,0x29ca,0x3033,0x30cc,0xb0b4,0x2f7c,
    0xb0ca,0x2ad1,0xb0e8,0xac5a,0x2da9,0x318a,0xb2a0,0xa691,0xa62a,0x2ef5,0xa4a8,0xac81,0x2df4,0x3326,0xb320,0xb4d9,
    0x33e7,0x34ed,0x2cac,0x303c,0x2546,0x33c3,0xac93,0xb156,0x329d,0x1a7a,0xaf13,0xb046,0x2cbb,0xac7c,0xb14b,0xac6d,
    0xb04b,0xab4d,0x2b08,0xb095,0xb000,0x3080,0x31de,0xaf63,0x3459,0xa46c,0xac34,0x2fdb,0xb46d,0xa02a,0x8a34,0xab1e,
    0xac5c,0xae6d,0x351c,0x2f77,0x2e0c,0xac0b,0xa696,0x203c,0xb41b,0xa9c1,0xb39d,0xabf9,0x3234,0x3094,0xb057,0x2818,
    0x29fb,0xbfed,0x33dd,0x35ba,0x100a,0x31f8,0xc02c,0x3331,0x389e,0x3f8d,0xb2a2,0x347d,0x3c6c,0x3ae6,0xb076,0xb677,
    0x3508,0x3304,0x2b3b,0xabf3,0x38c2,0xaaa9,0x36f9,0xb0d1,0xac18,0x3422,0x24dc,0x37b6,0x343c,0x30cf,0x3989,0xafed,
    0xb389,0x3543,0xa839,0x3473,0xad37,0xb62b,0x2e52,0x33ed,0xb02c,0xad18,0xbc76,0x31c7,0xb81c,0x32b6,0x2e02,0x38b7,
    0x323d,0x35be,0xac8f,0x31d0,0x291a,0x3466,0x341d,0x333e,0xb50a,0x38cc,0x368e,0x3055,0x38a6,0x3743,0x3148,0x31aa,
    0x3100,0x3114,0x33ff,0xb974,0x35a9,0x373c,0x3651,0xb003,0x9cd5,0xb2a8,0xb7dc,0x31d0,0x260c,0x2c7a,0xb25d,0x14ff,
    0x340f,0x3a5e,0xb0c1,0x31a5,0x3189,0x35df,0x38a1,0x34d3,0x24ac,0x3132,0x3e61,0x3813,0xaf4a,0xb6d3,0xb661,0x3707,
    0x3346,0x36e0,0xb048,0x2e09,0x34a4,0x30f6,0x1b10,0x35bf,0xb416,0x3599,0xb1ed,0xb35b,0x387a,0x3b69,0x2ad0,0x3825,
    0xa34b,0xb4ca,0x3253,0xabfe,0xb9b1,0x391e,0xabb4,0x3826,0xb838,0xa876,0x2971,0x1e16,0xac52,0x36bf,0x32f7,0x3b58,
    0x2ee9,0x35e4,0x2c12,0x2c99,0x39af,0xb085,0x35b7,0xb05e,0x2f3e,0xb0a3,0x2940,0x37c7,0xb95b,0x2b3b,0xb61f,0xb3ad,
    0xb400,0x39d5,0x3a75,0x3851,0x2397,0x380c,0x38fb,0x3776,0xb740,0xae17,0x2c1f,0x3878,0x3b1a,0x3879,0x31ec,0x31a0,
    0x3661,0xb129,0x3407,0x315a,0xab4d,0x3a4b,0xb924,0x37fd,0xb3a0,0x3987,0xb9d1,0x361a,0x3107,0x3491,0x3452,0x36a0,
    0x331a,0xb952,0x2a97,0xb073,0xb438,0x3268,0xb737,0xa3f2,0x3050,0xa0ce,0x37a8,0xb870,0x2fb1,0x2d63,0x34b5,0x3803,
    0xa86e,0xb56d,0xb467,0xb601,0x9d76,0x31a3,0xa578,0xa70e,0xaf85,0xb49a,0xa4a4,0xb0a4,0x2c98,0xae0e,0x3475,0xa9d9,
    0x323b,0xb407,0x3167,0xb45a,0xb1c0,0x341b,0x33a5,0x2f69,0x3779,0xb491,0xa8a2,0x3406,0x303f,0xb597,0x365e,0x244f,
    0x290e,0xb632,0xb1f8,0xb54a,0xa408,0x1c68,0x3288,0x308a,0x3501,0xb45f,0x3577,0x2e07,0x2c0f,0xa411,0xb4e0,0xb2ac,
    0xb02e,0x31c0,0xb34b,0x3835,0xb66a,0x2a5f,0x32ac,0xb2f9,0x342a,0x2c06,0x326a,0xb099,0x30fe,0x344c,0xad1a,0x314e,
    0xad39,0xb267,0x2e03,0xb0a6,0xa4b3,0x2b29,0xb60e,0xa416,0xb081,0xb4eb,0xa344,0x3241,0xb73b,0x3546,0xb445,0xb2ef,
    0x35e0,0xb42c,0xb21c,0xaf1a,0xae63,0xa8df,0xb14e,0xadb6,0xac9f,0x32b0,0x3791,0x2863,0xb731,0xb22d,0x2870,0x33b0,
    0xa8a7,0xb9b5,0xb5f5,0x25aa,0x2a49,0x3416,0xbccf,0x2deb,0xad61,0x3c1e,0x3824,0xb2d3,0x369e,0x364c,0x3423,0xb67b,
    0xb19d,0x086b,0x3117,0xb0da,0x3430,0xa826,0x306a,0x33d2,0x37e0,0x3809,0x2e6a,0xb62a,0xb600,0x381f,0x36d4,0x3362,
    0xb271,0x313d,0x26c2,0xb1a6,0x3107,0x36e5,0x3474,0x3145,0x3502,0x355e,0xba6e,0xaad6,0xac2d,0x382a,0x362f,0x3240,
    0x3423,0x2ec6,0x33f9,0x3773,0x2cb4,0x31f8,0x280e,0x2843,0x39ac,0x36ce,0x3157,0x3422,0x3074,0xb7cb,0xb1fd,0xab7a,
    0x3887,0xb07a,0xade6,0xbdc1,0x32e1,0x3819,0xb51b,0x3a30,0xaa74,0xb122,0xb3f4,0x3424,0x33c6,0x366d,0x3841,0xb611,
    0x31cf,0x3576,0x3284,0x34a4,0x2eba,0xae50,0x3780,0x2f60,0xa14f,0xb4a4,0x36a2,0x3078,0xa31c,0xaf43,0xb026,0x3629,
    0xaab6,0x37df,0xb6ee,0xb672,0x3868,0xaddf,0x1c58,0x366b,0x3df5,0xb672,0x38cd,0x32bb,0x33ef,0xb4b7,0x3092,0xadb4,
    0x34ad,0xb5aa,0xa585,0xa8c5,0xb181,0x37e4,0xb148,0xb970,0x38d0,0x2a01,0x364d,0xb333,0x348a,0x3968,0x3018,0xaa14,
    0xb419,0xb02e,0x38bf,0x2d6a,0x37ce,0x3967,0x3917,0x339b,0x3a61,0x38d8,0xb56e,0x2994,0x313a,0x391e,0xaf8d,0x333b,
    0x38f2,0x29c2,0xb776,0x342f,0x3164,0xb2b8,0x35c6,0xb4b8,0x32de,0xb921,0x36b3,0x2db1,0xa655,0x38ec,0xb494,0xb84e,
    0xaf6e,0x34d8,0x35fc,0x330a,0x33fb,0x328c,0xb7f8,0x37d4,0xad8f,0x32a9,0xa887,0xb088,0xac22,0xac64,0xb219,0x358f,
    0x3734,0x3557,0x3869,0xb099,0xb50e,0x3352,0xb430,0xad02,0x320f,0x324d,0xb5e5,0xaeb4,0x2bb3,0x3130,0x3007,0x9f1d,
    0x31e6,0x3a55,0x39df,0x371f,0xb630,0xb270,0x3cdd,0x3233,0x37b3,0x36f4,0xb793,0x35c7,0x33c1,0xb17a,0x31c0,0x311b,
    0x388c,0x3362,0x2e94,0xa7e1,0xaf76,0x3149,0xb2c1,0xb64b,0xb854,0x324f,0xafb2,0x346c,0x3a08,0x30b8,0x2b75,0xac85,
    0x2dc4,0xa88c,0x2e60,0x30a4,0x3a58,0xb273,0xb1e4,0xb45f,0x3660,0xb8b1,0x3bd8,0x356f,0x306c,0xacdd,0x9edc,0x34af,
    0xb407,0xae09,0x325a,0xa903,0x3084,0xb5b5,0x3b1c,0x3135,0x35b5,0xb671,0x206d,0xa257,0xa9da,0x3881,0xa9e6,0x33fa,
    0x397a,0x3108,0x355d,0x3ba6,0x2889,0xb246,0x3c98,0x31f9,0x3255,0x21d9,0xb81e,0xa985,0xaa34,0x3413,0xb1a9,0x3844,
    0x2ed1,0x2e8d,0x30ff,0xb74a,0x288e,0xb270,0xad31,0x2ad9,0xafca,0x2ede,0xb960,0x995f,0x2a65,0x24e9,0x2fd8,0x2ce3,
    0xb50b,0x373d,0xb58b,0xb807,0xb115,0xade0,0x2e04,0x2f5c,0x2fd3,0x22be,0xacef,0xa673,0xb638,0xb14b,0xad83,0x0865,
    0xb0be,0xb1b5,0xb426,0x3096,0xad4e,0xb607,0x369f,0xb326,0x34dd,0x3434,0x2d48,0x35b8,0xb1bc,0x1ee0,0xaffc,0xb83e,
    0x3bf7,0xb29f,0xb413,0xb433,0xbc7b,0x1a5e,0x3bad,0x30cf,0xaf4d,0x35c6,0x3416,0xa835,0x38fa,0xabaa,0x3153,0x3a16,
    0x2832,0xae7f,0xb6bb,0x346c,0x355c,0x2993,0x2267,0xb320,0xacf0,0x37b6,0xad71,0x2236,0x9c6e,0xb462,0x2eab,0xa4a1,
    0x1c49,0x33c8,0xb4fb,0xb0bc,0xa9f7,0xb8db,0x3521,0x34ca,0x31e4,0xad71,0x3719,0xb284,0xb545,0x3136,0x35ce,0xb100,
    0x3802,0xb4a3,0x37bd,0x30fe,0x2061,0x3810,0x36a9,0xb002,0x2a18,0x31d5,0x2c8a,0xb294,0x3650,0xaf80,0xb3c6,0x335c,
    0x36fa,0x33be,0x2fa5,0x358c,0x398a,0x3482,0x3915,0x2f71,0x3978,0xa53f,0x3671,0x2df5,0xab3c,0x33a3,0xb611,0x3ae5,
    0x3699,0x3879,0x2dfc,0xa41d,0xbb32,0x30a2,0x3d6a,0x377f,0x3af9,0xb7cc,0x2426,0x36c5,0x36ad,0xb805,0x3427,0x360c,
    0x38e5,0xad5f,0x3482,0x2eef,0xb026,0xa3ff,0x32be,0x0cbb,0x3c73,0x3409,0x23cb,0x3691,0xb628,0x39d4,0x2e58,0xb691,
    0x3961,0x2868,0x378b,0xaaee,0x37bf,0x380c,0xb089,0x3116,0x3871,0xb495,0x3414,0x2d59,0xad03,0x374b,0x34fc,0xa365,
    0x3aed,0x3aba,0x3423,0x1e60,0x26d0,0x3a06,0x34e3,0xacff,0x314b,0x2ebf,0x3bf7,0x3495,0xa991,0xa8d5,0x34a3,0x30a7,
    0x30cf,0xb1c2,0xa41e,0x3b5e,0x3773,0x38f8,0xb1c6,0x3322,0x3833,0x2d37,0x35e3,0x301c,0x32b1,0xa975,0x2c2e,0x34bc,
    0x3517,0xba89,0x3776,0xb82a,0x2fb8,0x378b,0xb085,0x34da,0xb4c9,0xb82d,0x33ff,0xb3cd,0x3d72,0x2e17,0xb6c6,0xaf92,
    0xb891,0x2b9e,0x90d0,0xb1c9,0x349c,0x37b6,0xb7b8,0xaffc,0xb259,0x2f1b,0xa8fd,0x2cdb,0x3275,0x128e,0xaa70,0xb31a,
    0xac5d,0x33b9,0x3973,0x3080,0x3ac3,0x3066,0xb82c,0x355a,0xb9bb,0x3b1b,0xadc6,0xaf42,0xb1ea,0x3814,0x32ed,0xb16e,
    0xb212,0x36ab,0x381e,0x383e,0x30fe,0x2d96,0xb79f,0x1d39,0x32ed,0x3704,0x2e44,0x35a9,0xb1a2,0xbaea,0x385e,0x34c7,
    0x2ff9,0xb652,0x2ddd,0xb51a,0x32c0,0xb80b,0x3a9f,0xb66c,0x30be,0xb415,0xb641,0xacc3,0xb27a,0xa908,0x364a,0xb822,
    0x330f,0x2dec,0x3980,0x37d6,0x34f2,0xb819,0x378f,0xb3eb,0x3439,0x3766,0x2d4a,0x3638,0xaf3a,0x2545,0x2c3e,0x2c1b,
    0x34f5,0xb811,0x3c1d,0x36b9,0xb60a,0x3895,0xb2d4,0xaf1e,0xb92b,0x3ff2,0xb78c,0xb455,0x32c3,0x3cc9,0x39bf,0x3a9b,
    0x8a10,0x2515,0x368b,0x2a60,0xb018,0x3514,0x366e,0xb852,0xac07,0x34fc,0xb0c8,0x3c1a,0x35f0,0x2f6a,0x355a,0xb0a2,
    0x3a94,0x3153,0x35af,0xaf04,0x37d5,0xad5e,0x3a24,0x38c0,0x3ca5,0x3666,0x3083,0x3126,0x363d,0x3290,0xb044,0x34c4,
    0xaaa3,0xb0a2,0x3795,0xb15e,0xb7de,0x2fbb,0x3b9f,0x39e0,0x3c8d,0x3d55,0xb3a1,0x2c07,0x3b40,0x36f1,0xa809,0x3c29,
    0x3b6c,0x2f87,0xb04f,0xb96a,0x39e5,0x3b5c,0x3cd0,0x39a5,0xb36f,0x36a0,0xb709,0x3899,0x3c36,0x3a95,0x38a7,0xb32c,
    0x3934,0xbabd,0xa67a,0xaf8b,0x356f,0x1f33,0x34e7,0xb134,0x3b17,0x3853,0x352f,0xb08f,0x3270,0xaf32,0x3001,0x34c4,
    0x2e8d,0xac63,0xb0be,0xb84d,0xb834,0xb0be,0x3289,0xb7c4,0xae86,0x9f6d,0x37f8,0xb321,0xb31d,0xb48a,0xb567,0xb125,
    0x3010,0x2d46,0xafe6,0x2d52,0xafe7,0x2a4e,0x36ce,0x3194,0xac6e,0x3233,0x381f,0x32e3,0x2e6b,0xb0d2,0x353e,0xb47f,
    0xb68b,0xa6a2,0x32cc,0x35ce,0x2db6,0xaeb6,0xac58,0xac52,0x2e75,0xb277,0x242d,0xb4f0,0xadf2,0xb134,0x2fef,0xb583,
    0xb286,0xab6b,0x28ef,0x34a7,0xadc0,0x3104,0xacbb,0x2ae8,0x3514,0x2244,0xb5b9,0x35b7,0x318d,0x1e0c,0x291c,0xaa94,
    0x35cc,0xb4ef,0xb73f,0xb923,0xb552,0xb375,0xb761,0x36a5,0xb3b3,0x2a60,0xaedf,0xb03a,0xb156,0x350b,0xaf88,0x2f54,
    0x2f4b,0x1994,0x3589,0x1f64,0xadb9,0xb008,0x37d0,0x23f0,0xac0d,0x3169,0xb4f7,0xae6b,0x3477,0xb467,0x31b7,0xb615,
    0xb1e4,0xb1ea,0x285e,0xb332,0xab6e,0x3410,0x2703,0x32f4,0x293f,0xb402,0xabcc,0xb2ad,0xaed0,0x3196,0xa13f,0xb418,
    0xb1e9,0xb936,0xb315,0x3846,0x330d,0xb3b2,0xb0d6,0x266b,0x3183,0x9bc0,0x35d9,0xa84c,0xb890,0x2d16,0xaef7,0xb52e,
    0xa9e8,0x34ce,0x34bd,0xb4b4,0xb12c,0xb159,0xb6e3,0xb165,0xb572,0xb2ca,0x343d,0x3320,0xb2d1,0x2dcd,0xb982,0xb592,
    0x2e27,0xad9e,0xb856,0x30be,0x3418,0x2fac,0xb591,0xb394,0x325e,0x3777,0x2b03,0x32c2,0xb123,0xa190,0xaf53,0x2d56,
    0x31df,0xb4af,0xb5b7,0xaa1f,0x308a,0x2f1b,0xaa58,0x37dc,0xa952,0xb18c,0x2498,0xb74b,0xa588,0xa2e5,0xb5b2,0xa9f6,
    0x2440,0xa9d8,0x330d,0x2c7a,0xb55c,0x2c50,0xb47c,0xae57,0xa6f0,0xae88,0xaf25,0xb151,0xafbd,0xa97c,0x26c6,0x3523,
    0xad04,0x294a,0xb432,0x342b,0xa3ea,0xb4ab,0xb527,0x3042,0xb411,0x31f9,0xb8b5,0xa896,0xb35a,0xb884,0x2f75,0x31dc,
    0x2cdf,0xb1fe,0x3972,0x302f,0x323c,0xb67e,0x32c5,0x345f,0x2865,0x3286,0x2cdf,0x37dd,0x2d1a,0xb145,0x365d,0xb55e,
    0x3174,0x3024,0x35d9,0xa87e,0xb095,0x366f,0x2ed5,0x266b,0x306f,0x338e,0xa4d7,0x2b7b,0x33b0,0xaf65,0xb1ad,0x2e68,
    0x9ea0,0x2837,0x29de,0xaaac,0x3390,0xb478,0xae5c,0xab3e,0x32fc,0xb255,0x34d7,0x30dd,0xb4ec,0xaf13,0x380d,0x365d,
    0x3502,0xa956,0xb6b0,0xae7d,0x3885,0x2db3,0xb6fd,0xb2c7,0xb18b,0x3152,0x2b71,0xb231,0x2c1c,0x3359,0xb3d0,0x3312,
    0x210a,0xb515,0xacbb,0xb4f1,0xb2b4,0x2d62,0xb485,0x3418,0xb136,0x2238,0xb1d0,0x33f0,0xb425,0x163a,0xb37d,0x1f11,
    0x2e2d,0x2e84,0xb494,0xb52e,0xba89,0xad84,0x2880,0x39ad,0xb22e,0x3524,0x31ef,0x33b2,0x2f8b,0xb6a7,0xb69f,0x32a9,
    0xb023,0xb4d5,0x32ea,0x3283,0xb814,0x2883,0xae66,0xaa94,0xb871,0x2a20,0x32fa,0x3435,0xaecc,0xb62e,0xb721,0xb4d6,
    0x3721,0xa36c,0xad76,0xb14a,0xa9a9,0xa3d0,0x29bb,0x349d,0xb88b,0x2850,0x2997,0x362b,0xaf04,0xa8f7,0x2fb2,0x34be,
    0x3187,0xad04,0x2cab,0x1c70,0x2da7,0x30fb,0x3233,0x2141,0x2163,0xb3d7,0x3230,0x35cf,0x9e8c,0xad88,0x319f,0xb1fc,
    0xa7d9,0xb15b,0x34d8,0x9bb1,0x3300,0x328c,0xab10,0x3400,0x3080,0x29f3,0x30e1,0xac0b,0xb1a3,0xb48c,0x3543,0xa541,
    0x2551,0x2cd6,0xb4b3,0xacc2,0xacca,0x3650,0x3421,0x2559,0xad3c,0xb1f7,0x333b,0x3621,0x1146,0x2818,0xb248,0x3554,
    0xb30d,0x345b,0xb31e,0x35a0,0x3085,0x3177,0x3420,0x357e,0x35c7,0x2b99,0xb510,0x2a11,0xb3bb,0x3023,0x31b2,0x30cd,
    0x364e,0xacc4,0x308a,0x30f5,0xb6b8,0xb696,0xb0b4,0xadd0,0x2b39,0xb780,0xb069,0xac71,0x3792,0xb2f9,0xb11d,0xac23,
    0xb1e6,0xa85d,0x39c4,0x307a,0x35ee,0x3880,0xb113,0xb4c1,0xb515,0xb691,0x3198,0x2e95,0x2ffa,0xba37,0xb424,0x2b80,
    0x3156,0x30f1,0x3ad7,0x36ff,0xb87b,0x365a,0xb296,0x326c,0x351f,0x358f,0x2c08,0x35dc,0x3046,0xae35,0xb668,0xb034,
    0xb543,0xb10a,0x2cbe,0x284a,0x3677,0xa9b3,0x2dd0,0x3831,0xae76,0xb2db,0x33cc,0xaaa7,0xb217,0xb071,0xb69a,0x303c,
    0x36cc,0x32fa,0xa898,0xabb9,0xb09b,0xb751,0xb1cf,0xb1d8,0xacb6,0xb053,0xb79e,0x260c,0x2c8c,0x2723,0x2c3f,0x35fb,
    0x33a4,0xb0b9,0x3207,0xafc0,0x1824,0x2e14,0xa0e0,0xb48b,0x3177,0xb6ef,0x2b09,0xb5a7,0x186b,0xb64a,0xb3a4,0x2f92,
    0x3459,0xb5ba,0x399e,0x38fe,0xb610,0x32e6,0x3036,0x3420,0x30b4,0xb996,0xb1eb,0xb3c2,0x2ca8,0xb2be,0xae76,0xa87b,
    0x2c2b,0x36f9,0xb052,0xb230,0xa990,0xb0a0,0x2398,0x37d8,0x2964,0xab7f,0x310d,0x2f28,0xb862,0xb155,0x2c40,0x30f5,
    0x343e,0xb32b,0xab47,0xa928,0x2779,0x3366,0x2d00,0x26b3,0xb7cb,0xb075,0xa8c0,0x2d25,0x34c0,0xb365,0xb772,0xb2db,
    0x30ca,0x3347,0xb530,0x2e70,0x28dc,0xac18,0x2d1d,0x3435,0xafbd,0x2c79,0xac34,0x30fd,0x1ea8,0x33f0,0x9bb0,0xa887,
    0x31e7,0xb570,0xa4f2,0xae9a,0xadb8,0x2e40,0x3b9a,0x2d80,0xad67,0x2942,0x3135,0x3431,0xb03c,0x306f,0xb581,0x1b29,
    0xb56d,0x26d8,0xadcc,0xaf19,0xb2d4,0xb5c5,0x3007,0x369d,0xad89,0x340c,0x3505,0x2de2,0xa800,0xb072,0x3345,0xaebc,
    0xb280,0x2e8b,0xb050,0x9f66,0x2d63,0xb5ce,0x2932,0x3026,0x2a10,0xa817,0xada2,0x36f1,0x259d,0xa98e,0xb0ca,0x368f,
    0xb1b0,0x2ff0,0xa9a1,0x3105,0xb638,0x2e91,0x2db9,0x33ab,0x3535,0xa151,0xa97f,0x1280,0xb045,0x3494,0x28f7,0xb019,
    0xa8e8,0x321c,0xb536,0x32ba,0xaa50,0x3140,0xb0f6,0xaeb4,0x2ebd,0xb267,0xac58,0x2ecb,0xa8f7,0x34f1,0x2f0f,0x3111,
    0xb006,0xa314,0xba62,0xae87,0x2133,0x3595,0xb499,0xb416,0xb19c,0x3567,0xb99e,0x305f,0xb114,0x26b0,0xb17d,0x2929,
    0x3363,0xb1f5,0x3611,0x32d0,0xa6fe,0xb245,0x3629,0x35d3,0x2e99,0xaefd,0xb682,0xb2e4,0xb4bb,0x3423,0x2f52,0x1517,
    0x2d7d,0xb577,0xaad0,0x2dc1,0x347c,0x28b4,0x2d0b,0x2fff,0xb452,0xa5e1,0x1e4e,0xb5b5,0xaaaf,0x3205,0x3274,0xb4f6,
    0xa76a,0x3166,0x34bf,0xaebf,0xb4e1,0xb4a6,0xaad7,0x32a6,0xaeef,0x337e,0x2a16,0xb5e4,0xb540,0x2dee,0xb90c,0xacf6,
    0x3522,0x20be,0x2f8d,0x2473,0x31e3,0xb186,0x2b33,0xb262,0xb283,0xb325,0x1ed1,0x3500,0xb021,0xa096,0xa85c,0x3524,
    0x303b,0x2bf6,0x31dd,0xae2d,0x3759,0xb81b,0xb07a,0x2eee,0xb29b,0x25c1,0xa93f,0x3724,0xab8e,0xaf70,0xb6bb,0xb65f,
    0xa0d3,0x3183,0x2f5a,0x2edd,0x2fc9,0x3492,0x322d,0xb34a,0xaf41,0xb3bc,0x3826,0xacb2,0xb3c2,0x2d76,0xac93,0x36a3,
    0xac46,0xad7a,0xb455,0xb81a,0xb167,0x3431,0x3734,0xaed1,0xb070,0xb796,0x2d3e,0x1d47,0xa67a,0xab82,0xb4fe,0x30cd,
    0x30eb,0x2759,0xb587,0xaddd,0x1a2a,0x2a16,0x3281,0xb2b3,0xa8e9,0xb8fb,0x3405,0x302f,0xb789,0x3525,0xad76,0x31fa,
    0x2c9a,0xb382,0x333b,0xad1e,0x30aa,0x28cb,0xb550,0xb404,0xafd9,0x3122,0xb61e,0x366c,0x2cf9,0xb009,0xb490,0x3149,
    0x9cfc,0x9514,0xb19b,0xb6e7,0x377c,0x3636,0xb439,0x315a,0xb325,0x265d,0xb513,0x2e9b,0xb1af,0xb472,0xb902,0x34b0,
    0xb2b0,0x3103,0x356e,0xa18c,0xb1d9,0xb3d5,0xadb8,0x3278,0x3656,0xb0f0,0xb5ba,0xa455,0xae31,0xb614,0xa802,0x3924,
    0xb53f,0xae4f,0xa880,0x2fb1,0xb7f8,0x26a4,0xa84f,0xa99e,0x3000,0x3101,0x2c9c,0x34b3,0x2569,0xb405,0x3038,0x2ed2,
    0xaec3,0xa977,0x3163,0xb53b,0xa9e6,0x2b96,0xaf79,0xa693,0x3408,0xade8,0xae5b,0xaf1a,0x2d02,0x2da5,0x9017,0xb128,
    0xad2c,0x2dc5,0xac1c,0x342f,0x2699,0xb229,0x3199,0x32de,0x342b,0xae0f,0x37f4,0xb5ca,0xb3e1,0x33a9,0x2555,0x38bb,
    0xb82b,0x27ff,0x2f56,0x3470,0xb2af,0x3845,0xb08d,0xa486,0xb2a9,0x2200,0xb1cd,0x376b,0xa7d8,0x2895,0x2abb,0xb1f4,
    0x358b,0x2276,0x2528,0xb7f7,0x2d04,0x2dd9,0xb16d,0x3052,0xb206,0xb024,0xb2c7,0x30a3,0xb10a,0x2329,0x92b0,0x29f3,
    0x33e0,0xaf44,0x2f93,0x368d,0x310f,0xa8a7,0x353d,0x36e9,0x3547,0x3370,0x3675,0xb651,0xb093,0xb87f,0x36d2,0x32bd,
    0xa8e2,0xb6a5,0xb8c1,0xb4f9,0x2d92,0xa900,0xb53d,0xb492,0x2ac3,0x341c,0xb489,0x1cf0,0x3409,0xb25c,0xb9ef,0x9e98,
    0x3662,0xa447,0x3625,0x209d,0xb8d4,0xb3e3,0xa4a9,0x2f51,0x3601,0xb14b,0xb466,0xb1a3,0xa485,0xb02d,0xb353,0x3957,
    0xb257,0xaf17,0x2e57,0xb298,0xb4a6,0xb333,0x34ab,0xb55c,0xabd5,0x2a9d,0xb6b6,0x3202,0xb119,0x30c5,0xb345,0xb293,
    0x37f5,0xb48a,0x38f2,0x33af,0xaf8a,0xb830,0xb25e,0xaf63,0x22f3,0xaf6b,0x340f,0x30ec,0xb162,0x2cc7,0xafa8,0xb802,
    0xb4cf,0xa8e1,0x383b,0xb516,0xb3a6,0x13b8,0x26a3,0xaa99,0xb3d6,0xabb1,0x32cb,0x3618,0x3317,0x34bd,0x2e86,0xb36e,
    0xb0f2,0x2557,0xae2d,0xa87a,0xb2c0,0x35d2,0xaef4,0x303e,0x2507,0xb11d,0x2463,0x300f,0xa2d9,0xb09f,0xa84b,0x9fe7,
    0xba4f,0x34f0,0x2ef7,0x23c8,0x2a5c,0xb194,0x2eaa,0x3322,0x3412,0x3733,0xb00a,0xb806,0x33bb,0x99ab,0xaf13,0xb27a,
    0xb1a0,0x3014,0x2101,0xb181,0xaf33,0x31f7,0xb7b1,0xacdf,0x9999,0xb2d2,0x2ebc,0xb6e8,0xb0c1,0x3450,0xb71b,0x2128,
    0x34a1,0xa1c6,0xb030,0xb659,0xaf51,0xb15b,0x3494,0xa8fc,0x3548,0x29ab,0x28a1,0x2915,0x2ff9,0xb7f4,0xb31a,0x33b8,
    0x3163,0xb170,0x1dee,0x2dbf,0xb334,0x2cf9,0x34e5,0x375f,0x32ed,0x3218,0x995f,0xb6ab,0x3083,0x31d4,0x2ddc,0x3145,
    0x346f,0xb6f1,0x35dd,0x359b,0x3192,0xad48,0x30c4,0x3169,0xaaa8,0xa8e8,0x37a6,0x38f6,0xae1c,0x330a,0xb881,0xae9f,
    0x366b,0x31b0,0x2468,0xb37b,0x3560,0xac27,0x33fc,0x3633,0x2ef0,0x38b4,0x3628,0xb379,0x2ec1,0x3350,0xb57a,0x3471,
    0xa5e4,0xacfc,0x2a56,0xabc2,0x9d43,0x3541,0x9499,0x2cb4,0xb592,0x342a,0x3249,0xb57b,0xb6da,0x346c,0x34b7,0xa56e,
    0x3395,0xa960,0x2e8c,0xb2d5,0x2de5,0xb1b9,0xb009,0xa30e,0x3098,0x376c,0xafbb,0xb46a,0xac51,0x1e7b,0xb4f6,0x27b9,
    0x33ab,0x32d3,0xb6b4,0xb872,0xb0e5,0x2c4d,0xb9a8,0xb499,0xb53d,0x34ea,0x2ebe,0x3653,0x342a,0xa60f,0xbbe4,0xb66f,
    0x2fc3,0x3679,0x2b32,0x2db8,0x344d,0x32c4,0x30f6,0xb0fb,0x2867,0x3207,0x39a8,0x266f,0xa665,0x333a,0xa96b,0xb9e9,
    0xb517,0x3479,0x3112,0xae0d,0xa69d,0x31da,0x35a5,0xb567,0x2935,0x2f24,0xb44d,0x33f6,0xb051,0xaa87,0x2977,0x2a3c,
    0x2e5f,0xa3db,0x306c,0x316f,0xb19e,0xb078,0xb146,0xad23,0x329d,0xb406,0xb81a,0x381f,0x33fa,0xac57,0xb0b1,0xabe0,
    0xafb8,0xb775,0x3663,0xb431,0xb6c8,0xb393,0x2d78,0x3248,0xb943,0x1ee4,0xb628,0xb0b6,0x2e17,0x2c9f,0x2a82,0x3876,
    0x2699,0x2d6f,0xb1c0,0x31bb,0xb389,0x3001,0x298f,0x347a,0xb203,0x33c9,0xb800,0xb640,0x31f7,0x28ed,0x367b,0x391f,
    0x35c0,0xb429,0xac4a,0x2d51,0x30cd,0xb548,0x342f,0x3367,0x2c7a,0xb32c,0xa69a,0xb430,0xa474,0xb1c6,0x2e97,0xa62c,
    0x33bb,0xacfb,0x2d12,0x37b1,0xb553,0xa126,0xb5ad,0x2ffd,0x2d5a,0xb17b,0x2868,0x321b,0x2193,0x31c5,0xb17b,0x98e6,
    0x349f,0x3111,0xb9e9,0xb44e,0x30f3,0xacba,0x2dc4,0xb7ac,0xb17d,0x262b,0x33a4,0x35ca,0xb89c,0xb886,0xb78e,0x33cd,
    0x2f93,0xb5dd,0xadb6,0x2d7b,0xad6f,0xb2bb,0x32b2,0x346b,0x2df1,0x2802,0xb0f9,0x3482,0x2fc2,0xb071,0xb43f,0xb3d8,
    0x30bd,0x348c,0xb80c,0xa08f,0xb364,0xb746,0xb22a,0xae57,0xb7f3,0x3417,0x236a,0xb48e,0x325a,0xaf5d,0xa7d4,0x29f7,
    0x3378,0x2ab0,0x355d,0x2201,0x2ccd,0x2ab3,0x3348,0x31f7,0xb80b,0xb018,0xb33e,0x3759,0x2ddf,0x2d91,0x32bd,0x2e81,
    0xb448,0x2b8d,0x2903,0x30f3,0xb291,0x2f14,0xb87a,0x38e6,0x2dcc,0x3472,0xaa96,0xaa28,0xb23e,0x24ca,0xaba3,0x2451,
    0x38ab,0xad93,0x3745,0x2cfa,0x3110,0xada3,0x352e,0xb059,0xb624,0xaa49,0xb4d5,0x3043,0x3206,0xaa16,0x35cd,0xaf0e,
    0x2a94,0x25c5,0xb41b,0xb0ed,0xa864,0x2e30,0xb0b9,0xaeec,0x1b44,0xb4c9,0xac32,0x995e,0xb91c,0xabb9,0xb439,0xae6f,
    0x32b5,0xb423,0x2a7f,0x2eab,0x30d1,0x267b,0x313c,0x2390,0xb9af,0xb426,0xacbe,0xa65d,0x2f84,0xb07b,0xad8b,0xb283,
    0x3814,0x3073,0xb94e,0x2714,0xa99d,0x33bd,0xb457,0x31f3,0xa718,0xb64b,0x34f0,0x34ac,0x340c,0xb134,0xb3b1,0xae68,
    0x3233,0xb12d,0xb1c4,0xb214,0x34f9,0x37e5,0x383a,0xab17,0xb4c0,0x343b,0xb2f1,0x2e99,0xafc3,0x2ee6,0x2e11,0x285e,
    0x2a89,0x25c2,0xb960,0xb05e,0x2f09,0x321b,0xa3a5,0x27ae,0x32c0,0x3339,0xac53,0xa0da,0xb029,0x2c4d,0xb269,0x3325,
    0x3580,0x3351,0x37f6,0xb320,0x309d,0x2baa,0xac7e,0xb4cb,0xb3cf,0xaee5,0xb564,0x2cb4,0xab36,0xb0f8,0xb3ef,0xb5e8,
    0xaca0,0x2ed2,0x3243,0xa87f,0xb4f4,0x34cc,0xaecf,0x34a8,0x2887,0xb5a9,0x240a,0x32e0,0x349c,0xa942,0xb59c,0x1f7d,
    0x2c39,0x358c,0x2c48,0x2d5f,0xb566,0x2c18,0xadb2,0x28dc,0x2c7b,0x2ef4,0xb12f,0xb37b,0x223b,0x283a,0xa3e9,0xad07,
    0x2cee,0x2a2a,0x3564,0xb300,0xb373,0xa5c8,0xb8bc,0xb426,0xb2e9,0xaaf1,0xb2e2,0xa98c,0xb08e,0x390b,0x2d1c,0x370c,
    0x2a45,0x3375,0xb5c8,0xa5e3,0x1e4c,0x2f08,0xa8dd,0x3351,0x2f1e,0xa799,0xb615,0x3b0a,0x2e7a,0xab99,0xab85,0xb4e9,
    0x30d7,0xaeb6,0x37db,0xb164,0x2eef,0x2f89,0x29c5,0x2f47,0x2c05,0x2cae,0x29ee,0x3170,0x2aba,0xac42,0xb271,0xb1d7,
    0xaf27,0x30e5,0x2d09,0x9cc8,0x3615,0x355f,0x0d93,0xb129,0x29df,0x39ad,0xb264,0xb11d,0x3780,0x2b5b,0x2b7c,0xb879,
    0x29d8,0x2d06,0x2e01,0x2dcf,0xb4fc,0xb357,0xb8e6,0x3777,0x30c5,0xae2e,0xb02e,0xa84b,0x2df4,0x2b5e,0xb47f,0xb20a,
    0x1e9c,0x3478,0xb1dc,0xb530,0xabd6,0x2e7e,0x2d85,0xa6c9,0xb392,0xb0e0,0x317f,0x30cb,0xb585,0xb100,0xb3d0,0xaa61,
    0x3003,0x2d93,0x321d,0xb303,0x344a,0xb381,0x2222,0xb7a6,0x33d7,0xb214,0xb163,0xa1a2,0xb63c,0xb045,0xaa86,0x2e79,
    0x2be9,0x2d87,0xaa7c,0x2f0a,0xaffc,0xac84,0xb1a0,0x2b83,0xb511,0x2d1c,0xb398,0x37a7,0x381d,0x2e5d,0xa7f1,0xb6e5,
    0x3074,0xa885,0xb48d,0xb293,0x35ad,0xb24b,0x300d,0xb360,0xb23e,0xa72c,0xb44b,0x35fa,0xb2e6,0xadd4,0xb730,0x325b,
    0x3557,0xb3e6,0x2c2f,0x3543,0xb441,0x3759,0x290b,0x2866,0xb10e,0xb1fb,0x2f2d,0x2578,0xb01c,0x2602,0xac93,0xa80f,
    0xb1f2,0x2d9b,0xa5bf,0xa5f2,0x3374,0xb4fb,0xa983,0xabc1,0x345e,0xb83b,0x33b1,0x26b8,0x2d81,0x2cf1,0xb48f,0x338b,
    0x31cc,0x2d95,0xad79,0x2f8c,0x2e2f,0x34ad,0x2128,0x335e,0xb161,0x381e,0xadfc,0x2cb3,0x2a4b,0x28a6,0xa546,0xb289,
    0x2b64,0x2c6b,0x37d1,0xad39,0x989e,0xaab7,0xa560,0xae0d,0xa69b,0x3465,0xae83,0xb2ee,0x3316,0x3880,0xb057,0xb1db,
    0x337f,0x30c5,0xab16,0x3525,0xb8e0,0xacf0,0xab3d,0xb230,0x3526,0x34ab,0x3022,0x30d1,0x33e6,0x2f47,0x2ddb,0x35b7,
    0xa9f2,0xb0d9,0x395e,0xb56b,0xaf10,0xb0d9,0xad9d,0x2671,0xb505,0xac8a,0xb519,0xb4e4,0xb7a6,0x3193,0x32ad,0x312f,
    0xb53f,0x35d3,0x3579,0x33e5,0x2dad,0xb5c1,0xacc7,0xac3c,0xae76,0x3576,0x33cb,0x33bf,0xb2b0,0x3562,0xa10c,0x2fec,
    0xac9c,0x24ab,0xb078,0x336c,0x3472,0xaca2,0x34f5,0xb401,0xb21a,0xac65,0xac62,0xa601,0x3732,0x343d,0xb552,0x2b62,
    0xb4b2,0xa06b,0x29a9,0x26f2,0x2f4b,0xb343,0x3132,0x968c,0xb42c,0xabde,0x3323,0x2269,0x3102,0xb455,0x28a7,0xafb9,
    0x311d,0xb555,0xb462,0x30d8,0x3348,0xb0d0,0x3451,0xafe3,0x2d86,0x2a62,0x387f,0xb038,0x2fa2,0xb142,0xb6de,0x2d32,
    0x342e,0xb151,0x2759,0x31b9,0x31a8,0xb253,0x2c84,0x3649,0xb0ec,0x35a9,0xb047,0x36ef,0x3813,0x303b,0x3401,0xa9c7,
    0x392a,0x27aa,0x2903,0x2b7c,0xb29a,0x34c3,0xb168,0xb270,0xa812,0x37bf,0xb7a1,0x3097,0xafa2,0x3804,0x3133,0xb71e,
    0x36c2,0xb804,0xa766,0x283b,0x3614,0x351d,0x349d,0xb43e,0xb801,0xb8f9,0xa998,0xb83f,0x3417,0x2f33,0x359f,0xb675,
    0x3026,0xac24,0xb484,0xb3cc,0x2ef9,0xb409,0x30e9,0xaf90,0xb82b,0xb75a,0xaed7,0x335e,0xb73d,0x2d81,0x3487,0xb360,
    0x2f8d,0x345c,0x2606,0x2ede,0xb173,0x36b3,0x2e50,0xab19,0x345a,0xaa7c,0xaf24,0x325c,0x3886,0x2a9f,0x3337,0x1be6,
    0x2fa1,0xb463,0x2b8b,0xb33c,0xb41a,0x3843,0xb467,0x283a,0x238b,0x9ecc,0xa87a,0x368d,0x388b,0x2acc,0x35cb,0xb0f2,
    0xb124,0xb0e0,0x282b,0x3523,0x2efa,0xb454,0xb5a5,0x3469,0x2017,0x9ea9,0x2987,0xb00e,0x31a5,0xaca9,0xa5cf,0x2796,
    0x2e94,0x354e,0x399a,0xb323,0x35c5,0xac2a,0xb475,0x2f7b,0x365d,0xb619,0x341a,0x36cd,0x36a5,0x3abd,0x21bb,0xb145,
    0x35bd,0x918b,0x3104,0xb254,0x36c2,0x2e11,0xb0fc,0x341f,0xb6d8,0x293f,0xb3ba,0xb1f3,0x3359,0x2dfc,0xae03,0x2b7c,
    0x3069,0xb5ca,0xb62d,0xb6f0,0x2c45,0xb3d4,0x31fe,0xb4e8,0xa731,0xb5d0,0x2d91,0xb10f,0xb38a,0x2f1f,0xb09b,0x3627,
    0x36d2,0x995f,0xb259,0x38ba,0xb122,0xac93,0x2d60,0xb293,0xb1c4,0xb588,0xb72f,0x2d15,0xa292,0xb130,0xb448,0xb077,
    0xa6b8,0x28b1,0x36d4,0x2fa9,0xb115,0xada2,0xa1f0,0x2fea,0xa509,0x98cc,0x339f,0xaf0e,0xb0ac,0xb1e3,0xad31,0xb64e,
    0x2332,0x3160,0xa8fc,0xb714,0x29ff,0x361d,0xa932,0x863c,0x35bc,0x22fb,0x102c,0xa477,0x3165,0xac89,0xb471,0xb352,
    0x34ab,0xa9a7,0xba28,0xaf6f,0x3815,0x345c,0xa0c9,0x354b,0x3764,0x2cda,0x3908,0x1f47,0x3402,0x3419,0xb8c6,0xacfa,
    0xb1ca,0xb2e4,0x3a66,0x996d,0xa479,0xb321,0x93c6,0x9946,0x2c76,0xb854,0x3160,0xb569,0x2a63,0x3072,0x2cc8,0xb54e,
    0x9c92,0xb407,0xb52b,0x265f,0xb56a,0xb6d7,0xb41d,0xb837,0x3450,0x2ec0,0xb6e7,0x2bd2,0x312d,0x3128,0x31ee,0xb4eb,
    0x2d28,0x2dd3,0x2d43,0x3625,0xaec0,0x305d,0x3487,0x3074,0x31b4,0xbade,0xaa0b,0x3a6a,0xb03e,0x343c,0x301a,0xa876,
    0x2d49,0x30f3,0xb824,0x34d0,0xac0c,0xa6be,0xb657,0xb5d8,0xb498,0x2b9e,0xaa56,0x33d9,0x2c15,0xb303,0xb247,0xb470,
    0x3491,0x387e,0x373a,0xad3d,0xa9c9,0xb459,0xb176,0x25eb,0x302e,0xb671,0x3c3b,0x33d5,0x0a6e,0x33f8,0xb50c,0xb332,
    0x26a1,0xaefb,0x2f2c,0x1c0f,0xb0ca,0x301c,0xb548,0x2b11,0x2d9e,0xad94,0xb53d,0x37b9,0xb472,0xa4b6,0x30dd,0xb22d,
    0xb296,0x2d2d,0xb0bb,0xb4ec,0xb0a3,0xb63b,0x2dcf,0x2198,0x1ef2,0xa2f5,0x39f2,0xa061,0x353a,0xb482,0x3039,0x2cc2,
    0xa8dc,0xac53,0xb41f,0x35ee,0xb524,0xb5bb,0xb96e,0x3120,0x954a,0x3517,0xb33e,0xaaac,0xb65c,0xb75e,0xb4aa,0x3450,
    0x3569,0xb668,0x38d3,0x35b9,0x31a3,0xb432,0x398e,0xaa56,0xb52d,0x2176,0xabe4,0xb235,0xb23c,0xa51f,0x3126,0xad74,
    0x2993,0xaa34,0xae1a,0x347b,0x26f6,0xb5c3,0x3482,0xb14a,0xadab,0x3017,0xaf5c,0xac74,0x307d,0x3472,0xb46d,0xae3b,
    0xb276,0xade6,0x30d2,0x2f92,0x3093,0x2a75,0x2326,0x3116,0xac35,0x2c17,0x2751,0xb3d4,0x2f8f,0xb60c,0xb357,0x2e32,
    0x358c,0x2ce4,0xb3d7,0xb3a8,0xb4f1,0xb54e,0xb0f1,0xad15,0x2f35,0x9fd0,0xae13,0xb356,0x39e9,0x36de,0xa91c,0xad5a,
    0xb1a6,0xb643,0x2cc9,0xb615,0x3641,0x34e9,0x2fbe,0xb36f,0xb7f3,0x37e5,0x3043,0x2cc5,0xb69c,0x31e2,0xb143,0xb243,
    0x3512,0x213f,0x26e3,0xac78,0xb056,0x2ae6,0xb43b,0xb182,0xb5f0,0x2b3e,0xacdb,0xb05b,0xb366,0x2faa,0x36dd,0x35be,
    0x2c56,0x2d00,0xa444,0x1e31,0x3562,0xb00b,0x395a,0x365e,0x2c34,0xb087,0xaceb,0x2e03,0xb61b,0xada5,0x2aa6,0xb81b,
    0xa8f9,0x2636,0x2cae,0x35f7,0x2330,0xb577,0xadf5,0x31af,0xb0d5,0xa720,0xb2cc,0xb271,0xb0f0,0xae88,0x3374,0x37df,
    0x358b,0x2c39,0x37b1,0x3776,0xb463,0xb481,0x2c69,0xb1e0,0x2e68,0xb4bb,0xb0e9,0x29b6,0x2de7,0x2bc6,0x3053,0x32cd,
    0xa496,0x192b,0x35aa,0x34e5,0xa3c2,0x32ca,0x32d1,0x3131,0xabc6,0xb1b5,0x354a,0xa0b6,0x9d11,0xb22f,0xab87,0xaf75,
    0x3069,0x2924,0x2ed7,0xb26c,0xb3ae,0x2d38,0xac81,0xae83,0xadb3,0x264c,0x2b83,0xb456,0x31a7,0xb108,0xb350,0x3285,
    0x2ab1,0xa579,0x3853,0x3283,0x2be2,0xaefc,0x3123,0xb3e9,0xb0b9,0xb39f,0x29c3,0xb067,0x2dcb,0x325c,0x95ce,0xb860,
    0x2c13,0x33d3,0xae1d,0xa9ae,0xa64d,0x10d4,0x342e,0x2509,0x3746,0xb119,0xac67,0xaadb,0x31b8,0x3412,0x2967,0xae63,
    0xb79a,0xb4b5,0x36fa,0xa944,0x9dad,0xb89f,0x34fc,0x30d4,0x311d,0xa3e8,0xb82e,0xb952,0xb2b7,0xb66b,0x34cc,0x33af,
    0x2854,0x2e24,0x361b,0x33e6,0x2143,0xb7ff,0xb517,0x31ba,0x3726,0xb1ef,0xb5d2,0xae61,0x2fdf,0x35c2,0x9e9f,0x29a9,
    0x36ce,0x2823,0x31ee,0xb043,0xafc9,0xb45b,0xb344,0xa811,0xb1e4,0x3056,0xae88,0xb4e1,0xb709,0xb11a,0x2e89,0xb522,
    0x9e8e,0xb164,0x3029,0xb40c,0x2f62,0xb5e2,0x2d2a,0x3102,0x2e73,0xb345,0xb4ef,0xace1,0x36b0,0x1752,0xb068,0x3453,
    0x3770,0xaf43,0xb2d8,0xb833,0x3536,0xb50b,0x2960,0xb8ca,0xb015,0x3117,0xb0d8,0x3725,0x9979,0xb31e,0xad90,0x29be,
    0xb198,0xafd6,0xb062,0xa5bc,0x2670,0xb279,0x35fd,0x2fd8,0x32d0,0x3849,0x3592,0x38fd,0x37ff,0x30b8,0xb14e,0xb497,
    0xa81c,0x3053,0xb09d,0x32ea,0xb2bf,0xb266,0xae66,0x3270,0x3666,0xb221,0xb0f3,0xb0b4,0x9f8e,0x36f0,0x354f,0x18e1,
    0xaad3,0x33f6,0xb2be,0x3139,0x299f,0xa08c,0xacc7,0x3334,0x2eb1,0xb6ca,0xb441,0xb2ab,0xb69c,0x2faa,0x2e2f,0xae25,
    0x3605,0x3107,0x2f78,0xb492,0x3825,0xafee,0x2f61,0x35c5,0x2e16,0xb03f,0xa778,0x3582,0xb6ea,0x384b,0xb377,0x3250,
    0x346e,0xae41,0xb6d5,0xb06f,0x2510,0x2f60,0xb3c5,0xb265,0xb621,0xb467,0xa749,0x34d2,0x31ed,0xb6d0,0xb18f,0xb8b6,
    0x2c21,0xb1fe,0x2b03,0x3050,0x38c6,0xb80f,0x1f4a,0x30da,0xb62f,0xaf2d,0x251a,0xb1f8,0xb249,0xae0a,0x2c7d,0x34d9,
    0xb374,0xb3e3,0x9c94,0xac23,0x30d2,0x3150,0x2e5a,0x28bf,0x2b8b,0xa740,0x2d4c,0x36f8,0x2766,0x98a3,0xb41a,0x3295,
    0x2f74,0x323c,0x31c1,0xafcd,0xaace,0x3440,0xb6a6,0x397b,0x33d2,0x2a8a,0xb0ad,0x2c43,0xad43,0x3719,0xb45f,0x3288,
    0x3124,0xab6a,0x331d,0x320d,0xb377,0x3479,0xb287,0xb1fa,0xab22,0xa82b,0xb0af,0xb788,0xad0e,0xb294,0x2ccb,0xb5cd,
    0xaddf,0xa8d1,0x2193,0x2f61,0x29d7,0xacc0,0x1cae,0xa8cf,0xa8f2,0xadfa,0x2c85,0xb565,0xaead,0xaf00,0x2f42,0x32b4,
    0xb0e7,0xb27d,0xa991,0x3107,0x3102,0x3074,0xb2b4,0xb688,0xad78,0x1dac,0xb98b,0xa5dd,0x1c85,0x3150,0xa246,0x33b5,
    0xb457,0xb4b5,0x305a,0x3402,0xb0a4,0xad43,0x353a,0x9650,0xb215,0xb535,0x24e5,0xb438,0x31de,0x2f49,0xb47c,0x3039,
    0x27f8,0x33d1,0x321a,0x3099,0x3321,0x2b72,0x3412,0xab3b,0x310f,0xb58e,0xb11f,0x34f9,0x31e0,0x3421,0x2da1,0x25bb,
    0x37e7,0xa953,0xab57,0x3298,0xb19e,0x34f1,0x2c20,0x322e,0xa4a0,0x3584,0xb5b9,0xb15e,0x20ac,0x357f,0x27ee,0x3529,
    0x302e,0xb536,0x3039,0xb042,0xb28c,0xb0ee,0xacfa,0xac0c,0x35dc,0x2f09,0xb3d7,0x28b8,0xb755,0x2d81,0xb1e7,0xb5b0,
    0x336a,0xb419,0xaa82,0x33e1,0x3598,0x3147,0x31ed,0xb117,0x3292,0xb3af,0x3625,0xb52d,0xadae,0xb4b1,0xb866,0x34ad,
    0x3064,0xa72a,0x1b43,0x3356,0x28a9,0xacae,0x2e24,0x23ba,0xb3ee,0xb368,0x34be,0xb0db,0x31fb,0x2f8c,0xaa88,0x3172,
    0x2e31,0x3093,0x33be,0x309e,0xb58f,0x3122,0x26e3,0xaf2a,0xb357,0x3442,0x30f7,0x23d9,0xadbd,0x2fd5,0xa748,0xa13e,
    0xb347,0xaedf,0xb235,0xb34f,0xb7be,0x2c66,0x3369,0x382d,0xa201,0xb085,0x33f7,0xafd9,0x2e14,0xb046,0x3509,0x3022,
    0x31f5,0x36b0,0xb827,0xb44e,0xb86b,0x3266,0x37d7,0xb0e5,0xafaa,0x29a5,0xad03,0x3110,0xb0bc,0xb4a8,0x9a0f,0xb41e,
    0x31bf,0xb11a,0x2c6b,0x311f,0xa88b,0xb592,0x396f,0x2a95,0xb07f,0xb589,0xb6d9,0x2bab,0x3081,0xb079,0xb613,0xb3d6,
    0xafc6,0xb008,0x3682,0x318c,0xb553,0x3379,0x32f2,0xb0a5,0x28a0,0xb427,0x33e2,0x9a11,0xb249,0xa652,0xb25c,0xb07d,
    0xb227,0x358b,0xaca8,0xaf3a,0xb14e,0x3388,0x3883,0xa536,0x2679,0xb2a4,0x301d,0x2e95,0x338e,0xa91c,0x32da,0xa32b,
    0x2b01,0x2ab8,0x31d6,0xb5af,0x2e66,0xb526,0xb40e,0x2808,0x2be6,0x34cb,0x313e,0x329b,0xb170,0x342c,0xa942,0x285f,
    0xb6ef,0xaedf,0x32af,0x2fa1,0x3261,0xb15c,0xb894,0xb081,0x289e,0xab78,0xb0e3,0xb055,0xaf44,0x3387,0x2a05,0xb9bf,
    0xb087,0x3096,0xacf5,0xb41b,0xaf2f,0x34d2,0x34ab,0x2fa8,0xb3ae,0x35d7,0x341b,0xb44c,0xb484,0x3377,0xa67f,0xb143,
    0xb526,0xac85,0xb0c3,0x3392,0x3669,0x2cf7,0xb210,0xb217,0x2f04,0x2a1b,0x3576,0x317b,0xb5d0,0x34b5,0x34a1,0x32aa,
    0xae1b,0xab2f,0xaa39,0x34b3,0xafeb,0xb55d,0xb255,0x32b8,0xacd3,0xb42c,0xb4f9,0x31a4,0xadcc,0xac70,0xb3d0,0x28dd,
    0x3124,0xa2a9,0x38cc,0x348f,0xaab0,0x358a,0x36c6,0xb242,0xb2bb,0xb158,0xb2da,0x363a,0x3474,0x2b74,0xb0bf,0xa574,
    0x2eb1,0x34f3,0xa933,0xa64a,0xb048,0xb5f6,0xb739,0x2b29,0xb4e5,0x2f1f,0x3201,0x3267,0xa496,0x2e24,0xb248,0x3506,
    0xb05b,0x2f57,0x2efd,0xb4f7,0xb495,0x32e5,0xa8e2,0xa867,0x2d87,0x2453,0x315e,0xb2cf,0x2dfd,0x3303,0x36af,0x351e,
    0xb1de,0x2dbf,0x37c8,0x33ef,0x20b8,0x371e,0x289b,0x322a,0xaea8,0xac11,0x355d,0xad0d,0xa5f8,0x3010,0xad37,0x2983,
    0x3437,0x34a1,0x267f,0xab44,0xb4b7,0xafa8,0x3032,0xb247,0x3266,0x28df,0xb120,0xb4d7,0x2d59,0xaf04,0xb474,0x292d,
    0x29a4,0xac89,0x3529,0x3386,0x36dc,0xaf67,0xb29a,0xb527,0x2958,0x2648,0x34ab,0xa26a,0x9e8a,0x2fb1,0x26b3,0xad0d,
    0x3071,0x2d2f,0xb503,0x2d29,0x2c29,0xb374,0x32a1,0xaca7,0x2d1a,0xb128,0xb0dd,0xb6d9,0x30cc,0xa85b,0x2428,0xa8c2,
    0xaa74,0x2cff,0xaad7,0x3334,0xb62b,0xb2ff,0x30b8,0x3145,0x2d39,0x3326,0x3429,0xae75,0xacb1,0x2d0b,0x318b,0x1ec5,
    0xb4e0,0x3324,0xaff9,0x2e05,0x264c,0xb6f6,0xaf63,0xa561,0x3146,0x2b77,0xadbc,0x3454,0xa13d,0xb004,0xb1b6,0x2a25,
    0x2e7a,0x3244,0xb3bd,0xb580,0xb166,0x2c17,0xae49,0x343c,0xb7dd,0x280f,0xbae7,0x3607,0xb240,0xb07d,0xb515,0x258a,
    0xb18d,0x339f,0x2eef,0x334f,0xb3f4,0x344f,0x312f,0xa16f,0xa576,0xb003,0xb221,0x33d4,0x3453,0x300c,0xae99,0x32cd,
    0xb6f4,0x280c,0x2eef,0x38cc,0x36e0,0x2fb1,0x3949,0xb47d,0x37b9,0xaa9b,0x34ac,0xb90b,0x343c,0x9c50,0x3c36,0x3011,
    0xb897,0x29ce,0xbca8,0xb8c8,0x35ac,0x3005,0xb98f,0xb5f4,0xad40,0x3559,0xb5b2,0xb8e6,0xb272,0xad7f,0x35ae,0x35bb,
    0x3521,0xacec,0xafb1,0xaf3a,0x2815,0xad74,0x2c1c,0x3151,0x22d7,0xb3e1,0xad2e,0x3016,0x3193,0x3839,0x33ab,0x24be,
    0xb44b,0x3277,0x9d75,0xb265,0x241d,0xb453,0xaea3,0xb6b9,0x3221,0xb00c,0x32cc,0xb005,0xb841,0x2827,0xad7d,0x30c6,
    0xb12e,0xaf47,0xaff7,0x2ee5,0x2b98,0x32b4,0xb189,0xb2b0,0xa1f4,0xb2dc,0xafc1,0x2e90,0xb677,0xb2b4,0x93be,0x2866,
    0xb413,0x3400,0x2935,0x2c24,0x343d,0x2da2,0xb5c0,0xa81a,0xaf21,0xad7e,0xb1ba,0xa2df,0x287e,0x327b,0x342f,0x2789,
    0xab3a,0x30a0,0xb8e7,0xaa12,0xad85,0xaeed,0xb4c4,0xb2ae,0x2baf,0x2f49,0x329e,0xb4db,0xae1a,0x994e,0x3401,0x2a83,
    0x2c75,0xb5d8,0xb463,0xafe4,0x3092,0x290f,0x33a7,0x9cfb,0x22ff,0xb0a5,0xac48,0x30f0,0x2cb4,0xa611,0xac1e,0xb1b2,
    0xb1a0,0xb0a2,0xaa93,0x12c7,0x9d7c,0xb2b1,0x3405,0x33b2,0x9879,0xb37c,0xadc6,0xae09,0xa156,0xab67,0xb110,0xb3d5,
    0xb007,0x3267,0xa576,0x2920,0x23f7,0xac58,0xacb8,0x29fb,0x33cc,0xa51b,0xb490,0xb13d,0x28b8,0xacd3,0x30a7,0xb29e,
    0x2739,0x322a,0xa8ca,0xacac,0xa738,0x2dbc,0x3443,0x3732,0x2fda,0x30c1,0x34f3,0xae92,0x3605,0x3722,0x3487,0x2de8,
    0xb20e,0xb41c,0x2312,0x3856,0xae14,0x32a5,0x29cb,0xaf69,0xb4aa,0xb6ab,0x9468,0x3432,0x2d64,0xa6bc,0x200f,0xb287,
    0x36bb,0xb0a3,0xb71c,0xb069,0xb797,0xb4c3,0xb016,0xb6e1,0xb7c0,0x35b0,0xafbe,0xb1ce,0x2dd4,0xb7ca,0x31ad,0xaab3,
    0xb682,0xb2ba,0x2890,0x963f,0x29a0,0xad53,0x35e6,0x3203,0xb5cf,0xaa33,0x2e2f,0x207a,0xaba3,0xaefb,0x1513,0xad26,
    0x2d02,0x34f1,0xb555,0xa522,0xaf56,0xa116,0x3311,0x31c6,0xb560,0xb7fb,0x3868,0xb3d4,0x2c62,0xb25e,0x2c7c,0x24f6,
    0x3048,0x34bc,0x37eb,0xb59c,0xa6ae,0xb061,0xb78c,0x3159,0x30b2,0xaca9,0xa9c8,0x323f,0xac26,0x3194,0x2adc,0xb0f3,
    0xb1a6,0xb193,0x35c8,0x2bb1,0x21c3,0xb09f,0xba33,0xb50d,0xa811,0x2cc8,0xb612,0xaa8b,0x2ca3,0xaf0c,0x33a6,0xba69,
    0xb10d,0xb576,0xa901,0xaa95,0xa4d2,0x25d6,0x2efc,0xac8b,0xa61b,0x2313,0x27db,0xb495,0xa09e,0xb022,0x388a,0x9968,
    0xb0f9,0xab46,0x8828,0xb616,0x9ab6,0x27d5,0xb51c,0xb025,0x31b0,0x33ca,0xb251,0x2723,0xa9b2,0x3959,0x33e4,0x38bb,
    0x31dd,0x2de3,0xae42,0x2751,0x2b9e,0xb3db,0xa996,0x2dcd,0x2b63,0x9c4b,0xaf52,0x3491,0xb428,0x2e6b,0x2c70,0xb10c,
    0xa949,0xad3a,0x33b5,0xa1ed,0x3238,0xb6db,0x2b88,0x2f94,0x2aa6,0xa8cb,0x2f43,0xac32,0x32bc,0x3206,0x29cc,0x38ad,
    0x343b,0x355d,0x2c71,0x30b7,0xaf39,0xac36,0x2e90,0xb035,0x360b,0xaa83,0xb073,0x28b1,0xa6fb,0xafe1,0xb287,0xadbc,
    0x3043,0x29f5,0x3487,0xaf4e,0xaeb0,0x2d0c,0x33e6,0xaf6d,0x3073,0x3005,0x368f,0xad27,0x3323,0xacff,0x32ba,0x227c,
    0x340e,0xad16,0x2edd,0xb12e,0x378d,0x33c9,0xa944,0x2527,0x375a,0x25cf,0x33d3,0xb529,0x2d83,0x347c,0xa82e,0x9c60,
    0xb177,0x2cc3,0xb10f,0xb1a1,0x9cda,0x2791,0x376b,0x255e,0xa94c,0x299c,0xb39f,0xa8a0,0xb077,0xa76a,0xacc2,0x31e1,
    0xad5f,0xb3ce,0xb560,0x24d1,0x2172,0x2923,0xa41d,0xb0b8,0x12b9,0x2dbb,0xb63a,0x2d17,0x27c6,0x26fb,0x2e09,0x21ab,
    0x2d5d,0x2ef9,0x2a30,0xb0cc,0xa086,0x3290,0xaee9,0xb37d,0xa486,0x3254,0x31a0,0x29b8,0xae3a,0xa198,0x2cf0,0xb028,
    0x2a65,0xae62,0x322f,0x2fbc,0x29d3,0xa907,0x2ed0,0xb280,0x2d47,0x34f4,0x2a6a,0x2fb4,0xb0d0,0x2c66,0xb2ba,0x3469,
    0x2c75,0xa004,0x340a,0xaca4,0x32d4,0xa8a7,0xae80,0x36dc,0x2daa,0x3074,0x2c9c,0x2af9,0xb511,0xb414,0x36c4,0xac25,
    0x37b4,0x323c,0xb179,0x2912,0xa456,0x3490,0x34f3,0x340d,0x298a,0xa7a5,0xae23,0x1f24,0x1cf4,0xabb4,0x29f5,0x29df,
    0xae47,0x3590,0x34d2,0x3609,0xb16e,0x2ac8,0x3616,0x31a4,0xb5ee,0x3856,0xb362,0xb897,0xa944,0xa34e,0x2c21,0x2d12,
    0xaef8,0x3248,0x3406,0x2e5f,0x33e5,0x3402,0x36a6,0x2fde,0xa7bf,0xadc6,0x2c66,0x2d0c,0xaeb7,0xa3e3,0x32d5,0x2dc0,
    0xb444,0x2f5d,0xa1a8,0x2dee,0x20fd,0xaf7c,0xa7d9,0xb580,0xa576,0xa8be,0x2298,0x26fe,0xaa72,0xa282,0x29ca,0xacb5,
    0x358b,0x2ff3,0x2a6f,0x345d,0xa06d,0xaf1c,0xa51a,0xaf1c,0x3579,0x31bd,0x34fd,0x3345,0x2acb,0xae82,0xb12f,0x317c,
    0x1fe0,0xa866,0xac20,0x2ce1,0x2805,0xaf4b,0x9239,0xb39e,0x33c0,0xad82,0xb42b,0x2ddc,0x2796,0x94a8,0xac65,0x3007,
    0x3479,0x326f,0x25d4,0xb1a6,0x30c0,0xb43a,0x304a,0x2a4e,0x34cd,0x3c69,0xaadc,0xb1e3,0x3203,0x3184,0x2e80,0x336b,
    0x34c6,0xadb6,0x2c51,0xaac4,0x34bc,0x2f8e,0x2dc8,0x2942,0x30ff,0x143c,0xa866,0x2eaa,0x2a9b,0xb24b,0xaf08,0xb38c,
    0x2dc4,0x2d6c,0xb375,0x3493,0x2ba9,0x16cf,0x34de,0xa93a,0x3810,0xa750,0xae57,0x2922,0x2c1f,0xb249,0x32f7,0xad8c,
    0x21bc,0x32c7,0xafb4,0x34ba,0x34ab,0xa4d9,0x326e,0xb1d7,0xb1fd,0xb296,0x2b4a,0x31de,0x2fe1,0x2cb0,0x2cbc,0x2995,
    0xb848,0xb2dd,0x347f,0xb618,0xad08,0x2f94,0x2f56,0x1b76,0x2aa7,0xb1a1,0xb3da,0xae5a,0x309a,0xb585,0x3369,0x2ace,
    0xb89f,0xa7f2,0xb118,0x25ec,0x1906,0x9d95,0x3915,0xb0e4,0x20a5,0x3476,0xad1d,0xac85,0x9a20,0x2d9f,0xb6c9,0xb5c8,
    0xad88,0xac68,0xae90,0x34fd,0x1dfa,0xa8a8,0xaeaa,0x2842,0x2991,0x30f1,0xb77a,0x2f0f,0x2497,0xaea9,0xb5e2,0x2f6f,
    0x353f,0xadcb,0x2962,0x2feb,0x289f,0x32a3,0xb4b2,0x3046,0x2f91,0x3035,0x265e,0xad26,0x3733,0x3554,0x109a,0x3197,
    0x2a7c,0x3165,0xae08,0xb1a9,0x2910,0x2138,0xaf8d,0xb1bd,0x28f5,0xb164,0x2bb2,0x2296,0xb2a3,0xa466,0x3745,0x2f42,
    0x3059,0x3129,0x38b4,0xaccf,0x2f3d,0x2e88,0x3499,0x295f,0xa494,0x1c9a,0x9b5f,0xa998,0xb4d9,0x3a3f,0xacff,0x3637,
    0xb384,0x2956,0x353e,0xaffa,0x2a97,0xb3b3,0xacb5,0xace0,0xb4c5,0xa2c3,0xb518,0xaa2f,0x2ff4,0xac25,0xbb31,0x3091,
    0xaeb3,0x26c9,0xb1aa,0x2421,0xa3b3,0x3236,0xb732,0xabe5,0xa8a1,0xb2f9,0x93fe,0x35ac,0xb1f8,0xacf9,0x9e7d,0x2bad,
    0xaaa5,0x2d6f,0x2eca,0xb777,0xb6b2,0xb467,0xae5c,0x34ce,0x2c04,0x1da1,0xb0f6,0x33e8,0x37af,0x1428,0x2932,0x30df,
    0x3212,0xaf4a,0x33f9,0x3256,0xa06e,0xaf09,0x9729,0xacd9,0xaaf3,0x347c,0x311d,0xad11,0xa39f,0x2edd,0xb2d7,0x36cc,
    0x3275,0xb0be,0xb369,0xafa6,0x9f78,0x32d8,0xb4ce,0x2551,0xaae6,0xb78e,0x3638,0xb366,0xa06b,0xae1e,0x2e0a,0xb3af,
    0x22b4,0x2c3e,0xae2d,0x2e2d,0xa7cc,0x9f97,0x3666,0xb435,0x2971,0xaa61,0xb249,0xb1d1,0x2c27,0xaa6c,0xa940,0x31b4,
    0xb5bc,0x209c,0xa5e6,0xa603,0x2b9e,0xaac5,0x2ed0,0xa9ed,0x22b9,0x3241,0xae10,0xafb2,0xb600,0x2dff,0xb2bc,0x33ad,
    0x351f,0xb05b,0x2c54,0xa8d9,0xaa5f,0x3496,0x346b,0xb469,0xa4f5,0x33d9,0x2b3e,0x2b1b,0xb8e5,0xad59,0xabf1,0xa935,
    0xb8fc,0xa8c0,0xac61,0x30bc,0x31be,0x302c,0x38d3,0x2ff2,0x9ce6,0xa59d,0x3183,0x2275,0xb5c6,0xac50,0x2cac,0xb04c,
    0x1cff,0x2f7b,0x2eef,0x33a0,0x2da8,0xab6d,0x245b,0xa87a,0xb116,0x2973,0x3673,0x3175,0xae1c,0x1f5e,0xaf1b,0x2835,
    0xb8ff,0xb679,0x3211,0x3641,0x1c1e,0xb096,0x2f56,0x3197,0xad8e,0x2eb4,0xb3df,0xb1c0,0xb519,0xaf69,0x142f,0x3004,
    0x2285,0x972b,0x34d0,0x29e5,0xa442,0xaefe,0x36c1,0x3527,0x2267,0x3183,0x342f,0x1f45,0x22b4,0xb030,0x3705,0xadf9,
    0xac05,0x2608,0x2d8c,0x2d8f,0xa25b,0xaac9,0xb425,0x2a2b,0x2839,0x3474,0xb1a9,0x3835,0x99c3,0x3306,0xb118,0x297d,
    0xaeae,0x2c13,0x2d0b,0x1b7b,0xa02e,0xa9d5,0x316e,0xb0d3,0x2226,0xb1f0,0xb4b9,0xae1e,0xb325,0xb621,0x2d27,0x2ed2,
    0x2e23,0x2ed3,0x32d4,0xa881,0xa43a,0x30b9,0x2d4c,0xb2c0,0xb50f,0xb673,0xa840,0xb0db,0xb5db,0xa9e0,0x2db7,0xb0c0,
    0xb24a,0xb051,0xb728,0x298f,0xadfa,0x35e1,0xaa5b,0x3238,0x0d21,0xa8d2,0x2baa,0x2ce5,0x30ec,0xb4b1,0x9d9f,0xaf6a,
    0x2834,0xb298,0x324a,0xb376,0xa992,0xa640,0x2bed,0xb0ac,0xb12d,0xb0db,0xb23a,0x3535,0xaa6c,0x3323,0xb688,0xac47,
    0x1e3c,0xb49e,0xb1ac,0x30ff,0xaac2,0x2da8,0x3076,0x318b,0x9f3c,0xb67e,0xabcc,0x33d6,0xaeb1,0xacb5,0xa879,0xb1dc,
    0x216e,0x297e,0x3115,0x3515,0x340b,0x30a7,0x39fa,0x2b99,0x3724,0x27fa,0x2733,0xada0,0x3575,0x3012,0x22b3,0xb17b,
    0xb4c4,0x27a1,0xabaf,0x2cf0,0x2673,0x338a,0xbb4c,0xb70f,0xac42,0xae91,0xb1cf,0xa009,0xa6ce,0x2df3,0x315b,0xb11b,
    0xb23d,0xb611,0x346a,0xb414,0xa2eb,0xadc4,0xa93a,0x2ddd,0x2a0f,0xb050,0x274a,0xa3ed,0x2b89,0x2cf0,0x37c2,0x29f1,
    0xb19d,0x2bb3,0x1a79,0xb407,0x22c2,0x3289,0xaae9,0xb5e6,0xb301,0x343a,0x2a45,0x2c32,0x2c92,0x2d40,0x31fd,0xb80a,
    0xab25,0xb4fe,0x31c2,0xb083,0x2be7,0xaca6,0x2884,0x2b1a,0x3276,0x36d4,0x2dfc,0xb234,0xb2ca,0x3099,0x3293,0xb653,
    0x3285,0xb323,0xa9f5,0x25e1,0x2e4c,0x264b,0x2f22,0x2fcd,0x2635,0x2fa9,0x9fe4,0x3259,0xb7e4,0xb59f,0xb07c,0xa35b,
    0xb0b7,0x1e05,0x2e5e,0x2e1c,0x30c3,0xa7ad,0xb2b3,0x2992,0xb7c6,0xaca6,0x2c34,0x309b,0x9ba0,0x15eb,0x2de3,0x2952,
    0xac3b,0x32bd,0x2c38,0xb306,0x32fc,0x1dfb,0xba62,0x370c,0x2e3b,0xb9cb,0x3133,0xa990,0x3073,0x89e7,0xade8,0xad0d,
    0x32d1,0x365e,0x33d6,0x3462,0xaad1,0xb34b,0x2c35,0x338a,0x3003,0x2cb6,0x3229,0x3603,0x366d,0x2984,0x2dc1,0x2d49,
    0x93d5,0x319e,0x2b33,0x2bef,0x9cf0,0xa954,0xb46d,0x2565,0xa2dd,0x3470,0xb1d3,0x30b9,0x2a5e,0x33b9,0xb1b3,0xafdc,
    0xb0a9,0x322a,0xac60,0x2e4f,0x9e02,0xac15,0xb35c,0x9b41,0x2bd2,0xab01,0xb105,0xab53,0x9eb6,0x2e21,0x37ed,0xad0a,
    0x301e,0xa23b,0x2d54,0x32d9,0xa170,0x1c19,0xb725,0x345f,0xb352,0xb05e,0x3403,0xb046,0x38e1,0x32e7,0x3165,0xa9eb,
    0xb180,0xa0e9,0x2d50,0x383c,0x21ea,0x33bd,0xaed1,0xb075,0xb407,0xba1e,0x9fce,0xac12,0x37e5,0xb209,0xb364,0x284d,
    0xac0e,0x3462,0x349f,0x3036,0x2aa3,0x3326,0x2b99,0xaec5,0xae77,0x336a,0x2651,0x2e70,0x9c97,0x3371,0x2ee2,0x2cd6,
    0x32f6,0xb403,0x2f94,0xb2e1,0x2d0a,0x2aab,0xb41c,0xaf69,0xad1f,0xab56,0x3475,0x312e,0xa899,0x3462,0x33eb,0x1f52,
    0xaaf9,0x324d,0x314d,0xb221,0x3310,0xab75,0xb3f3,0x2862,0xafe9,0x2f5d,0x3534,0xaf3a,0x2d81,0xa965,0x2e62,0xb4d6,
    0xac7d,0xaf5c,0x3a3c,0xb0ad,0x2efd,0xb1dc,0x309a,0xb2dc,0xb2ee,0x2a24,0x2498,0x336f,0xb00d,0x3494,0xad95,0xb107,
    0xb0b8,0xa58f,0x26a3,0x31e9,0xa15a,0x301e,0xb737,0xb827,0x2582,0xb1ea,0xad31,0x2c51,0x2b02,0x2f0f,0x3670,0xb053,
    0xa663,0x34e5,0x2345,0x2c65,0x1a1e,0xa017,0x3676,0xa5b3,0xa7df,0xb43f,0x3146,0xb208,0x287a,0x2c4f,0xb151,0xa7db,
    0xb0c4,0xa09b,0x2411,0xb594,0x9fae,0xb207,0x2824,0x31a7,0x33c1,0x2bca,0xb7c8,0x3054,0xb88b,0x3cdb,0xae29,0x34e4,
    0xa435,0x31de,0x9d70,0x32ce,0xb2b2,0xb7e2,0x2d9a,0xb416,0x3135,0x351b,0x1f2b,0x3190,0x25d4,0x2d33,0x31ef,0x34dd,
    0x2c7f,0xaf2e,0xafb4,0xa835,0x355d,0x2f23,0xb068,0xb228,0xb099,0x32c9,0xacb0,0x3212,0x36fc,0x2915,0xb4b9,0xb949,
    0xaeb1,0xb231,0x2a48,0x2f15,0x2e6c,0xac06,0x3196,0x30d4,0xafd9,0x2f78,0xb333,0xad52,0xb056,0x2d5e,0xb441,0x9c5f,
    0x31bd,0x2d8f,0xb319,0x3438,0xb3f9,0xa721,0x336f,0x2c8d,0xad90,0x36e0,0xb88d,0x306c,0xb4bc,0xb08f,0xaff2,0xafdb,
    0xaa18,0xb7a8,0x34dc,0x3734,0x320f,0xaa34,0x360c,0x37a3,0x35bf,0x25a4,0x334c,0xab36,0x2b21,0xadb2,0x347f,0x2dbf,
    0x35cc,0xb057,0xa8f0,0x26ad,0x1e4b,0xb075,0xa5f4,0x3659,0x2a0e,0x2d59,0x3073,0x32e1,0xa028,0x2d19,0xac01,0x3571,
    0x291a,0x2b70,0x30e9,0x226a,0xaa43,0xaca1,0xb0d3,0xa764,0xb181,0x3339,0x2c19,0xa9de,0xacb9,0x2cf3,0xafe9,0x3041,
    0x30a2,0xae05,0x2c9f,0x3555,0x9e75,0xae99,0xb42e,0x315d,0xb345,0x31c0,0xb386,0x2e5a,0xb302,0x3114,0xabbe,0xa7e3,
    0x2fef,0xb0da,0xaed3,0xb86f,0x290f,0xac87,0x2c65,0x308c,0xb071,0xb5c1,0x2eba,0x34c5,0x37a7,0xac36,0xaac6,0x2b62,
    0xb2f7,0xa62f,0x346e,0x24c7,0x32a9,0xb089,0xacd4,0xb85c,0xb11d,0x2fe1,0xae50,0xa08a,0xaa66,0x387b,0x2ae5,0x3016,
    0xb4ce,0xb2a4,0x3038,0x28f0,0x2d6f,0xa4d1,0x2e4e,0xadfa,0x23c4,0xaaee,0x2a05,0xb261,0x31e9,0xa4fe,0xa93b,0x2e16,
    0xa888,0x2043,0xb802,0xb01a,0xa494,0x341e,0x9a39,0xb080,0x31ae,0x3a15,0x3190,0xafb9,0x2b20,0x2ef5,0x2ffc,0xa80b,
    0x3822,0xb364,0xb1fd,0xafdc,0xaebb,0x34a4,0xb902,0xa2ba,0x3001,0xafc7,0x319b,0x3260,0x2f5a,0x38bf,0x2c5a,0x338e,
    0xb517,0xae39,0x31c2,0x30d6,0xa389,0x2fa6,0xb023,0xb74b,0x9ce4,0x2fa5,0x3197,0xb305,0x2b92,0x2482,0x3281,0x2f47,
    0x21a3,0xad77,0xa522,0x2652,0xa406,0x2a73,0x36fb,0xabba,0x3372,0xaf4d,0xb610,0xb60e,0x9fc7,0xac85,0xb008,0x2c12,
    0x36e9,0x290e,0x279f,0x34bf,0x23bb,0x2eeb,0xb401,0x2f29,0x3458,0x2ef0,0x32f9,0xaaf3,0x36ca,0x2ce2,0x3636,0xb1ec,
    0x2e1d,0xb436,0x31f5,0xb609,0x33b9,0x2bb5,0x32d1,0x347c,0xaab4,0x3654,0xb065,0xa860,0xb01d,0x2894,0xb1a8,0x315a,
    0xae3b,0x31da,0x34d1,0x27bf,0x30ce,0x2f9a,0x2d56,0xa116,0x1cbe,0x22e9,0x302d,0x32f2,0x3809,0x3753,0x2b04,0x33de,
    0x34da,0x2dfd,0x2b7d,0x2db8,0xab77,0x9f51,0xac00,0x3328,0x12ae,0x2e46,0x9542,0x2931,0x31f8,0xab9d,0x2cae,0x28af,
    0x2427,0x35fa,0xb129,0xb7ba,0xb685,0x24d5,0xb292,0x2aa2,0x2763,0x34cb,0x1e5b,0xb117,0x3218,0x32b1,0x2efe,0x2f0c,
    0x2cc9,0xa416,0x343f,0x3040,0x3727,0xace9,0x37e0,0xb4b6,0x2e46,0x2c92,0x3451,0x370d,0xb571,0x3799,0xaa76,0x3210,
    0xa43c,0x2c55,0xaccf,0x28ad,0x08ad,0x2ed6,0xb45a,0x2e4e,0xaa27,0x33dc,0x360c,0x2a5b,0x20c0,0xb0d9,0x32eb,0x3b25,
    0x3523,0x2a8e,0x312e,0xa1e3,0xa23d,0x355f,0xacfb,0x2d64,0x304a,0x2d74,0xb6fc,0x35a5,0x9d88,0x2608,0x2fac,0xb0c0,
    0x21d6,0xb09d,0x97f4,0xb129,0xa25b,0x3634,0xb394,0xb619,0xaa7a,0x2fe0,0xb312,0x2c19,0xb415,0xb4c3,0x3310,0x31c8,
    0xb439,0xb8c1,0x30f3,0xa7d1,0xaf08,0xb452,0xa9dc,0xae03,0xb3c2,0xb3ac,0xa192,0x381b,0x2e5a,0x215c,0xb684,0xb299,
    0xae7b,0x28a9,0xb1b4,0xa7a9,0xad25,0x2ad3,0x2c9f,0xaf03,0x2feb,0x3410,0x1064,0xb030,0x3548,0xb18e,0x2d81,0x3565,
    0xb4cf,0x3318,0x2ce4,0xa147,0x2c46,0x2c25,0xb858,0x2fd2,0x2637,0xb22c,0x348b,0x2a2c,0xa801,0x3537,0x360d,0xa75d,
    0x2dd1,0x35f4,0xb4db,0x2d99,0xa79d,0x2d1f,0xb558,0x2c75,0xae41,0xabb1,0x34a9,0x242d,0x36ee,0xacf6,0x2e51,0xa8ac,
    0x33de,0xb5b3,0xad3a,0x9c0c,0x328a,0x1b48,0x3132,0x2981,0xa6a7,0x2e59,0x34f7,0xb40d,0xb269,0xb112,0xb014,0x2d7d,
    0x3887,0x29ca,0x2a5a,0xb00f,0x2547,0x2979,0x393a,0xb104,0xaac5,0x31f4,0xa83e,0x312e,0xaeb9,0xb2b2,0xb081,0x2a5a,
    0xb6bf,0x3935,0x2f2c,0x2e41,0x272a,0xb0d7,0xac50,0x9676,0xb511,0x96ac,0x2e9f,0xb3e9,0x27ac,0xb026,0xad42,0xb045,
    0x35d0,0xb1ac,0xa628,0x35b0,0xa5e7,0x3036,0x3522,0xb069,0xb039,0x2c6c,0x335f,0x2ec6,0xb606,0xb035,0x326a,0x2912,
    0x2b90,0x33da,0xb237,0x2d27,0x9fd7,0x2eb3,0xa630,0xb36c,0x34f8,0xb012,0xb076,0x2820,0x374b,0x2896,0x362a,0x2bea,
    0xa7aa,0x2f0d,0x3220,0xa368,0x2caa,0x2b2b,0xa817,0x2184,0xaa8e,0x2c72,0xa331,0xa20d,0xae94,0x359e,0x288e,0x35d5,
    0x34fb,0xa0ae,0xa6e2,0x2f61,0xa556,0x2db5,0x2d3b,0x289c,0x2bec,0xaeba,0x324b,0x3473,0xafb5,0x3204,0xaf91,0xa0a2,
    0xa4d7,0xb33e,0xb12b,0xb1f1,0x2839,0xacf2,0xb611,0xac30,0xad52,0x2813,0x250d,0xb428,0xb2e7,0xabbb,0xa4dc,0xaaca,
    0x2f9b,0x328a,0x3731,0xb49b,0x3392,0x2f44,0xaf66,0xb074,0xb2df,0xab98,0xb504,0x2f0a,0x352a,0x253b,0xab31,0x2f62,
    0x357e,0x340c,0xad48,0x1f74,0x21ee,0x2c8b,0xab58,0xb188,0xa291,0xac39,0xa459,0x30e2,0x98b2,0x2d8e,0xa353,0x3498,
    0xb01c,0x3678,0xab0e,0x1ee7,0x262b,0x9a8d,0x301b,0xa9f3,0xade1,0x329a,0x321d,0xb660,0x2aad,0x8f08,0xac77,0xa43a,
    0xb0b9,0x32b9,0x1a54,0x9b20,0x2bf1,0xb411,0x34a0,0xb4c9,0x2cf3,0xa645,0x3299,0x2cb4,0xafd2,0xb6e2,0x2c77,0xb4c9,
    0xaecc,0xb9ea,0x2935,0x25a0,0x982b,0x309b,0x2e92,0x2487,0x2d72,0x3260,0xabdc,0xb562,0xb0b2,0xb0a7,0xac07,0x30d1,
    0x35d0,0xae1a,0xaf62,0x1ce2,0xb70e,0xa32c,0x2869,0x32ba,0x2a09,0xb136,0xa66d,0x3027,0xb738,0xb8eb,0xa4fd,0x2aac,
    0x31fc,0x1ae4,0xb3a5,0xad40,0x2cc5,0xaa21,0x31e7,0x22d6,0x30cd,0xa54d,0xb50b,0x26d1,0xa10a,0xb45a,0xba42,0x2675,
    0xab26,0x3462,0xacec,0x2caa,0x2cbe,0xae2f,0x3087,0xaaf9,0xb510,0x3004,0x2d45,0x245f,0xaa06,0x31c1,0xb12d,0xb03d,
    0xb0d8,0x3048,0xb2f1,0x38e7,0xa6bb,0xb4dd,0x303d,0xaf05,0xb4db,0xa91f,0xb04e,0xa11e,0xac72,0xb07c,0x28d7,0x267a,
    0xaf44,0xab5a,0xb108,0x2a4b,0xa2a7,0xa86e,0xb4a9,0x28e8,0x2a2b,0xae3d,0x302e,0x3051,0x270e,0x14a7,0x3475,0xaceb,
    0x253c,0xb992,0x301f,0xaaf1,0xa803,0xb11c,0xb1a3,0xac50,0xb050,0x2948,0x33c2,0x2e61,0x2068,0x2ec5,0xb411,0x3315,
    0x2405,0xb02b,0xa0b2,0xa7f9,0x2dc7,0x285f,0xb654,0x238b,0x32a1,0x1e14,0xb0fd,0xa89e,0xafa9,0xb8e6,0x2f4b,0x30a4,
    0xb43d,0x2c46,0x2762,0xb30c,0x2b95,0x329c,0xb098,0xb2b1,0xade6,0xb36f,0x2d37,0xb5fc,0xb288,0x2559,0x35df,0xad2d,
    0xbae3,0xad8d,0xade8,0xab15,0xb10e,0x2a48,0xa5fb,0xa5e8,0xadbe,0xb0ef,0xa711,0xb0a4,0xa49e,0xb4e1,0xac5d,0x333f,
    0xb4b3,0x2ff7,0xa9de,0xae03,0x28ef,0xb042,0xb4f4,0xabb3,0x31b8,0xa794,0xb558,0x309a,0xb1de,0xaccb,0x36af,0x2666,
    0xa57f,0xb596,0xb171,0xa7d5,0x2e46,0xad5f,0xb7d2,0xb28b,0xa326,0x3737,0x3485,0xaf87,0x321f,0x2bd5,0xa435,0x3013,
    0xa982,0x341b,0xb168,0xb51c,0x34da,0x2dd2,0x28a6,0xa3b5,0x9efa,0xae42,0xb36f,0xb144,0xb15b,0xb5b7,0x2c3e,0x2732,
    0xb6d5,0xae9b,0xb3bc,0xac49,0x263f,0xb4ab,0xb553,0xb1aa,0xa1c9,0xb362,0xb6a1,0xb42d,0xb06f,0x3429,0xb053,0xb6af,
    0x3193,0x362e,0xb50f,0xa8cb,0x2570,0x2887,0x3155,0x311a,0xaa94,0xad14,0x308f,0x3448,0x2823,0xa040,0x2ce0,0xb172,
    0xb42d,0xaca9,0x293d,0xb318,0xa0b6,0xaf50,0xad92,0xb67c,0x2ee8,0xb15f,0xb92c,0x2e6d,0x2cb6,0x362b,0xb116,0x3736,
    0x3b5b,0xabb6,0xa95e,0x2c26,0xb1bd,0x9e4e,0x2fda,0xa5a7,0xb5e0,0x3674,0xb31d,0x946b,0xa738,0xa9d7,0x2fab,0x0bef,
    0xb06f,0x2c2a,0x2a23,0xa5fe,0xb144,0xb738,0x2de1,0x34e4,0x30b9,0xa935,0xa802,0x107f,0x34a1,0x335e,0x2d9f,0x2caf,
    0xafe0,0x2f68,0x3158,0xb0c5,0x2d7e,0xa91d,0x303f,0xae36,0x346e,0xadd7,0x2d3e,0xb58a,0xafaa,0x31d7,0xb53b,0x2813,
    0xb06b,0xb83a,0xabcd,0x356e,0x29c7,0x2ca1,0x31bb,0x2233,0x1f04,0x3590,0xb0ff,0xac4a,0x34a6,0x2b52,0x2d19,0xa758,
    0x3680,0x350b,0xab9a,0x3033,0x2d2d,0x3612,0x2ff9,0x30bb,0x332e,0xa1d1,0x3600,0x2271,0x29b8,0x349b,0x9db5,0xa3d9,
    0xaa22,0x2f8c,0xb7bd,0xaa54,0x2518,0x347e,0x35e6,0xb20d,0xa13b,0xb70e,0x2013,0xab0f,0xae3a,0x9646,0x2dff,0x3303,
    0xada6,0xb942,0x241b,0xad49,0xa02a,0xa988,0x25db,0xa7e4,0xb412,0x24ca,0x3482,0x2952,0xaca0,0xb0f9,0x260a,0x3361,
    0x2c2e,0x2ce7,0x2044,0x3105,0x2562,0xaee1,0x2e34,0x3818,0x3228,0xb501,0x276c,0xb099,0x2e06,0xb938,0xadf6,0xaafa,
    0xb9d8,0xb26f,0x2d78,0xa9a9,0x2d6d,0x32ad,0xb064,0x2889,0xb587,0xa9ee,0x30ac,0xad43,0x33c5,0x2ac6,0xb224,0x31b3,
    0xb64f,0x30e2,0xad83,0x2c56,0xa0c3,0x2eb4,0x289d,0xaebe,0x30da,0xb4ce,0xa517,0xb4d2,0xa8ea,0x31b6,0xa732,0x2009,
    0x37b3,0x3214,0x2e4d,0x0e8e,0xad98,0x30a6,0xb00f,0x1ec2,0x3365,0xad53,0xad1a,0x2bf0,0x2d8f,0xaec6,0x36ce,0x2da3,
    0x29b8,0x3865,0x3034,0xb80d,0x29aa,0xac09,0xae94,0xb4a9,0xb478,0xbb71,0xa283,0xa841,0xb415,0xa92d,0xa955,0xa466,
    0xb15c,0x35ca,0x31a8,0xb6bd,0x311a,0x2d80,0x32a2,0xaa6d,0x2c13,0xb0e4,0x345f,0xb003,0xad1d,0xac93,0xa4d1,0x2148,
    0xbc3a,0xafe7,0xb617,0x269d,0xa2aa,0xb028,0xb88e,0xb597,0x0dd8,0xace2,0xb2af,0xacd4,0xaaea,0xaa91,0x3440,0x325b,
    0x31e8,0xb397,0x284d,0xad5d,0xa658,0x2f9b,0x2f69,0x2f32,0xb425,0xb067,0x27b1,0x32d5,0x28be,0xacfd,0x367b,0x2c69,
    0xaa8f,0x3191,0xa3e7,0xb5bb,0x2083,0xa96c,0x39b4,0xb43d,0xa41d,0xaad9,0x3001,0xacf9,0xb667,0xbc2e,0xaa99,0xb807,
    0xa507,0xb2aa,0x32e6,0xbb13,0x3459,0x3307,0xa2c8,0xad5f,0xa876,0x3906,0x2f9e,0xb2f0,0xb327,0xaa23,0xb40d,0xb08b,
    0xb011,0x2b38,0x30bc,0x2b15,0xb33b,0x2d66,0x3135,0x3634,0x2fc2,0xae9d,0xa9db,0xb27d,0xb3fd,0xab18,0xafac,0xb521,
    0x310a,0xa2b7,0x9459,0x2856,0xa732,0x1736,0x9de3,0x9f0f,0x2edc,0x9f65,0xb262,0xb0d8,0xa44d,0x0c0c,0x2f30,0x9c56,
    0x2373,0x322e,0x2be9,0xb4fe,0x31b6,0x1b5f,0x34a4,0x2ff0,0xa1dc,0xacf9,0xba9f,0xb4ab,0x2ae3,0x3167,0xb1f4,0x2dbd,
    0xb629,0x2c43,0x372a,0xb40e,0x2cac,0x2d9f,0x3228,0xb5b5,0xb541,0xacf3,0xad59,0xb6da,0xabeb,0xaf47,0xad0a,0xab67,
    0xb567,0x20ed,0xb40c,0xb172,0xa0e7,0xac45,0xb82c,0x2634,0x260b,0xaf8a,0x30e3,0x2cb6,0x2120,0xae81,0x2e85,0x325e,
    0xb258,0x1dea,0x2cfd,0xa9ed,0x9f7c,0x2d73,0xafbb,0x197b,0xb167,0xad48,0xac18,0x338f,0x265f,0xa8a6,0xa9c2,0x1d76,
    0x2e01,0xa449,0xa99f,0xa81f,0xa9b2,0xae49,0x2edf,0xb4a9,0x3249,0x31e7,0xacd9,0x3442,0xae2d,0x3305,0x35c9,0xb497,
    0x2f58,0xb316,0x9fa0,0x2f03,0xb431,0xa862,0x2a1d,0x3017,0x2ea0,0x3635,0xae4e,0xb69c,0xb7e0,0x2d9e,0xad99,0x3532,
    0x2a05,0xb1e0,0x2c94,0x2902,0x320e,0xa551,0xb595,0xb7d3,0xb167,0x3954,0x275c,0x30b1,0x9a78,0x34fb,0xb02a,0x34bb,
    0x9c21,0x3496,0x224c,0x2cc3,0xabe2,0x2f31,0xab1d,0xa7de,0xa300,0x2233,0x3350,0xb490,0xafcb,0x3314,0xac70,0x1e53,
    0xa62e,0x313c,0xa9ba,0x3246,0x2d68,0xadd5,0xb843,0x2e09,0x2ef4,0x21db,0x374d,0xb1d3,0xb1dd,0x16bc,0x2dd2,0x2834,
    0x306f,0x2f98,0x3446,0xb609,0x2cb5,0xab7d,0xb4ca,0x370f,0xb1be,0xa78e,0x3177,0x340b,0xb035,0x3736,0x2ff1,0xa84d,
    0x3460,0x956c,0x2ddf,0xb019,0x9ea5,0xa542,0xa9e7,0xb108,0x9ccd,0xa839,0xab1c,0x2ca2,0x2a77,0xa31a,0xb104,0x326c,
    0x327a,0x3491,0xa233,0x3005,0x213c,0x3148,0xadcc,0xa32d,0xa44b,0x23fd,0xb182,0xb37e,0x2aba,0x2aaf,0x30b1,0xa5a1,
    0xadae,0xa596,0x99a2,0xb628,0x2a15,0x34b2,0x32a4,0x3396,0x314a,0x3300,0xb3f2,0x2c71,0xb2c3,0xba55,0x31e5,0xa99c,
    0x32b6,0x3822,0xb171,0xb60d,0x281b,0x2b1e,0xaeec,0xb173,0x2a3c,0x3b3e,0x292c,0x3006,0xb289,0x2c16,0x2de1,0x333c,
    0xb18e,0xa06d,0x2635,0x209a,0x368c,0x315f,0xb1c7,0xa8ed,0x29f8,0xb1a1,0x2626,0xb430,0x2871,0xb1ee,0xaad4,0xaf55,
    0xb466,0x2ca2,0xa64d,0xaa15,0x2d45,0xac78,0xb08f,0xb015,0x3486,0xad46,0x346a,0x20f7,0x3516,0x2e16,0x30fa,0x2f1f,
    0x2f57,0xb2fc,0xb13b,0xb05c,0xac13,0xa844,0x378e,0xa038,0xb151,0x303f,0xaa42,0xb3b4,0xafde,0x2c7a,0xb071,0x30c9,
    0xaac8,0xb71d,0x38d0,0x30b8,0x34a1,0xa7f4,0xacab,0xab04,0x2f76,0x27fe,0x3775,0xb290,0xb57b,0xb596,0xb0ca,0xa542,
    0xb8fa,0x3043,0x2c2d,0x21dd,0xa3df,0xacac,0x3058,0xb489,0x1273,0xb8c2,0xac6c,0x30cb,0x2d39,0x30dd,0xb02e,0x25ed,
    0xb33f,0xb449,0x2598,0x3017,0xa4e2,0xab0f,0xb129,0x2f34,0x3846,0xb2e5,0xb31a,0x3642,0x2072,0xae06,0x370c,0x295f,
    0x3149,0xad3f,0xa65c,0x3409,0x250f,0xb246,0xb668,0x32d1,0xa9f7,0xb42c,0x3111,0xb0b3,0x352f,0xb51f,0x2562,0xadf4,
    0x33e4,0x2d06,0xb426,0x36de,0xacdd,0xb2cd,0x274b,0xb1a4,0xab04,0x2480,0x3052,0xb050,0x2cc2,0xab80,0x2cb7,0xaca9,
    0x2b4c,0xa5eb,0xae06,0x2dd5,0xb060,0xb477,0x2389,0xb41a,0xb1df,0xace1,0xac86,0x3166,0xaede,0x9608,0x31d5,0x2b67,
    0x2d32,0x2f7c,0xa9d7,0xad9a,0xac7e,0x2d13,0xaf5d,0x318d,0x2dfa,0x2da1,0x31c5,0x33a3,0x2f01,0x2792,0xb00b,0x2c84,
    0xaca8,0x2b7a,0xb64e,0x317c,0xa2d6,0xa327,0x3547,0xb1c6,0x2cce,0x317a,0x348c,0xb475,0x2ef5,0x2c4b,0x2e4f,0x2a79,
    0xafd6,0x2ea0,0xb88c,0xb2e1,0xaf59,0xaaa0,0x3824,0xa9f9,0xaaba,0x3096,0xb698,0xb01e,0x2c07,0xb23d,0x2a87,0xb086,
    0x3260,0xa9a0,0x2f03,0xaaa8,0x2426,0xb2b0,0x280c,0x358e,0x2e18,0x315d,0xaeb2,0xb005,0x2bf5,0xa895,0xb39c,0xae7c,
    0x2725,0xb6b5,0x2d35,0x22f9,0x22e1,0xa320,0xb342,0x2ee6,0xb086,0xaa03,0x37f7,0x2d67,0x1980,0x2dd7,0xb18a,0xaaa9,
    0xaf4c,0xb1f7,0xa3e0,0xb1b3,0xa640,0xb391,0x2d4a,0x3214,0xaa8c,0xb4b1,0x3063,0xafc5,0xa84d,0xb141,0x31e1,0x317c,
    0xb2e1,0xa9e9,0xb688,0x3523,0x3458,0x2fad,0x2e17,0xb3bf,0x3848,0x382f,0xaab2,0x2970,0x34af,0xac64,0xb49d,0x21f5,
    0x2874,0xa9c2,0x344d,0x2c93,0x35ab,0xb064,0xac16,0xaa35,0xb33c,0xb156,0xa4f6,0xacff,0xb371,0x344b,0xaef1,0xac39,
    0xb2c5,0x34d0,0x2736,0x2884,0xa7e1,0x2816,0xb5e8,0x2c75,0xb435,0x2d3a,0xb032,0xb324,0xa15d,0xb1be,0xb055,0x2efd,
    0xac3f,0x33ae,0xb515,0xabf3,0xb311,0xaf81,0x1d66,0xb174,0x14d5,0xb601,0x369a,0x286b,0x1d73,0xa880,0xab22,0x3058,
    0x2b0d,0x2d42,0xb814,0x294f,0xb41c,0x3011,0x34ea,0x30c0,0x29b2,0xa606,0x32b4,0x247d,0x325c,0x2b3d,0xac8a,0xa179,
    0xa082,0xac56,0xb419,0x2c79,0xa14f,0xb11b,0xafe7,0x33ec,0x2cf0,0xa558,0x317f,0xafa8,0xa752,0xafff,0xb4c2,0xad7b,
    0x3343,0xb1a7,0xaeca,0x2fd6,0x0f18,0x3353,0xb1eb,0xab42,0xb406,0xa91b,0x31b2,0xa593,0xa03d,0x26fb,0xb511,0x2c8e,
    0x2f7e,0xaa06,0xaa89,0x375f,0xa868,0xab66,0x3620,0x361a,0x31c3,0x2694,0x26b7,0xb434,0x35a9,0x335c,0xace9,0x2c8c,
    0x2e43,0xa801,0xb10b,0x2e0c,0x34dc,0xb6a9,0x2f87,0x3016,0x34a8,0xad5a,0xb14a,0x284a,0x322e,0x2cdf,0xb35d,0xa746,
    0x3100,0x2c82,0x26b5,0xa9af,0x3673,0xb80b,0x301b,0x34a6,0x3246,0xb1c5,0xa8ec,0x2a2a,0x324c,0x2f8c,0x32cf,0xb043,
    0x9e5a,0xb39b,0xadc0,0xae40,0x2d80,0x253f,0x9b2f,0x24fa,0xb161,0x2c5e,0xaafb,0x9d91,0x194c,0x281b,0xb188,0xabe1,
    0x296c,0xb624,0x95f8,0xaa08,0xb412,0x9d40,0x2a16,0x2604,0x31bb,0x9994,0x2ca9,0xae60,0x318e,0x2876,0xa72f,0x2905,
    0xad68,0x3777,0xb4cb,0xb507,0xb15d,0xa9b3,0x32c0,0x2ba6,0xb42e,0x2b06,0xa471,0x9e62,0xafed,0x37c4,0xac5e,0xaf1a,
    0x1da4,0xada9,0xb1bb,0x9e6e,0xa4dd,0xae2b,0x33ed,0xb2b0,0x1ca3,0x30df,0x331a,0xa307,0xaca2,0x2c2a,0x2e4f,0x3617,
    0x35d5,0x378b,0xadac,0x30b9,0x208f,0x3024,0x33ba,0xadd5,0xb6cb,0x2ddb,0xb703,0x31f6,0xa881,0xa8d7,0xbafc,0x2df9,
    0xaabf,0xac6d,0xade4,0xa8e1,0x9f82,0x3336,0x34e3,0xb1ac,0x347b,0xb58e,0xaad7,0xa597,0xad27,0x25e6,0xaea5,0x391a,
    0x3191,0x3365,0x2690,0x37d2,0x2895,0x3465,0x2e44,0x1f83,0xaada,0x31b4,0xb175,0x2b15,0x2c4c,0x2c3f,0xa3b1,0xa9dc,
    0x3205,0x3238,0x32a6,0x2c1a,0x3316,0x3807,0x2f2a,0xa8f2,0xaec9,0xafaf,0xa75c,0x3445,0x303a,0xb5ff,0x2e27,0x2bc5,
    0xa5ba,0xb2ac,0xb239,0x30d9,0xb115,0x2814,0x3921,0x294b,0xafcf,0x2cf8,0xabe8,0xade1,0xafef,0xb223,0xb57f,0xb432,
    0x2a00,0xa84f,0x30d5,0x324e,0xb07d,0x28b8,0xb022,0xa88e,0x272d,0x356f,0x3792,0x3678,0xaf58,0x308b,0x832c,0x2bbb,
    0xb56b,0x2ed0,0xad6d,0x37b7,0x14d2,0x30c1,0xb058,0xb110,0x2e3c,0x2e94,0xac36,0xb720,0xb4b5,0x3130,0x3164,0x2a8c,
    0xb58c,0x2aeb,0xb2f6,0xa5e0,0x17d9,0x21a0,0xb5c0,0x3644,0x232b,0x2818,0xad10,0x95f5,0xadee,0xab57,0xa8a5,0x28b4,
    0x28b4,0x2931,0x2770,0xab0e,0xa7e9,0x314d,0x31d4,0x273a,0x2935,0x2c8b,0xb447,0x3263,0x2895,0xabf7,0xb885,0x2846,
    0x3635,0x9ac5,0x2af5,0x39a5,0xa697,0xa40c,0x34cb,0x23d8,0x1eab,0x34af,0x2499,0x2670,0xb1df,0xaf0e,0x2f51,0x311d,
    0x368a,0x2a19,0x28af,0x32ac,0xb034,0x28e5,0x299c,0x2645,0x31a6,0x3075,0x1de5,0x352a,0x3094,0x2810,0x27f7,0x3085,
    0x2aeb,0x32a7,0x3419,0x21b9,0xab9d,0x315c,0xafd6,0x21da,0x2d83,0x339e,0xadc9,0x201a,0x312e,0x33b9,0xa869,0xb2a0,
    0xa463,0xad71,0xa016,0x2cbc,0x2b13,0x2e91,0x2e9b,0x21db,0xb48e,0xab03,0xac26,0xae0f,0x2c2a,0xa10d,0xb00e,0xaff1,
    0x21ed,0xb013,0xaa1c,0x321a,0xa883,0x3197,0x302f,0x2bce,0x3227,0x3442,0xaff5,0x37c8,0x3234,0xa04c,0xb0dc,0x9a01,
    0xae20,0xac75,0x30f6,0x35e6,0x3021,0xb013,0x3190,0x301a,0x318c,0x291f,0xb373,0x31ae,0x3651,0xaf58,0x2a3c,0x203b,
    0x32ba,0x2e4b,0x3802,0xa701,0x1ef4,0x9d5a,0x32ff,0x3568,0xa85e,0x397d,0x2c04,0x2f6e,0x2a43,0x2773,0x3259,0x3014,
    0x2e87,0xab14,0x2b8d,0x2887,0x2129,0x3103,0x2c6c,0x2ad1,0x3552,0xa81c,0x2d82,0x314f,0x2a85,0xa7f7,0x3236,0xb01b,
    0xb331,0xa68f,0xa5be,0xb5db,0x2096,0xb461,0x373c,0xb6fa,0xacfe,0xb83a,0x2d1f,0x9c40,0x2e68,0xb976,0x2ef6,0xb428,
    0xa5a3,0xb301,0xb30c,0xb8f8,0xb139,0x1ddf,0x307a,0xb0ff,0x340d,0x3886,0xa9fc,0xac95,0xb917,0xadb0,0xac5e,0x2ffb,
    0x33b9,0xb05c,0x27b5,0x1a5f,0xb496,0x32d8,0xa751,0xaaea,0xad31,0x2edc,0x2bdb,0x31b5,0xb513,0xb0bf,0x3439,0x2519,
    0x2e9b,0x2841,0x1ff6,0xa1fa,0xaa1a,0xa575,0x31a2,0xab37,0xa09c,0xa567,0x28e9,0x9dae,0x2f31,0x30cb,0xb7b7,0x2672,
    0xb1d4,0xb026,0xb19d,0xb392,0x335c,0xac39,0x308a,0xa8bc,0xb3f1,0x2d10,0xb0c4,0xae85,0x2a11,0x2eff,0xa046,0xa19b,
    0x2327,0xb2b0,0x3685,0x305c,0xb24a,0xaa24,0xadd3,0xb384,0xb1c1,0x29d3,0xb5f2,0x3507,0xadf3,0x2c8f,0xab32,0x2d4d,
    0xaeca,0x3014,0xb587,0xb130,0xa920,0xa4f8,0xb9d8,0x321b,0x2aba,0x2eb0,0x2fb8,0xafe5,0x3139,0x23b4,0x31f0,0x3456,
    0xad1d,0xb1e8,0x2f0f,0xb120,0xa3f3,0xb50d,0xb028,0xa16e,0x29d7,0x2d84,0x3565,0x352a,0xa801,0x2f36,0xb575,0x30b1,
    0xb91d,0x2811,0x269a,0xb020,0x1de1,0xb325,0x243f,0xb3ce,0x3208,0xa6e1,0xb41c,0x27ea,0xb3a4,0x382d,0xb39f,0x3483,
    0x2517,0x306b,0xa47b,0x3134,0x3269,0xb2ff,0xae0a,0xb282,0x2944,0xb5ab,0x2dae,0xb32b,0x2c2c,0x3026,0xb219,0xac56,
    0xb661,0xb5b0,0xb5d1,0x2459,0x2ca6,0xb4f4,0x31da,0xb002,0xac8d,0xb05b,0xa0d8,0xb1bb,0xb5e0,0xbb90,0xad68,0xb5ad,
    0xafb6,0xacf6,0xb0a7,0x34a6,0x2dc0,0x2a07,0xb497,0xa724,0x36c3,0x2e0e,0xb222,0xab1a,0xb3f4,0xb3a2,0x380b,0x3105,
    0x2cd3,0x3257,0x319f,0xa866,0x1b6c,0x2e85,0x36a6,0xb494,0xb129,0x2ce5,0x315d,0xb077,0xb2be,0x2520,0x1faf,0x33f0,
    0x2860,0xb306,0xa883,0xb474,0x9648,0x3a16,0x3192,0xb247,0x31f0,0xae39,0x335d,0xb1e4,0xa883,0x3436,0x2f1e,0xa72e,
    0xb459,0xb386,0xb758,0x2c72,0xa345,0x2da4,0x3473,0xb488,0x2c71,0xb7aa,0xa85d,0xb00c,0x97cf,0x9966,0x3607,0xba2d,
    0xb5a2,0x359c,0xa3f0,0x2861,0x1b9a,0xb52d,0x32f9,0xa777,0xa915,0x3341,0xb4ab,0xae7f,0xae99,0x1c4c,0xb865,0x345e,
    0xb522,0xace7,0x2381,0x302c,0x9e1b,0x12a2,0xb946,0x34db,0xb20e,0xb5ce,0xb417,0xad4c,0x3708,0x3ac4,0xa9b7,0xb7ad,
    0x318d,0x209d,0xb40e,0xb6d8,0xb27b,0xb687,0xb070,0x1c59,0x39b4,0x36e9,0x20f8,0xaf68,0x37f1,0x2c89,0x39b4,0x30a7,
    0xaca2,0x285c,0x2aa5,0xa6f9,0x343e,0x2dd0,0xa822,0x2f42,0x2ce8,0x38dd,0xa56b,0x286d,0x2be5,0xadd0,0xb0d9,0xb246,
    0xb1e4,0x32b5,0xa48c,0x3435,0xad86,0xb108,0xb420,0x2a3c,0xa8bf,0xa40a,0xaecf,0x34d7,0x3342,0xaf1a,0x20b1,0x2e5a,
    0xb014,0xaa77,0x25f4,0x2f3e,0x3655,0x2fa3,0xb7f8,0xacc5,0x3055,0xb21d,0x309c,0x34e6,0x2943,0xacd3,0x2b56,0x2f23,
    0xb6ea,0x38ce,0x3af4,0x341d,0x396c,0x30cb,0x2b48,0xa90c,0xac6f,0x2d02,0xb077,0xb172,0xacdd,0x3553,0xadd7,0x2928,
    0xb515,0x26a8,0x3296,0x9e79,0x2540,0xaee0,0x3410,0x3598,0xa9fa,0xb474,0xb449,0x29cb,0xa2fb,0x30ee,0xadab,0xa816,
    0x2f0f,0x393a,0x2cfa,0xa954,0x9575,0xad89,0x24e2,0x2c46,0xa739,0xadb7,0x2c19,0x3656,0x1960,0x2a79,0xb534,0x2dac,
    0x334e,0x1f74,0x2c04,0x2e8b,0x1b4b,0xb2a4,0x327d,0xb13a,0x9f44,0x323b,0x3951,0x2da1,0x23aa,0x373d,0xadab,0xb2e1,
    0xac07,0xb703,0xac8c,0x353e,0x32a3,0xa22d,0xae1a,0xab3c,0xa8d1,0x336f,0x0946,0xad24,0x26de,0x2b55,0x2dee,0x30ce,
    0xb4e2,0xad1f,0xb3ae,0x299c,0xb071,0xb816,0x362d,0x2d86,0x30de,0x2b63,0xaa29,0xb437,0xa941,0xac81,0xac57,0xad24,
    0x333d,0xa961,0x2ae7,0x2adf,0x9c5b,0x24cd,0xa9e7,0xa6e8,0xb087,0x2b56,0xb06f,0xae38,0x2a1f,0xad12,0x33d6,0x265f,
    0x2fcd,0x2fe9,0xb2c1,0xb08c,0x3579,0x2784,0x351f,0x2aa7,0x2d28,0x3aa4,0xb4a4,0x3657,0xb0b9,0xa55d,0xaf80,0x2730,
    0xa905,0xb495,0x36a6,0x33ea,0x30ee,0x3059,0x35f4,0x3340,0x2d4a,0x31b9,0xb583,0x29df,0x2a38,0x344b,0x26e9,0xaa5a,
    0x37ec,0xafe1,0x38ee,0x1c12,0xa40f,0x2f81,0x3229,0x2f9c,0xa344,0x3494,0x2f9a,0x9eb7,0x2f09,0xb179,0x3720,0x2f84,
    0xa805,0x394e,0x2dc5,0xad6e,0x1e98,0x3032,0x362d,0x2b2d,0x291b,0xab7b,0x25e3,0xadcf,0x2a13,0xa8f4,0xb1f2,0x2863,
    0x2c26,0xaa93,0x2408,0xad60,0xa86f,0xb0e1,0xa727,0xa643,0x2a79,0xb465,0x324c,0xb0a7,0x2b08,0x3ad8,0xb299,0x2cec,
    0x35d5,0xa703,0xa795,0x9552,0xae36,0xaf67,0xa3f1,0x2ea1,0x9f8f,0xb4f3,0xb0ab,0x3413,0xb0c3,0xaafa,0xb341,0xadef,
    0xb2da,0xb102,0xb287,0xad23,0x2bbb,0xb492,0x2eaf,0x35d4,0x2d91,0xb231,0x29bc,0xb243,0x3249,0x2cad,0x3140,0x2b8f,
    0x3366,0xacd8,0x281e,0x260d,0xa941,0x2136,0x3395,0x3291,0xb2f4,0x2a87,0x2187,0xa1d2,0x348b,0x9791,0xa94c,0x2622,
    0x95a2,0xb703,0x3833,0x2ed7,0xaef8,0x22fd,0x3323,0xa42d,0x3001,0xb1dc,0xafd6,0x34d5,0x316f,0xa209,0x2662,0xa616,
    0xb044,0x311c,0x3594,0x3507,0xb010,0xaf32,0xb174,0x2ce6,0x309d,0xa5b3,0x32cb,0x2cdd,0xac30,0x2f31,0xb017,0x3031,
    0x2b15,0xb157,0xaf12,0x2aa6,0x19ba,0x2fab,0x348b,0xaf2e,0xa875,0x34cc,0x2c19,0xae71,0x29a2,0x2a54,0x2697,0xb51d,
    0x30bf,0x3795,0xb0c7,0x2ea7,0x0da8,0x9f3c,0x2d3b,0xa414,0x3043,0xa4a6,0x329a,0x3537,0xab97,0x220e,0xaef7,0xacb7,
    0x3451,0xb8b5,0xb4bf,0xb630,0x2e97,0x3888,0x3ca6,0x3896,0x3815,0xb9cf,0x359c,0xb74a,0xabe7,0x30fe,0xb41f,0x3c5b,
    0x3156,0x350a,0xaf8f,0x3a58,0xb0a6,0x3c1e,0xb74e,0x36be,0x360d,0xb0cb,0x3404,0xbe05,0x304b,0xb6fe,0x3c01,0x371f,
    0x309c,0x3494,0xbb3e,0x2977,0xb54f,0x3c32,0xb556,0xb8ba,0xb56f,0xb58d,0xb16f,0xb584,0x3d0d,0xbe00,0xbd30,0x383a,
    0xb77a,0xb5ff,0xbcf9,0xb9aa,0xa781,0xba58,0x38c5,0xb57b,0x3a48,0x3977,0xbb0b,0x3b38,0x3869,0x3b37,0x36d5,0x39ad,
    0xb4a6,0xb97f,0x3584,0x39e1,0xb3ee,0x3b6f,0x3dcb,0x3949,0x3f50,0x3df0,0xb294,0x2fbf,0x3a75,0x34fa,0xb96c,0x3470,
    0xb060,0x3e47,0x33fe,0x3c1c,0xb8d4,0xa1a2,0x3c21,0x3de4,0xb981,0x3a45,0xb6b0,0xad6c,0x10bb,0xb905,0x38df,0x32b9,
    0x3c07,0xbc5f,0x353d,0x397d,0xae06,0x3a9e,0x39ae,0x3bee,0x290c,0xad42,0x3234,0xb9f1,0x345f,0x3c66,0xb54e,0xb994,
    0xb7a3,0x266f,0x3c03,0xba28,0x1148,0xb2df,0x345e,0xaf4d,0x3a62,0xb07e,0x3cb8,0x39b9,0x318c,0xb58c,0xaf8a,0xb915,
    0x2923,0xb4e6,0x3de7,0xb4ab,0x39c0,0xac5e,0x2b12,0x27c3,0xb194,0xb084,0xaa57,0x356c,0xb435,0xa427,0x3a36,0xa80b,
    0x33d9,0x2828,0xb0d5,0xa83c,0xb41d,0xa4f0,0x32e6,0x32a5,0x22ee,0xacd1,0xb791,0x1a2a,0x3636,0xb835,0x2a94,0xad3b,
    0xb2fc,0x3805,0x32c7,0xb2f7,0x3265,0x25c8,0xb8e3,0x1947,0xb238,0xb236,0x35bb,0xb6b4,0x18b2,0xacd9,0xaef9,0xb0ed,
    0x2fa7,0x2d53,0xb7eb,0x3d28,0x29f5,0xbdb4,0x1a0e,0xb4ab,0xa049,0xabca,0xacb6,0xb07d,0x3196,0x26b6,0xa5cf,0xb43d,
    0x3424,0xac24,0x2ac5,0xaf65,0xac2b,0xac8c,0xa988,0x2b61,0x30ba,0x26d7,0xa90a,0x9cce,0xad42,0xaf45,0xb53f,0x2f4d,
    0xb191,0x2af6,0x2d8a,0xa1af,0xa9bd,0xa972,0x2b77,0x25c4,0x2c5f,0x3774,0xb012,0x2f0d,0xb119,0xa8ef,0xb18a,0xb48e,
    0xaea9,0x348f,0x1fea,0x34a4,0x404b,0xb1c6,0x9a97,0xaf1c,0x2855,0xb239,0xac71,0x3b4c,0xac0b,0xb9b3,0xb23a,0xb0f7,
    0x39d7,0xab22,0xa903,0xbd01,0xb8fb,0x2c4f,0xae7b,0xb5b9,0x2e68,0x33a5,0xa824,0xac5a,0xbd04,0xb504,0xaaf8,0xb815,
    0x385a,0x3617,0x38b1,0xb251,0x3427,0xa559,0xaa4d,0x2e28,0x254f,0x2d2a,0xace0,0x2982,0x31f4,0xa2f3,0x348c,0x9ad9,
    0x2c85,0x2fca,0xa482,0xaa8b,0xb7ee,0xade1,0x345d,0x99b8,0xb03a,0xa91f,0x39c3,0x25c2,0x2b1b,0xb432,0x1fac,0x2c9f,
    0xb482,0x375f,0x32ee,0x387f,0x31c5,0xa23b,0xb4e8,0xa989,0x2340,0xb505,0xb74f,0x224a,0x9ed1,0xad27,0x2d9b,0x1c61,
    0x3267,0x2cd8,0x3720,0xb8d8,0xb49b,0xbc55,0xa7cc,0xb5eb,0x9f31,0xb06d,0x2f17,0x3197,0x28dd,0x27ef,0x2c48,0xaeb5,
    0x340e,0xb5bc,0x1888,0xab79,0xaa01,0x3191,0xa4b2,0xac8f,0x3019,0x290e,0xa8b8,0x32b3,0xb26d,0xaae8,0xbc03,0x225c,
    0xb1c8,0x2c9f,0xad94,0xa44b,0xb428,0xab09,0x29c6,0x2a90,0x29cf,0x2b02,0x28c7,0x3041,0xaf0b,0x1cdf,0xb61c,0xb45d,
    0xb1f6,0x3477,0xb19e,0x3939,0xbdfa,0xac73,0xa0b4,0x2764,0x2522,0xafdc,0xaece,0x3bd7,0x337d,0xadf2,0xa95f,0xb2ae,
    0x348c,0xae5c,0xae2a,0x2e9e,0x364d,0xb955,0xa90d,0xb60b,0x3142,0x32a6,0x2a3e,0x281b,0x2a27,0xb1f7,0xa4d6,0xb0d9,
    0x3825,0x34b1,0xbfc4,0x315d,0x3643,0x3060,0xadc5,0x2e6b,0x3946,0x33bd,0xb416,0xb316,0x3263,0xac6a,0xb423,0xa7e5,
    0x3255,0x2f47,0x31a8,0xad95,0xb9a0,0x29f8,0xb941,0x31f4,0xabf0,0xa92b,0x3be7,0x33bd,0xaeb7,0xb411,0x3001,0xb0e1,
    0xad7f,0x350d,0x262f,0xb068,0x338b,0x9635,0x331a,0x2a73,0x25da,0xb171,0xb7e8,0xbbcf,0x24a8,0xb045,0xb204,0xa8ef,
    0x3484,0x2c32,0x3949,0xb0ab,0x386a,0xb9d3,0xa8a9,0x3c38,0x9c44,0xb4e6,0x3613,0xa735,0x30db,0xae94,0x3232,0xbade,
    0x35ef,0x3181,0xa3a4,0xb0f2,0xad47,0x3b00,0xac6b,0xad51,0x2f8a,0xa85a,0x2848,0x265d,0x244d,0x318a,0x2869,0x31ec,
    0xab10,0x313b,0x9253,0x2292,0xaf32,0xa682,0x3213,0x2941,0xabda,0x2fd0,0x21a1,0x352e,0xae0c,0x34c5,0xa898,0xb4f1,
    0xb0bf,0xbc0d,0xb006,0x37bc,0x4149,0xadc5,0xa9ee,0xa5e3,0x290a,0x30ce,0xb4ef,0xb070,0x3648,0x34a1,0x2483,0x34be,
    0x232e,0x268a,0xaf0c,0x30c1,0x41d5,0xb63c,0xa8bf,0xb1bb,0x2879,0x38be,0x2e4c,0x8b8d,0xb609,0x38de,0x9af4,0xb8e0,
    0xa95e,0xb45e,0xbd2a,0x34f5,0xb4e6,0x2cef,0x9e4c,0x2ca3,0x2cd1,0x2cee,0xaa24,0xacd2,0xaa76,0xa896,0x311f,0xa529,
    0x2d1f,0xadfe,0xb0e4,0xabcd,0xb870,0x2c7e,0xba9c,0x30d6,0xa93f,0xace9,0x395f,0x3069,0xaf15,0x38f5,0x2eee,0xa820,
    0xa767,0x2dbd,0x2c97,0xb92c,0xac6b,0x1807,0x2a0c,0x20f9,0xb584,0x2f29,0xb55b,0xb773,0x2cc4,0xa83c,0xaf18,0xad93,
    0x26ef,0xa8f2,0xb160,0x21af,0xa837,0xb816,0x2974,0xb556,0xa84e,0xb0b5,0x30c5,0xaa9a,0xa82e,0xaf95,0x26a1,0xb1a0,
    0xadc9,0xa96a,0xa446,0x247f,0xa989,0x38c5,0xacdf,0xb057,0x2c17,0x1c86,0xa19e,0x3010,0xb190,0x3158,0xb8ed,0x308b,
    0xb1a1,0x2e1c,0x19ab,0xa484,0xb27f,0xa02e,0x1c8c,0x2c55,0xad96,0x35c3,0x2643,0x30b8,0xb122,0x3469,0x30dd,0xb4ff,
    0x2e53,0xb0b5,0xb109,0x37cd,0x3722,0xb499,0x295d,0xa4f6,0x2e54,0xa822,0xb2fb,0xb93a,0x345d,0x2f22,0xabf8,0x341f,
    0xac77,0xa2ec,0xa7b5,0x286e,0x3def,0x31ec,0xaca6,0xb8dc,0x2943,0x3549,0xa0e8,0xac72,0x3440,0xb715,0xa0da,0x3742,
    0xac6b,0xb6cf,0x373c,0x2fb7,0x3339,0x25a3,0xa579,0x2a68,0x30b0,0xa899,0xb089,0x3372,0x3229,0xb19c,0x34c7,0x27ef,
    0x3451,0xb4a4,0xb61c,0xa521,0xb9c7,0x2a54,0xb759,0x2d97,0xa8ce,0xae73,0x2fa7,0xb109,0xb3e9,0xb17a,0xb3cb,0x2c1c,
    0x2b9c,0x2a3a,0xb002,0x3219,0xad92,0x2cee,0x3119,0xa3a7,0xb476,0x28be,0xb623,0xb5d2,0x2d7c,0xb22a,0xacc3,0xafa6,
    0xacfb,0x1d2c,0xb83f,0xb821,0x3548,0xbe0e,0x294d,0xb980,0xa2e0,0xb4e9,0x34f5,0x30c7,0x3394,0xac71,0x2f0b,0x27e1,
    0xad42,0x2b40,0xa81e,0x1b92,0xadd3,0x314d,0xad92,0xac9e,0x2e2a,0xa00c,0xa0c9,0xb073,0x90f1,0xb89f,0xbb82,0xaeed,
    0xaee0,0x2a13,0x2468,0x2b86,0xb05a,0x2a19,0x2672,0xa6b2,0xb4a5,0x36c4,0xb2a5,0x2a00,0xb432,0x2f60,0xa936,0xb401,
    0xa726,0xb0e4,0x164e,0x3708,0xc1f3,0x2b36,0xafc9,0x2dff,0xacd8,0x34a5,0xb190,0xb0da,0x2def,0x277c,0xa6a6,0x34d9,
    0xb42e,0x2962,0xb2b4,0x3810,0x399f,0x2c58,0x2c2e,0xb960,0x3039,0x333d,0x21d6,0xa416,0xb0d7,0x357c,0xab49,0xa715,
    0xb1f2,0xc099,0xb79a,0xae41,0x4391,0xb152,0xacf7,0x34b9,0xa9ac,0x3000,0xa0a9,0xb37f,0xb4c1,0xa96b,0x3d88,0x27cd,
    0xac9e,0x3044,0xb20a,0xa786,0xadbc,0xb096,0x3eb2,0xaf86,0x2f33,0xaea1,0x3d1a,0x35c9,0x3a1c,0x2895,0x2cdc,0xa9be,
    0xb59b,0xbadb,0x3808,0x3692,0x3055,0xb1ab,0x2a7c,0xa484,0xb53c,0xb479,0xafc6,0xbdae,0xae07,0xaebd,0x2a04,0xa8eb,
    0xb71f,0x347f,0x3300,0x3dbe,0xba5e,0xb829,0xa7df,0x3409,0xaa36,0xa86a,0xb4b9,0xb10d,0x2d6d,0x2113,0xae17,0xa4c8,
    0xab74,0x32bd,0xaafb,0xb027,0xaa9f,0xb437,0x2c22,0x285c,0x2d0a,0x30b2,0xad53,0xa9fd,0xa8dd,0x2ffc,0x3533,0xad16,
    0xaf6b,0x2969,0xb706,0xa68a,0xa41f,0x2778,0x15ef,0x2a4a,0xab51,0x240f,0xaa87,0xb189,0xb353,0xa85d,0xa919,0xaff6,
    0xac15,0xb5dc,0xa49d,0x9d17,0xc6a2,0x30cc,0x2382,0xb2a3,0x31f0,0xb4c5,0x3040,0x3a48,0xbbd1,0xb8ec,0xa8a0,0xb186,
    0x3afc,0x2908,0xa727,0xb8a7,0x4097,0x32b6,0x3788,0xba03,0x1d80,0xb4ec,0xa27c,0x2abf,0xbc54,0x2fa1,0xb1ef,0xa9d3,
    0x3924,0xbd91,0xbd90,0xb5e9,0x437a,0xaf7e,0xa188,0x2831,0xb1b8,0x3588,0xb8e9,0xb985,0x32fb,0x2a5a,0x3867,0x2f0f,
    0x2b44,0x37ec,0xb827,0x247a,0x291d,0x337c,0x41fd,0x3611,0x2ba9,0xb174,0x362e,0x3188,0x358d,0xb72e,0xa903,0x3040,
    0xb81a,0x3305,0x3789,0xb810,0xae9b,0xb6d9,0x38a2,0xb133,0x364a,0xabf5,0xb0e8,0x39e0,0x2879,0xaf93,0x995a,0xb297,
    0x2355,0x3846,0x3ba6,0x3e8b,0x3543,0xb7f3,0x2ae9,0x2900,0xa878,0x28ae,0x3915,0xb1c2,0x35f5,0x30b9,0x315a,0xa90f,
    0xbcd1,0x3054,0x28ed,0xb3f5,0xacc3,0xb8e8,0xb1ec,0xa762,0x2674,0xaab8,0x18a9,0x3023,0x3191,0xad12,0xa9a5,0x3853,
    0xb072,0xae55,0x3410,0x2e8e,0xb874,0xb132,0x31a4,0x2fa0,0xb50b,0x2df2,0xaa96,0xae5a,0xabcc,0x3541,0xb866,0xb6b9,
    0xb1b5,0x3352,0xab47,0x3af3,0x4568,0x1e8d,0xaa90,0xb08d,0xb7f5,0xb1f2,0xb18e,0x40fe,0xb168,0x27a4,0xb461,0xb50d,
    0x34e7,0xa924,0xaf9b,0x3e07,0x432b,0x3547,0x36da,0xbd95,0x32f4,0xb3e4,0xaad1,0xb0d0,0xbb41,0xbd77,0x2882,0xbcb5,
    0x3877,0x3914,0x3002,0x2e77,0xc775,0xb53c,0xafe4,0x2dbe,0x3ad8,0x3a2b,0xb249,0xb808,0xae71,0xb0e6,0xbc48,0xa6aa,
    0x37a3,0x33cf,0xba15,0xb02d,0xb73f,0x39e7,0x394c,0x3915,0x28cc,0xb388,0xc190,0xb4d9,0xb14e,0xb867,0x237b,0x29b6,
    0x3a6c,0x3901,0x3481,0xc0b6,0x2972,0xb04a,0xad51,0xb4a1,0x39b5,0xb563,0xb921,0x4089,0x34e1,0xb2dc,0xbb4c,0xad57,
    0x35a2,0x2127,0x38f2,0xbcfe,0x409b,0xb8cb,0xada5,0x340e,0xae2b,0xb5ed,0x3b43,0xb4a8,0x30d1,0xb459,0x2f4f,0x2dd2,
    0x3915,0x35e5,0x1823,0xb367,0xb573,0x3646,0xb7a4,0x2ea7,0x2468,0x28ce,0x3631,0xb3e7,0x2d99,0xb81d,0xc034,0xb5fc,
    0xb45c,0xaacd,0xaddb,0x2909,0xb657,0x3196,0x3575,0x2daa,0xb8bb,0xad53,0xb098,0x35dd,0xb225,0x371a,0xb46f,0xb1b4,
    0xb0e9,0xbe4a,0x2dc3,0xb9fe,0x4b76,0xb6d3,0xb1a4,0x106f,0x345d,0x31a4,0xb767,0xbb5c,0x3905,0x33ed,0xb2c7,0x2d08,
    0x35a9,0x1bef,0xb710,0x4054,0x41b3,0x3c0e,0x369a,0xc1e6,0x2cd2,0x3afc,0x236e,0x1c5f,0x36ff,0xbbf9,0x3306,0xbd89,
    0xb2b2,0x3c8c,0x3a20,0x345a,0xbfd9,0xaf50,0xac4f,0x29e3,0xb446,0x3233,0xb2de,0xba11,0xb4a1,0xaafa,0xac2f,0xa7fa,
    0x31bf,0x2ce5,0xb911,0xa95c,0xb7f7,0x2bb6,0xb398,0xb1a4,0x1fab,0xb084,0xaf64,0xb229,0xb44d,0x442b,0xae70,0x3090,
    0x2d1b,0x3305,0xaf05,0xbfb4,0xa63d,0x34d2,0xb1a7,0xaa0e,0x284d,0x34d2,0xb666,0x30c4,0x323d,0xb04c,0xb9d8,0xada9,
    0x1356,0xaabf,0x336a,0xb4a3,0x335d,0x24a0,0xa492,0xb6b9,0xae12,0xb87c,0x2e62,0x1b54,0x3400,0xb618,0xb216,0xb60a,
    0x3808,0x2404,0x210a,0x2f51,0xb4cd,0x3988,0xb06f,0xaba7,0x2afa,0x980e,0xaeaf,0xb1f5,0x2dbc,0xb025,0x33de,0xb70e,
    0xb4be,0x185a,0x2d8c,0x28e5,0xad4c,0xb0c9,0x30b6,0x30f6,0xb1ba,0xb6ca,0xb699,0x34d9,0xb061,0x2c28,0xb505,0xafe4,
    0x3336,0x362e,0xb0e2,0xbe6f,0xc2ff,0xb02e,0xab65,0x2e30,0xb3a0,0x3080,0xb5aa,0xb97b,0xb34a,0x3217,0xb61c,0x38e1,
    0xb62d,0x2eb7,0x9335,0xb729,0xc427,0x3615,0x3628,0x2b1c,0xad3c,0xb8b8,0x3119,0x20b0,0xb5c5,0xbab6,0x9dda,0x3c46,
    0xae0f,0xad1f,0x34eb,0xaec0,0xc03c,0xada3,0xabd0,0x1f52,0x223b,0xb544,0xb345,0xb128,0x384b,0xad93,0x2947,0xa585,
    0x2b64,0xaea3,0xb8a7,0xaa6a,0xa1b2,0x283a,0xbd2b,0x2e94,0xa43b,0xb1df,0x3811,0xae1f,0xb678,0x3f85,0xb523,0xad8a,
    0x3393,0x3866,0xb48c,0xb5bc,0x281e,0x321e,0xb889,0xad0e,0xa659,0x33d4,0x2933,0x3312,0x2914,0xac52,0xb542,0x2c25,
    0x2ed3,0xa0c7,0xbc15,0xb27b,0xb0a1,0x2fe5,0xae70,0xbd48,0xad3b,0xafba,0xb13b,0x3170,0x2ead,0xb03d,0x2d86,0xb055,
    0x3c1f,0xb10f,0xaaad,0x2d67,0x2db6,0xb5b8,0xad82,0xb155,0x310e,0x2421,0x18e1,0xb23e,0x346a,0x2e8b,0xbcb9,0x2a27,
    0xb06f,0x2882,0xa8aa,0x2ef9,0x2341,0xafdf,0x21bd,0x295a,0xb004,0xb0f8,0xb343,0x3188,0xb3d7,0x2b37,0xb44a,0xb273,
    0xae55,0x360d,0xaa33,0xb5e4,0xc218,0x36f3,0xaef8,0x33dc,0x2f83,0x3a6f,0xaf8d,0x3572,0xaa06,0x2dcf,0xb0f7,0x31fa,
    0xbbe2,0x2c54,0x3717,0xb462,0xbd24,0xb694,0x3699,0xba06,0xad3e,0xa314,0x33de,0xabe6,0x2d36,0xb7e9,0xa9ef,0x3893,
    0xb805,0xb113,0xbadd,0xabc1,0x4037,0x3393,0xb257,0x3738,0xb440,0xa684,0xb460,0xb5cb,0xb4e7,0x2b46,0xabb8,0xaed0,
    0xa035,0xafec,0x3015,0xad67,0x344e,0xb5d8,0x24a5,0x258b,0x2e37,0x2aad,0x3820,0x3783,0x33eb,0xabc6,0x3396,0xaacb,
    0x370c,0xb602,0x307a,0xa0e3,0x382c,0xa277,0x3a58,0xb293,0xb524,0xb1b5,0xbd5c,0xbf2c,0xa94a,0xb562,0x2eca,0x38ef,
    0x35af,0x31a4,0x3c40,0x2dbe,0xb1c5,0xbad6,0x38d2,0x415a,0xaecd,0x35db,0xabf5,0xba52,0xaccd,0xab1f,0xac7f,0x3894,
    0xb543,0x32a6,0x35cd,0xa986,0xaad3,0x36d0,0xb10a,0xb34d,0x3398,0x32aa,0xb038,0x2f73,0xb011,0x385c,0x3667,0xb494,
    0x2817,0xaa31,0x3591,0x2a6a,0x244c,0x2a0c,0x2401,0x2ab0,0xa538,0x398c,0x2c68,0xb1b7,0x27f6,0xb1d4,0x3385,0x3a31,
    0xabfc,0xbd77,0xb44e,0xb578,0xbea6,0xb290,0xa591,0xb649,0x3fec,0x91ea,0x31bf,0x3e25,0xbb90,0xbc60,0xb0d1,0x9d17,
    0x3afa,0xad82,0x34f4,0xc0bf,0xc8ed,0x36c3,0x9869,0x3045,0x31c6,0xb34c,0x309e,0xaeb3,0xbd09,0xbe51,0xad15,0xb81a,
    0xaa36,0xbd18,0xb84d,0xb323,0xc7ed,0x3ab5,0xa71e,0xb32f,0xb348,0xb527,0xb206,0x3832,0xb167,0xa53c,0x3c96,0xaf4f,
    0xafee,0x3020,0xb10d,0xb08c,0x3129,0xb71e,0xac30,0x36ef,0x0b08,0x27f9,0xbeb4,0x396f,0x3008,0x37ec,0x2f3a,0xb675,
    0x3997,0xba2c,0x2d95,0x4020,0x276a,0x37c5,0x3e61,0xb637,0x3ad0,0xb5e5,0xc50c,0xb435,0xac28,0xb087,0xacae,0x3017,
    0x39a2,0x3360,0x3974,0x3c83,0x3ac2,0xb4cb,0x3188,0x3c5b,0xad80,0xb412,0x35fe,0xb662,0x3abe,0x3402,0x2cb9,0xbd70,
    0xc1e5,0x337d,0x328a,0xb877,0xb6b8,0x2dae,0xa8ab,0xb6fb,0xb33c,0x35fd,0xb651,0x3460,0x368e,0x3fd5,0x402a,0xbbab,
    0x2d01,0xb16f,0x37f9,0x2f92,0x2e7c,0x31af,0x2d37,0x31ff,0xb053,0xa9f3,0x3183,0xb2ce,0x3418,0xa9dd,0xb426,0x36c6,
    0xb10d,0xbc37,0x392d,0x380d,0x4673,0xb4e7,0xa81c,0xb5fd,0xc65c,0xabd4,0x32eb,0xbbd9,0xbe0f,0xafcc,0xb30a,0xb04d,
    0x38c3,0xacd5,0x31ce,0xbd3b,0xca0d,0x3eb0,0xaa36,0xbb74,0xb30c,0xbb26,0xb2a6,0xb7d2,0x2bf2,0xbd08,0x2cef,0xaf38,
    0xb7de,0xbc62,0x4404,0xaf7e,0xb7f9,0xb832,0xb0bd,0xb4be,0xb9d2,0x2e84,0x395e,0x3874,0xb61b,0xa854,0xb8ee,0xaf17,
    0x330f,0x25eb,0xb506,0xb2f0,0x21b8,0xba22,0xb907,0x3928,0x2f3c,0xb04b,0x384e,0x2a29,0x2f77,0xbef5,0xa462,0x3b80,
    0xac32,0xbbc4,0x3540,0x4249,0xb9f1,0xa2c4,0xbc57,0xb6ed,0x3db2,0x3604,0x3a00,0x1d0e,0xb6d4,0xb648,0xb92a,0xb748,
    0x3bc9,0xb773,0x3d2f,0x36be,0x4161,0x35bc,0xb4c4,0xbcff,0xaebb,0x3d4e,0x3948,0x26ee,0x3868,0x3864,0x258d,0x3c2d,
    0xbdc7,0xb6a4,0xb8c9,0x2482,0xab61,0xbb7f,0x3110,0xb06c,0xb942,0xa85e,0x32ce,0x2848,0x33f6,0x3da4,0x376d,0xbbbb,
    0xa875,0xb559,0xb46c,0xa84e,0xb414,0x3848,0xb098,0x2905,0xaf26,0xbafd,0xb999,0xb57e,0x28a9,0xb511,0x31c7,0x3a05,
    0xb776,0xa598,0x3118,0xb7e3,0x4788,0xb995,0xb4a9,0x33a2,0xbc85,0xb076,0xaf60,0xbd8a,0xb457,0x3462,0xb191,0xb529,
    0xb2bd,0x358a,0x33f5,0x3d60,0xb82d,0xb681,0xb6f2,0x417f,0x307e,0xb7e0,0xb4f0,0xb0f6,0x45d8,0x41b2,0x3741,0x311d,
    0xb4ae,0x2e6a,0x2f91,0x2edd,0xbd80,0xb760,0x2758,0xb0e3,0xb961,0x349c,0x3483,0xb48a,0x2a5b,0xaf3c,0xabb4,0xb0bf,
    0x2bcb,0xb6d2,0xa816,0xaf28,0x386b,0xb0e9,0xb145,0xb07a,0x36db,0xa8ce,0xb8e7,0x322a,0x317d,0xbd0c,0xae24,0x1cf4,
    0x281e,0xb025,0xb31d,0xc082,0x2a7f,0xb22d,0xbab3,0xb071,0x30f4,0x3436,0x41c5,0x3596,0xb5b5,0xad79,0xbb5d,0xa569,
    0x34c4,0xb4ba,0x3c85,0xc166,0x3d39,0x258b,0x26f8,0xbd67,0xad42,0x3be7,0x30f1,0x35a0,0x397a,0x3879,0xaf43,0x2e33,
    0x4151,0x3335,0xb41a,0x3616,0xb75a,0xa55b,0x2db8,0x21bf,0xb545,0xb116,0x3588,0xadbd,0x3549,0xc101,0xbdbf,0x3cb3,
    0xadf5,0xae2c,0xa8eb,0x36a3,0x2d97,0x35fd,0x24a7,0x302d,0x2a10,0xb7da,0xb9f5,0xb4a2,0x3441,0xb405,0xbc7f,0x39ca,
    0x2e40,0x3bbc,0xb68f,0xad46,0x452a,0x383d,0xac54,0x3025,0xc340,0x2ad5,0x2f61,0xb8fb,0x1bde,0xa325,0x3511,0x32b1,
    0xbb38,0x3513,0xb107,0x3bb6,0x3798,0xbbd9,0xb348,0x2ee0,0xae0c,0xba35,0xa9fc,0xb07a,0x3f59,0x3f3f,0x2a45,0x332d,
    0xa90a,0x3acc,0x3e2c,0xae1e,0xbfe0,0xad9c,0x3414,0xb018,0x2517,0xa966,0x2c56,0xb54a,0x3b56,0xac6a,0xbabe,0xaf9b,
    0xb072,0xafdd,0xb1ad,0xad58,0x2448,0xaba3,0xb391,0x34a1,0x3432,0xa00e,0x345d,0x387e,0x2da8,0x40ad,0xb9f4,0xacf2,
    0xb050,0x2fc6,0xb5b1,0xc06c,0xb4d8,0xa19a,0xb29a,0xb4a4,0xb393,0x3309,0x3a7f,0xb8f9,0xb2cc,0xae37,0xa641,0x3098,
    0x31a0,0xb3e0,0x3149,0xa678,0x2cd3,0xbc9a,0x2514,0xbff3,0xb001,0x3473,0x3232,0x37d1,0xa8fe,0x264a,0x348a,0x3209,
    0x3cb7,0xab2a,0xae32,0x2a04,0x2999,0x2fe6,0xb0b1,0xb0bd,0x28d4,0xadfe,0x2861,0xac12,0x2a68,0xbd45,0xbc6b,0x389c,
    0x9d85,0x11cc,0xaad6,0x9e4d,0x983f,0xae8c,0x2979,0x2bb0,0x2beb,0x3473,0xb7ed,0xab15,0x1db8,0xb435,0xb908,0x35e2,
    0xaa7e,0x3341,0x2a06,0x30f7,0xb9aa,0x37cd,0xac84,0x34e2,0xb474,0x3698,0x2aa2,0x345e,0xae96,0xabad,0x3896,0x32ec,
    0xb8cc,0xa494,0xb341,0x4078,0x3f10,0xba3a,0xb66e,0xb144,0x3230,0xb3b7,0x3112,0xb47b,0x3432,0xb03d,0xadb8,0xac18,
    0xb02a,0x256a,0xa84c,0xae37,0x3c7d,0x2f17,0x30a3,0x3757,0xb19c,0xaf21,0xb575,0xb2de,0xa8cf,0x1e48,0xb523,0xb274,
    0x24ad,0x2d42,0x304b,0xa412,0x27bf,0x30ad,0xb790,0xb19e,0xaa49,0x2f0c,0xb6ec,0x34df,0xb645,0xb8f0,0x29b9,0xb601,
    0xa90b,0x2b19,0x2da4,0x385d,0xacbf,0x20e3,0x3298,0xac92,0xb547,0x24b3,0xba06,0x36c9,0xab68,0x311b,0x2e08,0xa82d,
    0xb2c0,0xad25,0x327a,0xb47b,0xba92,0xb4fa,0x2661,0x373f,0x2c0b,0x2bb7,0x28be,0xb591,0x33dd,0xa975,0xadc8,0xb41a,
    0xba1e,0x2d96,0x2e61,0x2f05,0xb0b0,0xb0e6,0xad95,0x33f8,0x2c9d,0xa24a,0xb014,0xac74,0xb6d2,0x388b,0x3d44,0xb4c2,
    0xa844,0xadcd,0x2c46,0xad8d,0x2e72,0xb2e9,0x2b62,0x29a7,0x1cb4,0x3740,0x29fa,0x1da2,0xae41,0xadb7,0x3884,0x3375,
    0x2306,0xb78f,0xa803,0xb4de,0xbf5c,0xb5e9,0xab08,0xa772,0x88db,0xb135,0xac8c,0x30c4,0xbb3b,0xb8a4,0xb512,0x20af,
    0x3665,0x263c,0x36e0,0xb6b1,0xc63b,0x38d8,0x2820,0x34eb,0x280b,0xb206,0x2dce,0xb036,0xb257,0xb4e1,0x29e5,0xaec7,
    0x3305,0xb584,0x38e9,0x2d95,0xb374,0x33f7,0x32be,0xa883,0xad50,0x29f1,0xaaf5,0xa613,0x2c81,0x29e6,0xb410,0xb305,
    0xa59d,0xa7a4,0x31a1,0x181b,0xb4b3,0xb4db,0xa835,0xb267,0xaf4d,0x2407,0x309c,0x2dfd,0xae7b,0xb14c,0x2db9,0xb8b8,
    0xa88b,0x34c8,0x2795,0x3295,0x371f,0x334a,0x3e05,0xb5c8,0xb184,0x1c2b,0xb918,0xb610,0x2e07,0x3429,0xb439,0x2ed2,
    0xa8f9,0xb4d5,0x3813,0xb6b9,0xb8f0,0xafdd,0xb4eb,0xb043,0x2531,0x3750,0x3665,0xb30c,0x317a,0x2f34,0xa1c6,0xbe00,
    0xbd22,0x3426,0x320b,0xadb2,0xb4bb,0x3469,0xacf0,0x3493,0x2a19,0xadec,0xb29d,0x252c,0x33cf,0xb524,0x3e4b,0xb8c5,
    0x2638,0xaa12,0x29c7,0xaf7a,0x3506,0xab36,0x2c95,0xa05e,0xa5f1,0x3795,0xa589,0x9940,0x2c58,0xab1f,0xa99e,0x31be,
    0x2878,0xbd21,0x33e4,0xb154,0xb857,0xac14,0x2d1d,0xaa8b,0xb71f,0xb091,0x342c,0xbb33,0xbc23,0x2b92,0x2032,0x3344,
    0xb5d5,0x300f,0x2fc6,0x3922,0x391b,0x35c3,0x348d,0x1853,0xb37a,0xb4cf,0xb32c,0xb431,0xb92c,0x3cf7,0x2d58,0x2858,
    0x303a,0xb2e5,0x421b,0x380f,0xc160,0xaaa4,0xa958,0xaad0,0xb55a,0xaf74,0x36e9,0xb84d,0xaff0,0x2aa3,0xb757,0xac35,
    0x335b,0xaa51,0x3114,0xae26,0x39f0,0x2cd8,0xb00a,0xb62f,0xa75a,0xab48,0xb59b,0x3599,0xa70d,0xb868,0x2c40,0x3092,
    0x3349,0x3260,0x302d,0x4167,0x3872,0x374b,0x39b1,0xb490,0x37b0,0x3492,0x35fe,0xb8e5,0xb14c,0x3407,0x3016,0x21d2,
    0x320e,0xb775,0x39ee,0xb815,0xb416,0x3928,0x2876,0xb049,0x31e4,0x39fc,0x3402,0x3101,0x3119,0x34df,0x319f,0xb7b0,
    0xb8bc,0x39ac,0xb798,0x2efd,0x2730,0xab21,0xad9b,0x324e,0xad0a,0xac88,0xb1f7,0xb18c,0x3ae0,0xb890,0x2955,0xb1db,
    0x3004,0xb4f3,0x31d2,0x2c81,0x3522,0x35cc,0xaf4e,0xa6ce,0xaffb,0x3328,0x2ac1,0xa25d,0x9f12,0x2ca3,0xb8b2,0x3a1e,
    0x2760,0xc063,0xb011,0x3278,0xc4d4,0xafa6,0x295a,0x0d9d,0x3cc3,0x2578,0xb088,0xb576,0xb8ac,0x3587,0x3547,0x2a46,
    0xb80b,0x344a,0xb38f,0xb9e0,0x47f4,0xb8aa,0xa6f8,0x25bd,0x3d9a,0xbac2,0xb5eb,0xb25e,0x3ef0,0x3d8d,0x2901,0xa914,
    0x2827,0xb165,0xb33f,0x2e71,0xb8db,0xb307,0xb3ee,0xb0a4,0x3309,0x3259,0x3366,0xb606,0x30b4,0x2e0f,0xb6c2,0x2c06,
    0xa4b7,0xac75,0x29ed,0xa4c2,0x3ad2,0xb45e,0xb6b3,0xb6ed,0x310d,0x236d,0xb2ea,0x321c,0x3002,0xa47a,0x0ee8,0xb73a,
    0xa5da,0x38b9,0xb262,0xbc81,0x1cab,0xacb5,0xb5fe,0xb23b,0xb10c,0xb0d2,0x3b1d,0xbaa6,0xadff,0x2d51,0xa8a9,0x2c1a,
    0xa565,0xb392,0x3777,0xb3cf,0xb0c9,0x3504,0xa6b2,0x9b46,0x351e,0x337b,0x335a,0x354e,0x340f,0xa5f7,0x307b,0xbbc8,
    0xb3a5,0x318d,0xb14a,0x2bc2,0xb143,0x9f7a,0x28d5,0x2906,0xad3c,0xad79,0xae5c,0xb149,0x3873,0x2b6f,0x2c1c,0x2eda,
    0x2dd4,0x215a,0x2b44,0x2c2b,0x2e5e,0x3204,0x8eb4,0xb064,0xaba8,0x27c6,0x2d97,0xb0e4,0x205b,0x27fa,0x3542,0x3a6e,
    0xa7cb,0xbcdd,0xac72,0x310b,0xc433,0x2e1a,0xa3b6,0xaa05,0xb7dc,0x30c8,0x2d12,0xb539,0xa9e4,0xa0d4,0x3598,0xaa8c,
    0xaf61,0x32bb,0xb0b4,0xbc78,0x44e7,0x2ee8,0xb17a,0xabbd,0xb67f,0xb822,0xb2f8,0xb2ab,0x3e78,0x38a9,0x2853,0xb1d7,
    0x26b2,0xaf5f,0x3836,0x215a,0x3ab9,0xaa69,0xaa99,0xb3b8,0x30ab,0x319f,0x2158,0xb6a3,0x30d5,0x2c7e,0xad2b,0xa9e9,
    0xb10b,0xaa6d,0xa8ea,0x2473,0x3411,0xa9a8,0x363a,0xb37b,0xa85f,0x9789,0xa9ab,0xaae9,0xacf0,0x3203,0xb6ff,0xb651,
    0xaac3,0xb554,0xb608,0xb048,0xb642,0xa54f,0xb1c4,0xb051,0xae7a,0x2e80,0x39f7,0xaf71,0xb09c,0x316b,0x2da9,0xab44,
    0xb116,0xb50f,0x3621,0xadaf,0xbab9,0xbba8,0x2a5e,0xb9c7,0x30c9,0x37ae,0x3404,0x3360,0x2c2b,0x1589,0x3292,0xb077,
    0x3410,0xb304,0xadff,0x291a,0xac4d,0xacf5,0xa494,0xaed8,0xa206,0xa40e,0x2d34,0xb2e1,0x2df5,0xb5ba,0xb2ca,0x389d,
    0x2479,0xaa20,0x200c,0xaa27,0x2dec,0xae29,0xac91,0x1f5e,0xae81,0x3703,0xab5f,0x2406,0x17e6,0xa6ed,0x39aa,0x3394,
    0x2551,0xb424,0x298e,0xb0d2,0xc617,0xa87c,0x2fa4,0x25fe,0xa87a,0x3638,0x273d,0xad93,0x333a,0x2b24,0x34a2,0xac39,
    0x28ae,0x2e79,0xb507,0xb8ba,0x4287,0xb065,0x2cc6,0x278d,0xad2d,0x30f5,0x1fda,0xb057,0xb6f5,0x31e8,0x25c5,0xa769,
    0x2cc8,0xbcfe,0xbe12,0x28fb,0x2c4e,0x2793,0x2ca2,0x2ba0,0x2ae8,0x28c8,0xae9d,0xb7c0,0xae5c,0x208d,0x2e06,0xaccd,
    0xb1c4,0x27f2,0x201b,0xa309,0x234d,0x2c82,0xa310,0xb82b,0x28a5,0x2a81,0xb09c,0x2fa6,0xb337,0xb983,0xac78,0xb459,
    0x2cd7,0xb013,0x3921,0x2e07,0x2e95,0x1b87,0xa8e2,0xacb1,0x2e17,0x2c18,0xb959,0x3112,0x2981,0x32d2,0xaf1f,0xa800,
    0xb71f,0xaf6e,0xb71b,0xb925,0xbab9,0xb7db,0xb042,0x3a65,0xa9d9,0xaf91,0x2f69,0xb576,0x2287,0x2a56,0xa31b,0xb347,
    0x34c6,0xa9e1,0x204d,0x2ae7,0xa849,0x2edc,0xa893,0x303b,0xad3c,0xa901,0xa4e0,0xab4c,0xb3ce,0xb86c,0x3a4c,0xb55a,
    0xa1c9,0xadf4,0x26a9,0x9b7b,0x27b7,0xadb5,0xac4e,0xade0,0x1d2c,0x3433,0x18f5,0xa82e,0x27f7,0x26f8,0x325b,0xabc4,
    0x9df3,0x3684,0x2f55,0xb4e7,0xbeab,0x2c15,0x9f39,0x29d7,0x31b1,0xb390,0x2133,0x34aa,0xa32d,0xb5f6,0xb53f,0x2d84,
    0xb477,0x29f1,0xb9dd,0xbc42,0x41d1,0x2afb,0xa768,0x3020,0xb1fc,0x3079,0x2e9a,0xad4d,0xbfff,0x357d,0x2c06,0xb480,
    0x9426,0xb5a4,0x2e0c,0x2298,0xac44,0x2d2d,0x2d93,0x2975,0x259c,0xa850,0xa0a6,0xb50d,0xb0c2,0x2b29,0xa542,0xac34,
    0xab27,0x9de2,0x2864,0x2327,0xb38e,0x2668,0xaf46,0xb175,0xa956,0x2453,0xb3f6,0x3572,0x2edd,0x375c,0xabe0,0xbbc4,
    0xae26,0xb3e6,0x31b6,0x3773,0xaa8b,0x2879,0x2dbc,0xb1ad,0x33ff,0x2c7e,0xaedb,0xafe5,0x2296,0x2ec7,0x20ab,0xa75b,
    0xb852,0xaef3,0xb6a1,0xb305,0xb60b,0xb834,0xac35,0x29a8,0xa8d8,0xb1cc,0x2914,0xb13f,0xa94a,0x25f1,0x30a7,0x3781,
    0xabd5,0xaad8,0x2e8a,0xaaff,0xaf7b,0x3675,0x1f55,0x2d9b,0xac53,0xa9de,0xae38,0x2e1c,0xb540,0x388a,0x3b88,0x2fd6,
    0xae91,0xac86,0xaab7,0xa43d,0x321a,0xa8f9,0xac91,0xb149,0x29a8,0x33c8,0x21b2,0xa8e1,0xaaf2,0x29ee,0x32e8,0x32ab,
    0xa81b,0xb51f,0x309e,0xb452,0xc353,0xb050,0x2936,0xab4b,0xae3d,0x30a5,0x2c9a,0x2cd9,0xb609,0x3460,0x2c69,0xa97c,
    0x25c3,0x2de8,0xb1e5,0xac8d,0x409c,0x3000,0x32a5,0x2f85,0x2c1d,0xae9e,0x3013,0xb068,0x3495,0x3c0a,0x2abd,0xb4a1,
    0xa945,0xb5c2,0x3ba7,0x36cb,0xbe1b,0xb001,0x3131,0x2712,0x2e9e,0xae2d,0x355e,0xb8a6,0xaf17,0x2520,0xb306,0xaa47,
    0x2898,0xabb4,0xa450,0xa9f4,0xa329,0xafbd,0xb573,0xb14b,0xad21,0xa85d,0xaeb1,0x3649,0x2f01,0xb825,0x25ad,0xbc3d,
    0x2976,0xb3e4,0x3555,0x32c0,0x3145,0x2f4b,0x38ec,0x224f,0x3752,0xa51c,0x3404,0xa94d,0x294d,0x2c66,0x3090,0x27bb,
    0xb9d2,0xb3ce,0xb855,0xb868,0xb984,0xaa1d,0x29c4,0xb6f3,0xaf0c,0xb88c,0xad1a,0xae20,0xac17,0x2950,0x32c7,0xb103,
    0x3106,0x345f,0x2538,0x3126,0x9d34,0x31e0,0xb0cf,0x312b,0x1c86,0xa8fd,0xaa27,0xacbd,0xb780,0xb187,0xb77e,0xb3ce,
    0xad4f,0xb081,0x1793,0xa5f0,0x36be,0x25ac,0xa838,0xb430,0xac4f,0x9273,0xa2ed,0xb210,0xaea8,0x3087,0x3031,0x38dd,
    0x24cf,0xba46,0x2667,0xa99c,0xb534,0xb0d9,0x156f,0xa449,0x2de3,0x290b,0x2347,0x3576,0xb055,0x2501,0xac8a,0xa8b7,
    0x32c9,0xa81b,0x2be2,0xb7f9,0xbd21,0xacfb,0x3424,0x32e0,0x3a45,0xb061,0x24f7,0xada8,0x3b35,0x2020,0x2cfb,0xb884,
    0x224e,0x2e12,0xb72f,0x31d6,0x3042,0xac6e,0x2fd9,0xb006,0x318a,0x295a,0x301c,0xb2b4,0x3401,0x28b4,0x21cd,0x2988,
    0xaae3,0xacab,0x330d,0xa536,0x3610,0xae9a,0xaea5,0xb4ca,0x2996,0x2098,0xb833,0x3061,0x316b,0xb509,0x2f0d,0xb9be,
    0x27eb,0x2fff,0x310f,0xb83f,0x27bf,0xae25,0x3805,0x3047,0x27ca,0x2ea4,0x2c62,0xb4dd,0xac01,0x2e8e,0x2c2d,0xa3fb,
    0xb5b9,0xa92a,0xb5f6,0xb283,0xb71f,0xb0d1,0xad16,0xb41f,0x2cd1,0xb26d,0xafd0,0x31e8,0x24a9,0xa794,0x31f2,0xb0c8,
    0xb93c,0xaa78,0xafa5,0x2fe4,0x2c24,0x9c11,0x2464,0xa458,0xa612,0xa80b,0x88f5,0x2b29,0xb651,0x2f2f,0xb282,0xad23,
    0x2604,0xad25,0xa482,0x2b29,0x31ed,0x9bca,0x28d6,0xb0cc,0xb034,0xad8e,0x2703,0x2586,0xafc2,0xa5ff,0x323e,0x324c,
    0x26cd,0x30af,0x27a8,0xb2ac,0xc1db,0xab2e,0xa924,0x2b9e,0xa681,0x2aba,0x2c99,0xb505,0xb49f,0xb427,0xa8c6,0xab1f,
    0xb0df,0x2938,0x354f,0xb743,0x3a01,0xb254,0x9973,0x3543,0xb336,0xad4a,0xb02a,0xa632,0x338e,0xb437,0x2981,0xb357,
    0x2716,0xb529,0xbd92,0x2a10,0x31ce,0xa09a,0x27f1,0xafdb,0x348a,0x2e28,0x2b26,0xb4e2,0xb10d,0x266f,0x2c66,0x2447,
    0xa506,0xadad,0x1365,0x1cd1,0x37b6,0xabf4,0x3079,0xb47e,0x9c42,0x2c23,0x27f8,0xb200,0x24b5,0x394c,0xb63a,0xb6a5,
    0xb014,0x2f4a,0x223b,0xb5e6,0xaee8,0xaa89,0xb643,0x2096,0x32f9,0xb049,0x3695,0x368f,0x1d88,0xa0b5,0x2658,0xac58,
    0xb62a,0xaee6,0x3519,0x3048,0xb8cc,0xb733,0xad31,0x2a07,0x323e,0xb499,0x2ab4,0x284e,0xb020,0xac25,0x2e9e,0xb34b,
    0xb330,0xb3fb,0x217b,0x2d64,0xab8e,0x33c8,0xadcc,0xa501,0xac27,0xac03,0x294d,0xb78c,0xae54,0xa4b8,0xbe20,0x2717,
    0x293c,0x1c89,0xacf0,0x2674,0x2d4d,0xae37,0xaac4,0xb04b,0xae00,0x3355,0x2ce4,0x22d0,0x2e93,0xa876,0x3849,0x3663,
    0x28ed,0x2af4,0x30af,0xaeec,0x2c09,0x3213,0x99af,0x2e69,0xb288,0x29c6,0xab1a,0xadfc,0xb330,0xaeaf,0x31be,0xaa19,
    0xac8e,0x2faf,0x3aa4,0x2f45,0x4083,0xa8f8,0x1d1a,0x30d5,0xb52b,0x283f,0xa53e,0xae3b,0xb2c7,0x355b,0x2b3f,0x2e70,
    0xb811,0xbd43,0x36ce,0xb470,0xb603,0x2e09,0x0b9c,0xb43d,0xa4bd,0x2904,0xb80d,0xb4f3,0xb49c,0x339d,0xb561,0x3a3a,
    0xbc06,0xb1b4,0xac08,0x3831,0xb0b9,0x3a25,0xb105,0xb8ae,0xb958,0x38b7,0x30e9,0xabe5,0xbb24,0xb50d,0x3808,0x36d6,
    0xba86,0xb6dd,0xb424,0xb80b,0xb2f0,0xbb6a,0xb328,0xb42c,0x2ea2,0xae59,0xb9f7,0xbb6e,0x359a,0x32f8,0xb948,0xaa74,
    0xb5fe,0x34dc,0x3c5c,0xb9a2,0xb847,0xc04d,0xa9b8,0xbbb5,0x2cc8,0xbc0c,0xa540,0x2f08,0xc078,0xbc2b,0xbcaa,0x3e27,
    0xb9ed,0xb62c,0x353b,0xa6da,0x3623,0xbec7,0x3e2d,0x303d,0x333b,0xb101,0xb1f4,0x320d,0xbd1e,0xb59b,0xbcd1,0x311d,
    0x359d,0x3abd,0xb4ba,0xbaea,0xb05e,0xb23c,0xbd21,0xba8d,0x2f05,0xbd7c,0x2dc8,0xad11,0x3486,0xb175,0x386f,0xbe22,
    0x3a64,0xbfbf,0xb500,0x300a,0xb579,0x3636,0x3516,0xb55b,0x34ae,0xb744,0x32b6,0xb070,0x382e,0x3b9c,0xb127,0xb54e,
    0xb8ab,0xbb5f,0xb49b,0xbbcb,0xb47e,0xb86a,0xb81c,0xb494,0xbfac,0xb44c,0x2f5e,0x3cc5,0xbbfc,0xb28c,0xbb14,0xb531,
    0x2bb1,0x3482,0xba0d,0xb896,0xb9d3,0xb740,0xb470,0x3543,0xba8d,0xab89,0x00b9,0x28a7,0xac43,0x37e7,0xb1de,0xba0c,
    0x34da,0xba19,0xaf06,0x2d7d,0xaf57,0xaf46,0xa50a,0xb0ff,0x3558,0xaf90,0xbe5d,0xb171,0xb4e2,0xb837,0xad16,0xb0bb,
    0xb660,0x32a2,0xb529,0x31d1,0xb6a7,0xb78c,0xad32,0x3305,0xb1e1,0x3664,0x3662,0xa63a,0xad44,0xb614,0xb063,0x30ba,
    0x31f1,0xbb0b,0x2cea,0x31ab,0xaa63,0xb362,0x28e4,0xb44f,0x36bb,0x38d5,0x37a3,0xb4b7,0xb294,0xb41c,0xb81e,0xb7b5,
    0x39dc,0x285a,0x35f6,0xb625,0x39ae,0x3403,0xa52f,0x1e65,0xb05c,0xad47,0xb643,0xae3c,0xb158,0xbbb4,0xb251,0xb804,
    0xb94e,0x31b5,0xb5a4,0x31e1,0xa846,0x3026,0x2f81,0x3389,0xb8a5,0x26e9,0xafd8,0x30e5,0xb719,0x26ea,0x377a,0xaabd,
    0xb31a,0x35b4,0xb243,0xbca4,0xa952,0xacdc,0x2c48,0x37f9,0x35c5,0x2f8b,0xba0d,0xa403,0x3020,0x9d90,0x28bb,0x327b,
    0x3472,0x362d,0x397b,0x319f,0xad9c,0xb301,0xb97f,0x2f7c,0x2afb,0xaae2,0xba48,0x2c05,0x2fe5,0xb7a2,0xb875,0xb696,
    0xba22,0x361c,0xb4b0,0x30ac,0x3acc,0xa7c8,0xaaa6,0x350c,0xb8e7,0x38af,0x3440,0xaf9a,0x3021,0xaaab,0xb619,0xbb17,
    0xb4e8,0xb583,0x304f,0x3034,0x3098,0xb97b,0x3396,0xb108,0x9f4a,0xb272,0x3a47,0xaefd,0xa097,0xb812,0xb475,0x2976,
    0x3861,0xb8a0,0x2b8d,0x3794,0xa8b0,0x30b7,0x3004,0xb3c4,0x37ed,0xb9ae,0x2eb3,0xb4cf,0xb0cd,0x2e3e,0xb2e0,0x362d,
    0x3b6d,0xb675,0xb4e3,0x2e34,0xb08a,0x3943,0xb45a,0xaa8e,0x308c,0xb75e,0xa9d9,0x16b1,0xa267,0xb425,0xb6cf,0xacb7,
    0xb036,0x2da3,0x30e5,0x2cab,0x3914,0xb219,0xb2c3,0x3600,0x32b8,0xbabe,0xb085,0x2e50,0x27b7,0x3502,0xacca,0x3729,
    0xb347,0xb388,0xb6fa,0x9e8b,0xb2f1,0xb5e4,0xb014,0xa50a,0xaa1a,0x373d,0xb7dc,0x9c53,0xaa69,0xb872,0xb07a,0xb449,
    0xb951,0x3a5e,0xb9f2,0xb8a6,0x30f6,0xb58f,0x9e9e,0xb353,0x2152,0xb0eb,0xb1fb,0x31a6,0x2c21,0xb7c5,0xb3e4,0x32b4,
    0x2d86,0xa766,0xa605,0x0fe3,0xad71,0xb491,0xb655,0x2ba3,0xb5c2,0x34cd,0xb942,0x312d,0x3319,0xb47e,0xb4c2,0xad3b,
    0x1f70,0xab59,0x2293,0x3987,0xb6c7,0xa1bd,0xb451,0x3897,0xaf0a,0xa84a,0x3949,0xb765,0xb13c,0xa6ab,0xa8f3,0xb60f,
    0xb5a0,0x9cb8,0xb8fb,0x3773,0xb26d,0xb04c,0xb737,0xadea,0xb0ef,0x3639,0xb865,0x2d0f,0x2d4d,0xbc64,0xb3fa,0xb54e,
    0xb41d,0xb043,0xb0f0,0x2e43,0xadfd,0x2468,0xb2d5,0x2d3b,0x3500,0xbaf9,0x3410,0xb12c,0xb37b,0x3680,0xb11b,0xac65,
    0x2b24,0x37ee,0xb612,0xb7a3,0xb36f,0x90c9,0xb7a0,0xa54d,0xade2,0xb88f,0x36ff,0xb12e,0x369d,0xb142,0x3c27,0xb634,
    0xb0d5,0xb3df,0x2fd5,0x3a47,0x3878,0x32f8,0x3048,0x316f,0xbaac,0x2e0d,0x395d,0x2898,0xae31,0x375d,0x248e,0x39f6,
    0xbc07,0x3a92,0x28f2,0xb85a,0xad2a,0xbdb9,0x3698,0x2f33,0xb78c,0x1956,0xb6ee,0x2e7b,0xb2ec,0x37ca,0x3940,0x30ef,
    0x3a1d,0x242b,0xb617,0xba76,0x2ed8,0xb01f,0x2863,0x20e2,0x1e53,0xb7f1,0xb75a,0xb350,0xae00,0x3afa,0x31a4,0x3971,
    0xb418,0xbdbf,0xb658,0xadd9,0xa75f,0x3734,0x3626,0xafb3,0x39a7,0x3838,0x308a,0x23aa,0x34fb,0xb88f,0xb940,0x1607,
    0xb611,0xad70,0xb09d,0xbb35,0xaf96,0xb054,0xaec7,0xb0e5,0xb557,0x3689,0xbcba,0xb030,0xb1ff,0xb78a,0xa998,0x38c3,
    0x398e,0xb054,0x27a7,0x1e54,0x3006,0xba4c,0xb9d2,0xa849,0xb669,0x39d3,0xbbff,0xadb2,0xb558,0xa842,0xb4ab,0xb072,
    0xaf34,0xb19b,0xb708,0xab67,0xb20e,0xb1d5,0x2057,0x32ab,0x263d,0xaf82,0xbca8,0xb41e,0x2abc,0xb675,0xaa7b,0xbc41,
    0xb2da,0x30f9,0xb1fb,0x38c9,0xafac,0xb431,0x36c0,0xafb7,0xba1b,0xb994,0x3371,0xab3c,0x347b,0xbebb,0xb21a,0x3020,
    0xacf9,0xb45f,0x30bf,0x2d4c,0xbb55,0x25cd,0x9427,0xb9a6,0x39d8,0x394b,0xb685,0xae05,0x2b17,0x38b1,0x3279,0x3f16,
    0xbb83,0xb182,0x3c6f,0xba0f,0x21e3,0xb825,0xb58f,0x2eba,0xb743,0x3a21,0xb82b,0x2bfe,0xb763,0xb4c1,0x3ab4,0x322a,
    0x34e2,0xb4b7,0x27ca,0x37d3,0x357e,0xb45d,0xb52a,0x309c,0xb7e4,0x29b1,0x372e,0xb567,0xb0e9,0x36ac,0xafb7,0x3532,
    0x366e,0xaf01,0xb5c1,0xb4dd,0xb478,0x3857,0x383a,0xa4fd,0xb2d6,0x350d,0xb8d2,0xb0ac,0xbd41,0xad9b,0xb040,0x2452,
    0xb59f,0x3914,0xb62e,0xba93,0xb94d,0xb670,0xb0bd,0xb9b6,0xb2a7,0xbd93,0xb70d,0xb33c,0x9325,0x3732,0x279f,0xbb41,
    0xb8fa,0x3250,0xb6f9,0xb6a1,0x2f10,0xb426,0x32b7,0xb216,0x2ce3,0xb872,0x2c0b,0xb1b5,0xb884,0xb008,0x362d,0x337e,
    0xa687,0xb466,0x2095,0x39ac,0xb7a7,0xb362,0x19a4,0x3bbd,0xb45f,0x9e7d,0x368c,0x3436,0x3057,0x3003,0xb402,0xaa9f,
    0xb872,0xbc6b,0xa690,0xa7e6,0xb09d,0xb631,0x384c,0x2f27,0xaf81,0x374a,0xbb6f,0x24d5,0xadb9,0xb815,0xb813,0xb5c9,
    0xb7d4,0x35bb,0xbd34,0xba47,0x33d1,0xa56c,0xb21b,0xaf70,0xbd86,0x345d,0x3417,0xac17,0xb111,0x34c9,0xb460,0x2583,
    0x384f,0x3fc9,0x2a23,0xb6a4,0x2dfd,0xa49f,0x3568,0xb471,0x31bc,0xb8e6,0xb6b2,0xad69,0xb81d,0x3a5b,0x3336,0xa7f6,
    0xb48c,0x340d,0xaeae,0x3487,0xb37f,0x38e2,0x2f5a,0x31c3,0xaa76,0x29e3,0xb8b1,0xb269,0xa657,0x2665,0x300d,0xb03c,
    0xb3a4,0x3b39,0x30e1,0xb98c,0x31a3,0x3516,0x30da,0x32b1,0x32e5,0xb454,0x26b9,0x2ea6,0xb9ec,0xb942,0x35e1,0x30f3,
    0xb0bb,0xb566,0x39b0,0x3739,0xbcb7,0xb1b6,0x30e6,0xb759,0xbc64,0x3719,0xb001,0xb573,0xb382,0x3626,0xb4dd,0x37ac,
    0xbd21,0x258d,0x2d60,0xb20d,0x2a3b,0x3930,0x39bb,0xb200,0xb129,0xb68f,0xad13,0xb048,0xb45e,0xb78c,0x3556,0xaf12,
    0x3187,0xb0f2,0xb164,0x3abc,0x30b8,0x3291,0x32b3,0x36e1,0xa1a4,0xb640,0xb658,0xb1d1,0xb128,0x3382,0xb4ac,0xb404,
    0xa97f,0x3590,0xb8c2,0xb572,0xb03b,0xb5f2,0x31b6,0xb211,0x362d,0x35bd,0x39df,0xb29c,0xb987,0xbdbd,0xb2d0,0x1ea8,
    0x3433,0x3414,0xb45f,0x3958,0x379d,0xa9f4,0x3144,0xafc6,0xa848,0xa224,0x3157,0x2ac6,0xa6bd,0xb861,0x2f0b,0xa056,
    0xb433,0xb793,0xb592,0x3aa5,0xb0b1,0x310b,0xba42,0xb256,0xb2db,0xbc3b,0x29b0,0x3104,0x2f2d,0xbb5a,0xbbbb,0xb670,
    0x36c3,0xb4bd,0x3107,0x2e02,0xb55e,0x33fb,0xac41,0x3909,0x3a61,0xb86f,0xbbff,0x2a46,0x2c01,0xb63e,0xb049,0xb564,
    0xb3ce,0xb068,0xb763,0xb9d7,0xa6f0,0x3ae0,0x3270,0x315c,0xb8c5,0xb268,0xb59c,0xaf4d,0xb293,0xb8e7,0xb656,0xb5e5,
    0x3310,0xb828,0xb8bc,0xa352,0xb503,0xad40,0x209e,0x340d,0xb51f,0x2f63,0x2c3b,0xae11,0xb300,0x322c,0x1b0c,0xb98a,
    0x397f,0x3731,0x366e,0x3500,0xa02b,0xb54d,0x3663,0x2be2,0x2e5b,0xacca,0x323e,0xb01a,0xb689,0xb753,0xb1fa,0x2d49,
    0x34c1,0xb84e,0xa539,0x269f,0xb6f8,0xb907,0xb495,0x3418,0xb073,0x342c,0x2b67,0xb27d,0xacd2,0xb07a,0xb2a1,0x37ff,
    0xb456,0x2f60,0xb6c3,0x39c4,0xb4f2,0xb733,0x3299,0x1e18,0x3637,0x35ca,0x344f,0xb151,0xa5fa,0xbcbc,0x37f6,0x3007,
    0x23ea,0xb00e,0xb460,0xb3bf,0xac4e,0xb586,0x2443,0xbc15,0x34fe,0xb029,0x3810,0xb53c,0xb2e7,0xb3c8,0xb416,0xbb3f,
    0x2f51,0xb986,0xb9d0,0x30c9,0xb2d7,0x3121,0x2fe7,0xb464,0xb27d,0xafcf,0x3906,0xb465,0xacbc,0xbc32,0xac05,0xa5f7,
    0xb5e3,0x35c9,0xbdab,0xbd1c,0xb759,0xacf3,0x2802,0x3739,0x349a,0xacc2,0xb91a,0x301c,0x2f17,0xbb17,0xb059,0xb1cd,
    0xb449,0xb366,0xb4a6,0x3762,0x3310,0xb677,0xbcc8,0x2939,0xbb9f,0xb750,0xb843,0x2e40,0x3277,0x39ec,0x3919,0xb07f,
    0xb29f,0x34cd,0xb7a4,0xb960,0xb77e,0xb6a1,0x24b6,0xb89e,0x36ca,0xb6fa,0xb408,0x31f7,0xaa71,0x31ac,0x3481,0x30af,
    0xb77e,0xb323,0x35ae,0x3b56,0x22fb,0xb2cd,0xb2e9,0xac23,0xb432,0x3870,0xb6b5,0xb252,0x377a,0xa3f4,0xb9b0,0x32ba,
    0xb10d,0xb16d,0xb510,0x34b7,0xba86,0xb242,0x20de,0x30ff,0xad31,0xb56b,0x3b71,0xb36e,0xb219,0xba6e,0xa48b,0x368e,
    0xb3aa,0x3680,0x3470,0x3571,0xae46,0xbd2a,0xba4b,0x270c,0x33ad,0xb917,0xba8c,0xafd4,0x2e2d,0xbdd6,0xa2e9,0xb473,
    0x2e43,0xb204,0x3b83,0x30b5,0x357f,0x9ff0,0x243c,0xb09e,0x394d,0xb6e3,0xb55b,0xa929,0x21be,0xb575,0xb106,0x31a8,
    0x2497,0xb52c,0xaf49,0xbb63,0xb1b2,0xb8df,0x21e5,0x2381,0xb8fd,0x34b5,0x33a2,0x2c7e,0x3538,0xb5f4,0x2cf8,0xaba2,
    0x39b2,0x9a04,0x3c58,0xb137,0x36ea,0xaf89,0x3216,0x32a3,0xb667,0xb9b4,0xba05,0x2d37,0x34d2,0xb4e7,0x32c5,0xb55d,
    0xb237,0x3a1b,0xb550,0xb944,0xb009,0x35eb,0x3546,0x302a,0xbb09,0xa05e,0xb5c0,0x2483,0xb10c,0xad0e,0x36e0,0xada8,
    0xb020,0xb120,0xb958,0x386b,0xb771,0x2ab8,0xa2b3,0x36b1,0x3841,0x300f,0xa8e3,0x3130,0xb21a,0xb3f0,0x32d1,0x28ac,
    0xb6ca,0x3468,0x349d,0x3753,0x302c,0xb6ca,0xbbad,0xaf76,0x200d,0xba07,0xb4c9,0xab87,0x1dec,0xbc0a,0xbcda,0x2c10,
    0x35a1,0xa4d1,0x3307,0xb886,0xb76c,0x2ee8,0x33da,0xbb2b,0xb532,0xbd4e,0xbbd1,0xac1c,0x2b82,0xacb3,0xa457,0xbc77,
    0x399a,0x34bf,0xb354,0x3b48,0xa484,0xba1c,0xbca7,0x32b9,0xbc2a,0xb7d8,0xb988,0xb1ed,0xbc51,0x3402,0xb666,0x9cc9,
    0x2ded,0x35ba,0x380a,0xb099,0xba23,0xa4fb,0x22d8,0xb12b,0xb64a,0xbc8d,0xb294,0xb22c,0xae7c,0x3a6f,0xb23c,0x330f,
    0x2c17,0x36f8,0x2b89,0xb828,0xa35c,0xb1e0,0x3528,0x2ecf,0xb049,0xb83c,0xb4bb,0xa681,0xb49d,0x3826,0x341a,0xa741,
    0xafd5,0x2fa4,0xb6e4,0x2dfe,0xb977,0xb303,0x227c,0x327f,0x349a,0xbeba,0x1db4,0xaaea,0xa92e,0x3570,0xb523,0xb8af,
    0xb9bd,0xb116,0x2530,0xbcb3,0x9cc4,0xaa57,0x3020,0x2c7b,0x3c13,0x3510,0x385e,0x2dd4,0x3925,0xbc67,0xb1cb,0xab45,
    0x3910,0x2e98,0x2c8a,0xb59d,0xbdf7,0xb608,0xa352,0x395a,0xb29d,0xb969,0x3021,0x1e68,0x207a,0xad6e,0x30b7,0xaf17,
    0xafa8,0xb24e,0xb6e0,0xb291,0xb08d,0x37d2,0x3507,0xb453,0x3851,0xb47b,0x2f5c,0x2efe,0xb637,0xb372,0x3aa3,0xaf86,
    0xb221,0xb241,0x356d,0x28d9,0xbc93,0x3308,0xadbc,0xb959,0x3784,0x3a7e,0x368a,0x2862,0xb1de,0x366a,0xa953,0xa9ef,
    0xba91,0x2c1b,0xaad3,0x3284,0x3088,0xbade,0xb657,0xb090,0x2caf,0x2e6d,0x3880,0xadaa,0x2dd1,0xb76e,0x20d6,0x2cff,
    0x3346,0x3855,0xb477,0xb607,0xa572,0x2d2a,0x89ea,0x2e3c,0xbde3,0x3c97,0x300b,0xb0d2,0x3007,0xb948,0x290d,0x3385,
    0x3820,0xbf30,0xb555,0xb2c0,0x298b,0xb370,0x35d0,0xb639,0xba52,0x34ed,0x3915,0x9ee9,0xb04b,0x37be,0x33de,0xadda,
    0xba3b,0xb40e,0xbce3,0x3639,0xb519,0xb3e7,0xb466,0xb555,0xbcff,0x35da,0x36bd,0x321b,0xb0a6,0x2e5f,0xa93e,0x3573,
    0x30e3,0x32fe,0xb2c2,0x35d1,0xb2ba,0x38fa,0xb840,0xb101,0x35ae,0x3a0b,0xb8ad,0xad6b,0xb90f,0x9bdc,0x9151,0xaf8a,
    0xb6c6,0x31b6,0x350a,0x3418,0xb966,0xb49c,0xa57d,0xa0c3,0x39a0,0xb9be,0xbdd7,0xa746,0xb457,0xb16c,0xb4ad,0xba3c,
    0xb107,0xbdbe,0xb671,0xba52,0xb34c,0xbb43,0x343c,0xb3cd,0xb125,0xb712,0xb331,0xafbe,0xb4d0,0xb8e5,0xb333,0xb343,
    0xbc80,0x2e29,0x2ff7,0x30bb,0x3652,0xb44b,0xae8e,0x3615,0xa9ed,0x2bc5,0xb806,0xb098,0xaa4d,0x3193,0xb4fa,0xb335,
    0xb41e,0xb8e6,0x2d34,0xb9c4,0xad68,0xb53b,0xb40e,0xb3a1,0x3735,0xb899,0xb958,0xa72f,0xb040,0xbbc0,0x3541,0xb438,
    0x3703,0x2dcc,0x27c6,0xb89c,0xb656,0xb074,0x216d,0x3b21,0xb556,0x38e0,0x230b,0x2700,0xac8b,0x2dfd,0x2c70,0xb979,
    0x3140,0x3502,0x2a4b,0x3140,0x3049,0xb7b3,0xbc48,0xae47,0x1f8f,0xbb6e,0xb2be,0x2e2e,0x3c89,0xb590,0xb81d,0x2859,
    0x356d,0xae0e,0x2dfb,0xb6cf,0xacfc,0x3645,0x1c40,0xb4a4,0xbc4a,0xb576,0x3237,0xa822,0xabac,0x38f2,0xb20d,0xb3c5,
    0xb948,0x35b7,0xb301,0xa008,0xb150,0x32ea,0xb6e5,0x2de3,0x322a,0xb7d0,0x2634,0x2a1c,0xbad4,0xbba4,0x3773,0x26cd,
    0x34b2,0x37f9,0xb88a,0x350f,0xb545,0xacbc,0xb26f,0x3345,0xb2e0,0xb91a,0xb845,0xac1a,0x257e,0xb400,0xad66,0x39aa,
    0xbc84,0xbb89,0x3206,0xb0d8,0xb0c7,0x37d1,0x385a,0xb16a,0xb4dc,0x3aad,0xb55b,0xabf7,0x34b1,0x3871,0x2c7a,0xad0d,
    0xb69a,0xa184,0x3689,0xb60b,0xba96,0xb801,0xb26c,0x36e4,0xbad6,0xbc27,0xb7a6,0xa454,0xb37b,0x3657,0xa8b0,0x328b,
    0x297c,0x3919,0xb948,0xaf8b,0xab35,0xb41c,0x3682,0x2fd5,0xabab,0xb43b,0xb812,0xb29d,0xbc6a,0xba5c,0x35be,0xb2b6,
    0xbc75,0x392c,0x3442,0xacd7,0xb916,0xb02f,0xaa37,0xbc4c,0x39c0,0xb5e2,0xb5e7,0xa3c6,0xaa2e,0x32d4,0x2d0d,0x38e3,
    0xa939,0xaf06,0xb7cc,0xb5ee,0xae67,0x3232,0xab7d,0x29da,0x3ad9,0xb547,0x36da,0xb04d,0xb030,0xac44,0x3a59,0x2dce,
    0x38b6,0x2dc3,0xb5c0,0xb4f2,0x3633,0x1ca0,0xadf5,0xbf0e,0xbaa8,0xb925,0x39cd,0xacb2,0xae46,0xab36,0x3291,0xc028,
    0x3346,0xb114,0xb581,0xab74,0xac29,0xb80e,0xb046,0x34e6,0xaea2,0xbc68,0x34ca,0x30ba,0xa929,0x317e,0xb89d,0xb10d,
    0x3aad,0xb681,0xba60,0xbe39,0x3934,0xb3bc,0xac60,0x3aa2,0x3299,0xb60a,0xb878,0x9af7,0xb119,0xb8a2,0xb2e9,0xb509,
    0x351c,0xb015,0x29a5,0xb16b,0xb26e,0x3092,0xb5d1,0x2ac9,0xbf63,0xba0b,0xa013,0xaed7,0xb4a5,0x3292,0x3221,0xb16f,
    0x34b9,0xa7c6,0x2fdd,0xb433,0x34a5,0xb5a2,0xab15,0xaf54,0xb91f,0x2c1d,0xb353,0x2d61,0xb35b,0x3a54,0xb5ed,0xb5fd,
    0xb85a,0xa44f,0xb900,0xb640,0xb186,0x380b,0x36b9,0xb57d,0x1814,0x3613,0xb65c,0x2926,0xb2ac,0xbb97,0x354b,0xb7bf,
    0x3577,0xb48b,0xb6c1,0x3330,0x300f,0x35e5,0x358e,0xb684,0x3990,0x36a6,0xb462,0x2bf3,0x309b,0xb284,0x331d,0x3714,
    0xb565,0x27fc,0x3321,0x2934,0xabdf,0x3a59,0xb651,0x2455,0x324f,0xb0ae,0xb228,0xa67b,0x3c37,0xacb9,0x321a,0xb13b,
    0xb2ae,0x33e2,0xadb6,0xb735,0xbce0,0xac38,0xb5bf,0x33fc,0x25f8,0xb673,0x2e54,0xafc9,0xb05d,0x3619,0xb37a,0xb80f,
    0xb0dc,0x3726,0xb656,0xab14,0xb428,0xba51,0x2928,0xa74e,0x36b4,0xb43c,0x201e,0xb162,0xb829,0xbcad,0x30d1,0xb46f,
    0xb5c1,0x2e0b,0x2fde,0xb3e3,0xbbb5,0xb413,0xb26f,0x312b,0xb0ef,0x32ec,0x3a09,0xb159,0xb063,0x3899,0xb461,0xb0fe,
    0xb937,0x368b,0x36ad,0x359d,0x278a,0xb9a8,0x3cac,0xb0d5,0x337a,0x31db,0x355c,0x22f0,0xb870,0x2eed,0x3ac8,0x216d,
    0xad4b,0x3773,0xb024,0x32e1,0xb9c8,0xb277,0xb3b2,0xb919,0xb58d,0x3382,0x3144,0xa845,0xb31a,0x361e,0xb1cf,0xb80d,
    0x304a,0xa92b,0xb46c,0xaa18,0xae61,0x3348,0xac29,0xb0b9,0xb577,0xb830,0x2fd4,0x26cb,0xb06d,0xb03f,0x3704,0xb4fb,
    0x3283,0x3529,0xb58c,0x334b,0xb2d3,0x21e5,0xab57,0x38ad,0xb06c,0xba7c,0xba01,0xb0ff,0x2b70,0xb3b4,0xb20d,0xbad9,
    0xb541,0xb9a2,0xb70a,0x353a,0x2f3f,0xb2b9,0xb80f,0xb1b4,0xbb0c,0xb447,0xb9fc,0xb038,0x36bd,0xbd27,0xb2a8,0xb24a,
    0x37bd,0xb849,0x3023,0xaf8c,0x3e34,0xb1b7,0xa3a4,0xb1ed,0xba2a,0x3c34,0x3e92,0xae6c,0xad83,0xbbef,0xb3e0,0xb5ff,
    0x3236,0x2f60,0xb480,0x3af3,0x3029,0x3707,0xb1bc,0xb21e,0xbc43,0x34b0,0xa8c3,0xb035,0x3184,0xb748,0xb840,0x2d4c,
    0x3652,0xb4e8,0x39c7,0x3acb,0xbb80,0x3533,0x2b0b,0x2f82,0x3455,0x333f,0x3592,0x3006,0xa914,0x3882,0x323e,0x3936,
    0x3d31,0x3923,0x3964,0xb8d8,0xb029,0x395f,0x3360,0x2c52,0x3b84,0xb434,0x387f,0x250c,0x3794,0x2cbd,0xaf1e,0xaf51,
    0x30fd,0x34cd,0xbd1d,0x34ad,0x36e5,0xa780,0x32c3,0x3500,0xb9e5,0x3403,0x367c,0x2e16,0x2e38,0x387c,0xae5b,0xb5ed,
    0x3510,0x3a16,0xb28a,0x358a,0xb025,0xb212,0x30de,0x9f9b,0xad2c,0xb886,0xb911,0x2f49,0xbfb8,0x30a8,0x3953,0x29d3,
    0xba4a,0x305a,0xb836,0xb494,0xb272,0xac82,0x28cc,0x2c4c,0xb604,0x32eb,0xb46e,0x32ab,0xb04c,0x2ea2,0x2995,0x324a,
    0xaf8f,0x31ee,0xb15d,0xb69b,0xb173,0xbc1d,0x3d8a,0x3239,0x3912,0x3a42,0x39e6,0x2a23,0x261c,0xaae9,0xae8a,0xb093,
    0x34fe,0x35c1,0xae66,0x3acd,0xb2eb,0xb431,0xaf9c,0x359c,0xbbbf,0x3bee,0x318b,0xb50d,0xb229,0x3842,0xa22b,0xb3d2,
    0x3438,0xbd90,0xb624,0x310c,0xb2c7,0xb2d2,0x36cc,0xb3b7,0xb5eb,0xb4f7,0xbada,0xb0f0,0xb2e0,0x31c7,0x2cfe,0xa9d8,
    0x3c1f,0x2a08,0x35d2,0x2e09,0xb327,0xb677,0x9850,0xb71a,0x3ae6,0xb92d,0xbc4e,0x2d29,0xad9a,0x3217,0x2b7a,0x2fd5,
    0xb4cb,0xbc86,0x2391,0xb510,0xa948,0xb640,0x3676,0x256d,0x3078,0xb274,0xb861,0x2db1,0x3727,0x3a79,0x36be,0xb49d,
    0xb506,0x301c,0x2c9f,0x39b3,0x351d,0x3556,0xb46b,0x34df,0xba32,0x3101,0x3879,0x30e6,0xac4b,0x3773,0x2896,0xadd3,
    0x31ca,0x31fd,0x3688,0xa211,0x2fc4,0xb5a0,0x386a,0x32d9,0x31b4,0x35e0,0x23df,0xb369,0x3294,0xb9b9,0xb9e7,0xadfc,
    0x3424,0x310d,0x35eb,0x302f,0xbcb5,0xa838,0xb417,0xb465,0x3b13,0x2cdb,0x2873,0xb30f,0xb139,0xb1ce,0x256b,0xaca7,
    0xb4a0,0xb7a2,0x346f,0x304c,0x2e2f,0x39f1,0xb725,0xac83,0x3845,0xaf09,0xa9db,0xaa6e,0x348c,0xb961,0x307a,0x3199,
    0xb07b,0xb81a,0xb666,0xa98a,0xb71a,0xb107,0xb076,0x3845,0x38dc,0xac74,0x32b7,0x31af,0x2dd5,0xac34,0xb129,0xb44b,
    0x38a0,0x3970,0xb8f7,0x3c0e,0xa8ea,0xb75d,0xbec9,0xb3db,0xb198,0xbb74,0xb33e,0x34a2,0x3c15,0xbc87,0x3889,0xb6d2,
    0xba59,0xb87a,0xa9cf,0x3979,0xb3c6,0xadbe,0xaec2,0x2a6a,0x2eb1,0xb7ec,0x37c7,0x2c7d,0xa7b2,0x34ee,0x2e43,0x3a6d,
    0x3911,0xba8b,0x33e2,0x3883,0x2a75,0xbacb,0xb8a8,0x2c8f,0xb240,0x2e90,0xbaf6,0xb23d,0xb20e,0xbc9d,0x2df8,0xa5e9,
    0xb8e2,0x396c,0x2f45,0x30cc,0xbc4d,0x2363,0x2903,0xb4b4,0xb997,0xbbbc,0xb7dd,0xb1ae,0x2cbd,0x38e1,0xadcc,0x27a2,
    0xb4e7,0x2f1f,0xaf61,0xb592,0xaf56,0xb830,0xb013,0xb697,0x2995,0xb63e,0x35bb,0xa5fd,0xb773,0x38e8,0x378c,0xb5eb,
    0xbaa9,0x34bc,0xba3d,0xb83e,0x2e70,0xb804,0xacb1,0x38af,0x356f,0x2cf5,0xb7cb,0x2db0,0xa610,0xbdb1,0xb44d,0xb1e7,
    0x32f4,0xbbfa,0xb794,0xb52e,0xad42,0xb751,0xb6a1,0xb3cf,0xb7f6,0xb856,0xb878,0xb4d1,0x3bf8,0x352f,0xb8dd,0xb7bd,
    0x3272,0x3862,0x3afd,0x36e7,0x3043,0xa53e,0xb0a4,0x3807,0x368a,0xb9b3,0xb04d,0x309a,0xb010,0x33aa,0xafb5,0xaf39,
    0x3b2d,0xb807,0x3327,0xb750,0x2d07,0x31eb,0xbc90,0x2a17,0xb543,0xba3e,0xba1b,0xaead,0xb332,0x30e8,0xb544,0xb2fd,
    0xb777,0x32fb,0x3360,0xb564,0x3313,0xb879,0xb2b6,0x31bb,0x361b,0xb70f,0xa466,0xb205,0xa9cb,0x3b40,0xb16d,0xb54a,
    0x2c1f,0xad81,0xbc11,0x34e6,0xac1c,0xb17c,0xb44d,0xb7cd,0x37db,0xb33a,0xb773,0x28cc,0x33ef,0xae14,0xb9d4,0xb5ee,
    0xb5df,0x37d2,0xb64c,0xb9ac,0xbb9f,0xb27e,0xa47b,0xaaab,0x357c,0xb860,0xb815,0x2fcb,0xac7c,0xafff,0xb164,0xb957,
    0xba81,0xb1db,0xa227,0xb10c,0xacab,0xa71a,0xb8d3,0x291b,0x3723,0x9e0c,0x3301,0x2c1b,0x3250,0xb4b4,0x39a9,0xadf3,
    0xad0c,0x30d4,0x3684,0x36c1,0xb1c9,0x3442,0x3084,0xb11d,0xad0f,0x39a1,0x3800,0x30c1,0xae4b,0xbb36,0x312b,0x280d,
    0x389a,0xb95f,0x9815,0x3672,0xb51f,0x37db,0x38fb,0xac99,0x35e0,0xb3ac,0x3b25,0xab7d,0x32ae,0x2e8a,0x342c,0xb0b5,
    0xb429,0xb8a7,0xb49c,0xb3b4,0x3638,0xb021,0x9ba1,0xb4ff,0xb410,0xb2f4,0x3af2,0xaacf,0xa312,0x26e2,0x3057,0x32d0,
    0x3f6b,0x39ad,0x3341,0x3a97,0x2bf2,0x38c6,0x2d38,0xa4e6,0x2e42,0xbc2d,0x3667,0xa04e,0x3343,0xb2ea,0x32c9,0xb05e,
    0x254f,0x2843,0xb1c7,0xb8cc,0xbe19,0xb920,0xa335,0xb681,0x2f1a,0xba78,0xb157,0xb52f,0xadbc,0xb7ce,0x2994,0x3979,
    0x3d79,0x37b9,0xb6aa,0x2818,0xa4c2,0xa646,0xb100,0x3142,0x2f6a,0x3650,0xbe3a,0xaca8,0x3cbd,0xb545,0xbbb4,0xaf61,
    0x35f4,0x35a1,0x34f1,0xb786,0xb8bc,0xa9e0,0xabfb,0x3288,0xb8fd,0x3d84,0xb6e6,0x2ee1,0x30b4,0x30a1,0x238a,0x36ae,
    0x349a,0xae7b,0xac43,0xbc7a,0x2a41,0x3460,0x3689,0xabe3,0xb0ed,0x35a4,0x2c7a,0x9b2d,0x33b8,0xbb40,0x2a8a,0xb204,
    0xb542,0xb852,0x398f,0x3988,0xb0c8,0x2f01,0x2c3a,0xbc02,0x3a49,0xb571,0xb167,0xac6b,0xac68,0x2eff,0x2231,0x3cd0,
    0x346a,0xbb35,0xb34a,0x3a2b,0xae22,0xb9f7,0xb443,0xb210,0x39f8,0xbac0,0xbd1f,0xb116,0xb43c,0xba01,0xa8cc,0xb0c6,
    0x3697,0xb122,0xb364,0xaea0,0xb025,0x357e,0xaadf,0xb967,0xba26,0xb49d,0xb27c,0x29bc,0xa999,0x217f,0xb362,0xb17e,
    0xbb85,0x341a,0x23f1,0x32bb,0x29a7,0x32ed,0xb185,0xb0b2,0x3476,0xa462,0xb571,0x2654,0xbae7,0xad12,0xb1c3,0xb15d,
    0xb83c,0x31c8,0xb74c,0xbae5,0xb461,0x2d75,0xac55,0xb411,0xb1b3,0xb279,0xb8b6,0xaadb,0x2c05,0xbca3,0xaf68,0xbbf1,
    0x3250,0xb955,0xb859,0xb03b,0x2bae,0xb539,0x39f3,0xb019,0xb99b,0x33da,0x34c6,0x316e,0xba06,0xb867,0x344c,0xaddc,
    0x2d9a,0xb509,0xb2e9,0x2eaf,0x31db,0xace2,0x24f9,0xb891,0xb31d,0xa9f9,0xb90a,0xb46f,0xb3d1,0xaffb,0x1aa5,0x34e3,
    0x38c7,0xb74e,0x2e53,0xba3b,0x2c1e,0xb2e7,0xb83c,0xadea,0xba52,0x36a7,0xb949,0x2c40,0xb89a,0xb353,0xb52b,0xb2de,
    0x3948,0xa853,0xbb8d,0xb36b,0xb98b,0xb709,0xab03,0xaf40,0xbb0b,0xb820,0xb5f3,0xb4ac,0x2c08,0xb996,0xaaf9,0xbd7c,
    0xaaaf,0x2dd0,0x36e9,0x2d8a,0x3261,0x3777,0xb95c,0xabc8,0xbefe,0xb95c,0xb8ed,0xab33,0xbcad,0xb595,0x3811,0x3199,
    0xb763,0x3239,0xb0f1,0xb426,0xb459,0xb0b1,0xb2c2,0xb6be,0x324f,0xb031,0xb5d8,0xb225,0xaedd,0xbf61,0xb422,0x3635,
    0xb1ab,0xb48a,0xb355,0x3448,0x1cca,0xb9d2,0xae94,0x24b9,0x31c0,0xb150,0x38e3,0x30ab,0xb063,0xbb1a,0xb773,0xaca8,
    0xb83c,0xb882,0xaf4d,0xbcea,0xb5f9,0x3026,0xb591,0x3824,0x3d17,0xb92a,0xb512,0xb0d9,0xb20e,0xbd69,0xb63f,0xb40f,
    0x2957,0xb6c6,0xb91e,0xb92a,0xb28c,0xae9b,0xbd07,0xb40c,0xbc1f,0xbeb7,0xb263,0xb00b,0x3e4d,0x357b,0xafe8,0xb2da,
    0x371d,0xaee8,0x2e28,0x388b,0xb7ac,0xb482,0xb322,0x3c98,0x30f6,0x26e3,0xb08c,0xae09,0xadba,0x33a3,0xae52,0xb962,
    0xa978,0xba74,0xad1c,0xb47f,0xb12a,0x3836,0xa541,0xb09a,0xb764,0x3b47,0xb16d,0x2d63,0x36c5,0x304a,0xacde,0xb114,
    0xbbd4,0x99c3,0xb397,0xb8c8,0x3421,0xb7ea,0xb28e,0xb67e,0xb718,0xb608,0xbb96,0xb4b3,0xae82,0xb7a9,0x9f3b,0xbbb6,
    0xb081,0xab07,0xb502,0xbabc,0xace1,0xbbfa,0x3209,0xb52d,0x39dc,0xb5b5,0xa460,0xb213,0xb6fb,0xb843,0xae1d,0xb36f,
    0xbd38,0xadab,0xae09,0x371c,0x9dee,0x32ec,0x30fe,0x2a4b,0x39c5,0x34ac,0x2f7e,0xaa7d,0xb00f,0xb587,0x35ef,0xb653,
    0xb5c6,0x3393,0xb406,0xb9bb,0xb3f1,0xbb3e,0xb3c7,0xb63e,0xaccc,0xaefe,0x3655,0xab38,0xb4d9,0xb502,0xb1ff,0xb5cf,
    0xb975,0x2f2c,0x2d8b,0xb86f,0xb910,0xb9d4,0x3036,0x2d2a,0x376e,0x38a2,0x38c4,0x3180,0xac73,0xb74b,0x3292,0xb04f,
    0x37e7,0x3a57,0xb6dd,0x2f45,0xb3ba,0xb5dd,0xb0f1,0xafca,0x374e,0xbc2f,0xb708,0x1c20,0xb68b,0xb402,0xb4b9,0x2724,
    0x35c6,0xb3d7,0x38c1,0x34e8,0x284d,0x2de1,0xac78,0x380b,0xb659,0x324d,0x2f13,0xb195,0x3183,0x360d,0x3020,0xb22f,
    0x3023,0xb5b3,0x33fa,0x31aa,0x23b3,0xba14,0x295a,0xa4d2,0x3976,0x2d30,0xb44b,0xb0b6,0xbad0,0xbceb,0xae02,0x30b5,
    0xb115,0xb468,0xbe24,0xbdad,0x31f0,0x30bf,0xab57,0x2977,0x38f2,0xb2f1,0x331e,0xaf52,0xb030,0xb9d1,0xb303,0xa087,
    0x2e7e,0xbe71,0xb414,0xb212,0x2476,0xa0e3,0x2644,0x2df0,0x33cb,0xb6b9,0x359a,0xac6f,0xb26a,0x38c6,0x30ec,0xb198,
    0xac5c,0xbaac,0x3169,0x32c4,0xb8a8,0xaab5,0x2ae0,0xb88a,0x24c6,0xb2f7,0x34be,0xb216,0xb37c,0xb53b,0xb596,0x3541,
    0xba21,0x2ea0,0xba34,0xb8ed,0x2eef,0x3781,0x30b3,0xb43e,0xb4b0,0xb5b6,0xb8a1,0xb161,0x388e,0x327d,0x3927,0xb2e5,
    0xaeae,0x3bff,0xae71,0xb5c3,0x3486,0xb32a,0xb1b4,0x371e,0x3a09,0x3825,0xb9ce,0xb1e0,0xb13a,0xbb7d,0xb166,0x3720,
    0xb61b,0xb999,0xb607,0xb78c,0xb1c8,0xb3de,0x3044,0xa8e5,0x3d2f,0xb311,0x38d8,0xb3b1,0xb0c2,0x3642,0x30bc,0xb17a,
    0x304d,0x3498,0x2cb4,0xb09d,0xb4ba,0xa01f,0x290c,0xb430,0xbb13,0x30ed,0xb0e6,0xadba,0x2981,0x34b6,0x289e,0x2ee6,
    0x389a,0xb31d,0xb092,0x3083,0xb25a,0x3b21,0x35aa,0xb1f4,0x37cd,0x2cec,0x384e,0xafd5,0x3225,0x37fc,0xb2cc,0x2c88,
    0xb646,0xb150,0x30b4,0xb4dd,0xb1db,0xb313,0xaca3,0xa6dc,0xacd4,0x3806,0xbb49,0xae71,0x29d8,0xac52,0xb3de,0x3215,
    0x387a,0xb821,0x30ba,0xb490,0xa91d,0x3684,0x39ea,0xb161,0x37f8,0x38f1,0xae52,0xadb5,0xb6cd,0x388d,0x2c29,0xb041,
    0x2ed5,0x3ca8,0x329e,0xb8d2,0xbcbe,0xb554,0xafd6,0xb013,0xb955,0xb56c,0xbbe1,0xb4bb,0xb024,0x3a0b,0x2d1c,0xacf8,
    0xa23c,0x2efa,0xb6d1,0x33df,0xb1da,0xb42e,0x3064,0xb53b,0x3af0,0x3513,0xb951,0xaf5f,0xb21d,0xb7a7,0xa995,0xb2ca,
    0xb34c,0xaef1,0x2999,0xb7cc,0xb234,0x2cf0,0xb18b,0x357d,0x30f0,0xb6c1,0xb44e,0xad6c,0xb349,0xb28d,0x3002,0x376d,
    0xb19b,0x35f8,0xb563,0xb65d,0x29f3,0xaff5,0xad9b,0xb1c7,0x341f,0xb9b5,0xb4d3,0x29c7,0x2fb2,0x326e,0x33a2,0x2913,
    0xb179,0x29a3,0x2e5b,0xbd4d,0xb5f1,0x2b1d,0x339a,0x31e4,0xbde8,0x39a7,0x2d0c,0x29e5,0x3236,0xb167,0xabfb,0x2c16,
    0xb020,0xb4c5,0x337a,0xb8c6,0x271f,0xb317,0x333c,0x2e13,0xa3d5,0x2b57,0xb60b,0x2db3,0xb941,0x2cf8,0xb4e1,0x2cef,
    0x32c7,0x3b1e,0xb3d0,0xb960,0xb6d9,0xa407,0xb083,0xb41c,0x38c6,0x3039,0xb41f,0x2b4f,0x2edf,0xb96d,0xb3c0,0xbc1b,
    0xbc37,0xb881,0xb68c,0xb5ff,0xa7b6,0xb84d,0x3881,0x3055,0xb11e,0x3952,0xb80c,0x2ec5,0x38a2,0xb9c3,0xb8ef,0xb7b1,
    0xbaf5,0xb520,0xb946,0xa99a,0xbabf,0x1dc0,0x2ca7,0xbcd2,0xb952,0xb4c0,0xb96c,0x3041,0x2a96,0x2f16,0xa4e4,0xba5d,
    0xaca7,0xbbbd,0x30c5,0xbb81,0xaab9,0x3619,0x3461,0x22a9,0x37c4,0xb5ec,0x3bc9,0xb053,0xace2,0xb9cc,0x3495,0x324f,
    0xb1e4,0x342d,0x2256,0xb4b9,0x38d3,0xb406,0xb156,0x3853,0x32ff,0xb4f9,0x30f0,0xb250,0xb1e2,0xaefb,0xb06b,0xb609,
    0xb12e,0x28c8,0xb890,0xbd52,0xad55,0xb76a,0x329b,0xb343,0xb9a6,0x358e,0x308b,0xb3ee,0xbd01,0xb873,0xb86e,0xb467,
    0x3936,0x26a5,0xb267,0xb5e8,0x31ca,0xaeef,0xae69,0xa621,0xbad9,0xb6d7,0x3853,0xb74f,0xa958,0x3d04,0xae3f,0x3420,
    0xb424,0xbc99,0x2e89,0x3944,0xb57c,0x38ba,0xb412,0xb401,0x2f92,0x3668,0xb388,0x1824,0x2cf7,0xa679,0xacc9,0xaea4,
    0xb6cf,0xb1b1,0x3567,0xac97,0xac54,0x1cd8,0x2569,0x3542,0x3b00,0xb960,0x2aea,0xb1b0,0xa9f3,0xb9f0,0xb378,0x3dee,
    0x3659,0x343d,0xacae,0xb5bc,0xb06b,0x384f,0xb4d8,0xb3e0,0x345d,0x2797,0x3295,0xb0d5,0x35d2,0xbc28,0xb8e4,0xaedf,
    0xb8d7,0x3642,0xbd2c,0xb545,0xb0a4,0xb04d,0x2d42,0xb3b7,0xac73,0x2795,0xb121,0xae3b,0xa841,0x3440,0x28ea,0xbd06,
    0x31bb,0x3a4a,0x319e,0xb47d,0x21c2,0xbad9,0xaf8c,0x3169,0x34f9,0xb5ed,0xb099,0xb13d,0xba8b,0xaf73,0x36c8,0x30e6,
    0x37ae,0xb499,0xbb8b,0x3799,0xb8df,0x319c,0xaf49,0x2e9f,0xb40f,0xb600,0xb5ff,0x2a56,0xb18c,0x3b17,0xaea7,0x3a26,
    0xbbbc,0xb9bd,0x2dee,0xb037,0x26d1,0x3420,0x35a0,0x2d48,0x31fc,0x2394,0x320b,0xac53,0xb912,0xb58b,0x3405,0x3245,
    0xb7a9,0xb85d,0xaec5,0xac4d,0x30ff,0xb3db,0x31bf,0xb232,0xb455,0xb831,0x32ae,0x315e,0x2851,0xa87e,0xaab5,0x2a0b,
    0x259e,0xb962,0xadfe,0x2fb7,0xae20,0xb415,0xad52,0x31ad,0x2a2e,0xb398,0xb5e4,0xb2cb,0xb5a7,0xa9c8,0x2ac5,0xb159,
    0x347f,0x2b7c,0xacc1,0x2575,0xab5b,0xb775,0xb3a1,0x39b8,0xb294,0xb449,0xb275,0xb044,0x28c3,0xaecf,0xb0ab,0xb43d,
    0x34a7,0xb532,0xa1e6,0xb629,0x289f,0xb2f1,0x25f7,0x30c7,0xbb80,0xb7b0,0xb4d9,0x2e6a,0xbade,0xb97a,0xa3ee,0xabac,
    0xb50b,0x36b9,0x3801,0xb594,0xb8d2,0xb9a9,0xb329,0xa81c,0xacb6,0xbc96,0xace3,0xb46b,0xaf66,0xb4d4,0xadfe,0xa0c2,
    0xb55d,0x3a19,0xb8e2,0x25dd,0xb331,0xb8e0,0xaf47,0xb001,0xba44,0xb517,0x3754,0xb1a5,0x2c19,0xbb88,0x351c,0xb45a,
    0xb612,0xb625,0x35e8,0x2009,0xb063,0xb67d,0xb058,0xb68e,0x35f9,0xad93,0xb43c,0xa5f0,0xb14b,0x2a1b,0xa93a,0xbc46,
    0x3690,0x36d7,0xb43d,0xb7d5,0x24e7,0xb8f1,0xaf02,0xae4c,0xb4ae,0x3378,0x2e85,0x2cb0,0x2cf2,0xb7b3,0x31cd,0xae36,
    0xbc68,0x395b,0xb8c4,0xba59,0xb4e6,0xb63f,0xb383,0x3761,0xb180,0x30e4,0xba87,0x9c94,0xb11a,0x310d,0xb249,0x367c,
    0xabe2,0x2673,0x27b1,0xb558,0x2e14,0xb935,0x35a5,0x30eb,0xaca2,0x32a0,0xaebe,0xa641,0x3a6a,0xb978,0x33d4,0x308a,
    0xb5c2,0xb500,0xb965,0xb6c4,0xb087,0x3546,0xaa64,0x389f,0x33c2,0xb9a4,0xaf3b,0xb283,0xb008,0xbaab,0xaefe,0x377e,
    0xbc57,0x3be7,0xb427,0x3ae0,0xb07f,0xba6c,0xb729,0xadf8,0xb8bc,0x8dee,0x34fb,0xa113,0x3481,0xbd74,0xb479,0x3464,
    0xb60e,0xba05,0xb3a9,0x38ad,0xb906,0xb2df,0xb3b2,0x36c8,0x260e,0x383a,0xb97b,0xb457,0x2950,0xb426,0xb51b,0x2ff0,
    0xb096,0xb713,0xb4e0,0xb059,0xac90,0x3175,0xb667,0xafab,0xb927,0xadcb,0xbb78,0x28b9,0xabde,0xb9d9,0x2cb1,0xb352,
    0x33c0,0xb439,0xa340,0xa847,0xb54a,0x3434,0x2d1d,0x3426,0x3284,0xb0fb,0x3638,0x32d5,0x2d2c,0xb868,0x2d21,0xb42d,
    0x33ad,0xac67,0x3410,0xba2f,0xa714,0xb8e5,0x34a9,0x2ca0,0xb427,0x3099,0x36a5,0xadb9,0x30c6,0xbb2e,0x21ac,0xa444,
    0xac5c,0xb1b8,0x3666,0x349a,0xb081,0xb2f8,0xa9d0,0xb1db,0xa7db,0xb4ca,0xb4b5,0xb6cf,0xb0a4,0x32f3,0xb03b,0x2c71,
    0x2e78,0xbafe,0xb7a0,0xb392,0xb53a,0x314c,0x3842,0xb411,0xb38d,0x3311,0xb82d,0xb514,0xb54d,0xb844,0xaa09,0xb19d,
    0xb8e4,0x35a9,0xbbea,0xb8e8,0x37e1,0xb12a,0xaf0a,0xb306,0xb53f,0x3a84,0xad8e,0xa846,0xb051,0xb8a7,0x2f9d,0xc010,
    0xb453,0x90b4,0x3538,0x32ad,0xb207,0xbc80,0xb87f,0x2336,0xbbf8,0x36a8,0xb76c,0x2964,0xb00b,0xbbee,0xaef4,0xb2b0,
    0xb83b,0x35f5,0x2499,0xbb53,0x2d05,0xadc4,0x2af4,0x3467,0xb9d7,0xb73f,0xba07,0xae9b,0x3218,0x3457,0x3299,0x3c3e,
    0x3a14,0xaacc,0x2de7,0xbe03,0xac64,0xb458,0x3876,0x2e52,0xb4ff,0x2daa,0xb9c5,0xa3fe,0xb864,0xb350,0xa65f,0x2e79,
    0xb45d,0xb1b1,0xb168,0xba76,0x3207,0xb07d,0x2fd6,0x388e,0xbc26,0x2f5f,0xad4e,0xa355,0xad18,0xb952,0xafbf,0x3c50,
    0x37a2,0x37da,0x1e1c,0xb8b6,0xa5a7,0xba24,0x3982,0x2d2d,0xb85e,0x3a49,0x35d6,0xa462,0xb51a,0xaed8,0x2e2f,0xb4f5,
    0xb9e5,0xa4c6,0xade5,0xb8af,0x2c65,0x34c4,0xad4e,0x2ea5,0x396d,0x344a,0xb707,0xade1,0x2e14,0xb786,0x3281,0xb1e5,
    0xb365,0xb90a,0x3705,0xb14c,0x2efd,0xba8b,0x3596,0x322c,0x2eb9,0xb537,0x3b97,0xab36,0x3c48,0xb903,0xa509,0x2d23,
    0x36cb,0x31f7,0x314c,0x33d3,0xa9f6,0x2baf,0x30ad,0x3570,0x3495,0x3b27,0x3058,0xa987,0xb0a2,0xb4af,0x29da,0xaea0,
    0x3604,0xb997,0x35d6,0x9aaa,0x3156,0xb8de,0xb759,0xacec,0x3631,0x3865,0x3945,0x2c5d,0x3b4a,0xbb68,0xb976,0xa759,
    0x3e4d,0xa351,0xb7d0,0x31e7,0x2609,0x2ef4,0x2d6c,0x3890,0xb823,0x33d5,0x3a05,0x2800,0x2c26,0xbe7b,0x3460,0xb0a6,
    0x3853,0x3410,0x3115,0xb1ea,0xb039,0xb6a1,0xb0ab,0xafd2,0xb276,0xb2b3,0x353b,0x2c3f,0xb13e,0xbeee,0xb3c0,0x27f8,
    0x39e3,0x361b,0x233b,0x360c,0xb92f,0x2ea1,0xb161,0x362a,0x3c28,0x3dc5,0xb7af,0x2243,0x2939,0x2c45,0x32fc,0x24dd,
    0x38d1,0xbd11,0x2d2f,0xb8d4,0xafe9,0xb701,0xbcee,0x29bb,0xb8cf,0x3694,0x2dc6,0xa8dc,0x39b9,0xb620,0xb3c3,0xb1d7,
    0xb38b,0xab7d,0x33c8,0xbbaf,0xb4f4,0xafa0,0xab65,0xb4b7,0xb0fa,0xb88c,0xacde,0xa705,0x2965,0xb515,0x28da,0xb07a,
    0xb6a2,0xb219,0x332a,0xa5e1,0x2e84,0xb54b,0x35fc,0x2c0c,0xb8ce,0x336f,0xb513,0x29a6,0x287d,0x2f40,0x3019,0xab11,
    0x3b12,0x346b,0xb648,0xba7a,0x3318,0xb4af,0x2f4c,0xaa7b,0xadfa,0x3811,0xb840,0x2d48,0xa998,0x3e2b,0xb014,0xbe6d,
    0x32df,0xa885,0x283b,0xb52f,0x2ff9,0xb982,0xb943,0xaee0,0x362c,0xb896,0x32ca,0xb0cf,0x309d,0xbab3,0x2fa1,0xa5aa,
    0x3028,0xace3,0x3310,0x35e7,0xb367,0x300f,0x2e2a,0x3069,0x3b26,0xb11f,0x3402,0x24c6,0xaf51,0xb8ac,0x2fd4,0xb859,
    0xb8f8,0x37fb,0x23a3,0xac7f,0xb1dd,0xb223,0x1e9c,0x3260,0x3775,0xb812,0x39bf,0xb220,0x3c50,0xbcf4,0x3493,0x28f6,
    0x1ea8,0xa46d,0x388d,0x3616,0xbc03,0x25c7,0x309f,0xb42c,0x361a,0x3196,0xb459,0x340a,0xa8b6,0x3866,0x2566,0x3609,
    0x39d4,0x3940,0xb50c,0xba3b,0x2886,0xb99b,0x3421,0x2847,0xace9,0x27ad,0x20d1,0xaf3b,0xb599,0xb34a,0x3a47,0xae08,
    0x34e6,0xbae9,0x33f5,0xb7dd,0x2e54,0xb1dc,0x30d0,0x3b57,0xb98e,0xa968,0xb163,0x2c9e,0xa16e,0xb9eb,0xb237,0x3e64,
    0x3d29,0x3887,0xb18d,0xb5d6,0xabac,0x34ad,0xb4d5,0xae71,0x196e,0xb115,0xb7c4,0xb14c,0xb478,0xbc53,0x2e07,0xb13a,
    0x2f50,0x3836,0xb338,0x3969,0xa7db,0x1518,0x3075,0xbc6e,0xb090,0xb86d,0x38ba,0xa88e,0xb0d9,0xb894,0xb0b7,0xba68,
    0xb2bc,0x3496,0xa816,0x3928,0x2a51,0xb137,0x3681,0x2f63,0xb762,0xb8fb,0x3773,0xb02d,0x3211,0x37f9,0xab23,0x34f3,
    0xb855,0x3644,0xb907,0xb998,0xb50a,0xabac,0xaefc,0x35df,0x30e6,0xb746,0xb4e7,0xb39e,0xb4b8,0xb58a,0xb4a2,0xb919,
    0xb8ae,0x3599,0xb5c6,0xaff6,0xab6b,0xbab2,0x3445,0x35ff,0xb0e3,0x359e,0x372e,0xae94,0x3680,0xb256,0xb598,0xb10f,
    0xba3f,0x36be,0xb985,0xb4d5,0xbd14,0xb6dc,0x2918,0x35da,0x357b,0xa8ae,0xb809,0xad6f,0xacaf,0xacde,0xa45a,0x39dc,
    0x3437,0x3496,0x310f,0xbd83,0x306c,0xbe21,0x299b,0xad74,0xbb2d,0xb4da,0x31d8,0xac4d,0xaed1,0xb29f,0xa402,0x2b75,
    0x383d,0xabae,0x3af8,0x3a36,0xb8bc,0x3147,0x2d34,0x196f,0x39fd,0x2aa3,0xb64b,0xa0e8,0xae3e,0x37af,0xb160,0xb0db,
    0xbb4d,0xaa15,0x3546,0x3508,0x26b9,0x2f8e,0xb935,0x2e4b,0xb414,0xb218,0x38a0,0x29b0,0x350d,0xb83f,0x2c5a,0xb3bf,
    0xb6e8,0x3258,0x2e1c,0xb3b9,0xba8b,0xb9c3,0xa57a,0x1ff5,0xb3f8,0xb545,0xaf85,0xb357,0xb122,0x35db,0xb373,0xb8cb,
    0x36d5,0x3d12,0xaa0e,0xb881,0xaece,0xbc2a,0x33e4,0xae21,0xbbe0,0x361b,0xb23e,0xaeb5,0xbb1f,0xbb99,0xb90d,0x2fe6,
    0x3357,0xb0a9,0x378b,0x36b3,0xac67,0xb3a2,0xa64c,0xb94e,0x3185,0x36ee,0x36c5,0xb053,0xa539,0xb61d,0x1bc1,0xaf06,
    0x2386,0xb805,0x33e3,0x38e8,0xb4bc,0x2e59,0x3431,0x27e7,0x32a3,0x3787,0x34ac,0xb008,0x2fbf,0xb82c,0x2d23,0xb13f,
    0xa25d,0xaa21,0x299c,0x16ee,0xaa94,0xb5c3,0xb45e,0xacbf,0x2db5,0xa89e,0xae97,0xb48d,0xb363,0x319f,0xb420,0xb4aa,
    0x2c3f,0xb60b,0xb983,0xa4ad,0xb3e6,0xad69,0x2f8d,0xb75a,0x31a3,0x353c,0xb284,0xb389,0xb2f4,0xb6e8,0x9a83,0xb580,
    0x2db6,0x354a,0xbab9,0xb73a,0x3687,0x329b,0xadeb,0x37fe,0x3730,0x36bd,0xbc09,0xb51a,0xb4ba,0x2dbd,0xb729,0xb2f8,
    0x3415,0x345e,0x34f6,0xb04e,0x3164,0x266d,0xb119,0xb397,0x2fc2,0xb69b,0x341d,0xbaf0,0x3468,0x3142,0x38c7,0x3bd6,
    0x318b,0x35ec,0xb3f2,0x389e,0x3786,0xb317,0xb451,0x384a,0x3901,0xafff,0x31c1,0xac48,0xb9de,0xa2ce,0xb45d,0x38e0,
    0xb8e3,0xb48b,0x2593,0x3c7a,0x2f6b,0x359b,0x3503,0xbc45,0x38e4,0xb31e,0x2bfc,0xbc0e,0xadff,0x34d1,0xb469,0x3d63,
    0xa8e5,0xb90f,0x3617,0x3455,0x3924,0x3922,0xad30,0x3823,0x3513,0x20e1,0xad71,0x3c23,0x28ec,0x3952,0xb000,0x2d60,
    0x362d,0x35a1,0xa494,0x3497,0x34f3,0xad8b,0x2444,0x3689,0x39a1,0xb397,0xb148,0xb1d1,0xb7c6,0xb233,0xb6a7,0x35d7,
    0xbaca,0x352a,0x3432,0x3629,0xb73c,0x39e3,0x2d7c,0x2eac,0x380a,0x2d1a,0x3960,0x3b20,0xae8a,0xbad1,0x3aef,0xb027,
    0x3496,0x39f5,0x3a06,0xb6ed,0xb9d1,0x2ad6,0xa9fd,0x3b21,0xabf7,0xb22d,0x37d0,0xb38c,0x386c,0x3443,0x324e,0xb110,
    0xb97a,0x3678,0xb423,0xbad0,0xaeaf,0x2d5d,0x38ba,0xb2b0,0xb345,0xb6f1,0x341e,0x39e9,0xb598,0xb805,0xaf1d,0x38d3,
    0x3095,0xb04c,0xb416,0x3ceb,0xb37c,0xab04,0x3256,0x3808,0xabc2,0x3ce2,0xb3c0,0xb324,0xb8ba,0x3195,0x2340,0xa699,
    0xb1f1,0x2c06,0x2e7d,0xb1a5,0x312a,0x3686,0xb4a2,0xb8c9,0x3976,0xb085,0x366f,0xa7ee,0x384d,0xb8c4,0x3e46,0x38ed,
    0xa583,0x3d2d,0xaebe,0xb5a9,0x31b5,0xbc34,0xac1c,0xb13a,0x35e0,0x33ef,0x38a8,0xa960,0xb00c,0xb458,0xb595,0xaaac,
    0x35e9,0xb4bb,0xb1ae,0xacb7,0x3576,0xba91,0xb985,0x3106,0x31ff,0x309c,0x2911,0xb002,0xb6db,0x31d0,0x32a7,0xab83,
    0xad77,0x3ade,0x98e6,0x38f5,0xae07,0x36d7,0x31e0,0x348c,0x39f7,0x396e,0x3455,0xaeb7,0xb5eb,0x861f,0x27fb,0xb1be,
    0xb664,0x9773,0xb44b,0x28da,0x2a3a,0x358c,0xadf9,0x30a0,0x28df,0xb948,0x3182,0xb397,0x3d6d,0xb47d,0x3849,0xb18d,
    0xb793,0x325c,0xb9f5,0xb3a4,0x987c,0xb328,0xb563,0x34f8,0xb5b5,0x343a,0xb7b6,0x35ad,0xbb95,0xb29c,0x35f1,0x3c26,
    0x3192,0xabed,0x2a8d,0x2e9c,0x3213,0x32ee,0xa9d3,0xb97b,0x3963,0x38a5,0x375e,0x3885,0xb50f,0x38a9,0x348d,0x396f,
    0x3892,0xacff,0xaa21,0x3b50,0x3abf,0x3428,0x31d5,0x34aa,0xb3d8,0x3109,0x358c,0x30e9,0xb924,0xb0d5,0x3682,0xb01b,
    0x32c2,0x29b0,0x37d4,0x37b7,0x33c0,0xa062,0x34c4,0xb654,0x350f,0x2d86,0x38cf,0xb5be,0x355b,0xb420,0x3941,0xb593,
    0xbc94,0x302a,0x3149,0xb464,0x381e,0x37b2,0x3cfe,0xb139,0xba41,0x38f4,0x33da,0x3273,0x32e5,0x35b4,0x3ccd,0x3ba9,
    0x3036,0xb3b8,0x2f2b,0x2aa9,0x31d4,0x3961,0xbd09,0xb0a1,0x3304,0x3809,0x3896,0x3225,0xa87d,0x2878,0x3249,0xb767,
    0x30c7,0xad80,0x348d,0x32e6,0x33c8,0xb0f4,0x31b4,0xb0ca,0x2976,0xb222,0xa4cc,0xb41c,0xa6d6,0x38ef,0x3018,0x38fd,
    0x29c5,0x3876,0x3af6,0xafe0,0x3406,0x3411,0x2b41,0xb10e,0x2953,0xb523,0xb73f,0xadea,0x36af,0x3a34,0xb99d,0xa067,
    0xb8fc,0x2d3d,0xb90f,0xac56,0x2de5,0xb4ec,0xb58f,0x345c,0x3545,0x3939,0x3410,0x3a94,0xb5cb,0x35a1,0xaf72,0xb0e9,
    0x340a,0xb5a5,0x2be4,0x395a,0xba43,0x3648,0xac2d,0xb132,0xb2af,0x3322,0x34e0,0x2e23,0x38f6,0xb388,0x2d21,0x3077,
    0x39ce,0xb975,0xb7e1,0x372a,0x3910,0xb06d,0xa5f1,0x2a68,0x39f3,0xb484,0x3673,0xb1ef,0x25cc,0x3870,0xb160,0xb442,
    0xaee8,0x3caa,0x3993,0x36ff,0x315e,0x2d16,0x3348,0x343a,0xbbe2,0xbab2,0xad87,0x27b7,0x2b8a,0x3c88,0x3643,0x1701,
    0x3a0a,0xaf2c,0x3bbb,0xba66,0x374e,0x3116,0x335a,0x3458,0x35df,0x3481,0x3860,0x2989,0x2610,0xa9e1,0xb418,0x2c74,
    0x3b4c,0x3920,0xac74,0x34df,0xb5c5,0x3b3f,0xb957,0x318f,0xb648,0xa030,0x38ad,0x3b03,0x3ce3,0xaf4a,0x2c48,0x388a,
    0x3550,0xb1d3,0x355e,0xaf64,0xb4c6,0x3996,0xb6eb,0x3ccf,0x3437,0x3015,0x3199,0xb70e,0xb420,0x356a,0x2eb3,0xb26e,
    0x38c4,0x346a,0x2b93,0x3935,0x3a5f,0x34fd,0x30fe,0x32e1,0x3801,0x36dc,0xbb40,0x3337,0xb82c,0x3064,0x3b13,0x364f,
    0x3870,0xb980,0xb8c1,0x368d,0xb610,0x36ca,0x31c7,0xacf9,0x3c1b,0x39b7,0xb39f,0xb710,0x3855,0x38f8,0x2f1a,0xbc9f,
    0x33c1,0x325b,0xb102,0x3359,0x3692,0x386d,0x3c25,0x3597,0x34de,0x198b,0xbb32,0x3459,0x3c7a,0x25f1,0xaa0d,0xb5a3,
    0xa73d,0xb637,0xb7a3,0xa8ec,0x38ef,0xb1db,0x3c4d,0x2b68,0x349b,0x39e9,0x3499,0xb1f5,0xafb1,0x39cc,0xbcea,0xaf5f,
    0x3c8f,0xb4e9,0xb5c0,0x3c7b,0xa8f4,0xb1aa,0x370f,0x3905,0x394e,0x3733,0x398c,0xb251,0xb909,0x37fe,0xbac0,0x3bfa,
    0xb63b,0xba80,0xb1e2,0x34f7,0xb6e4,0x31b8,0xadb1,0x3435,0x3824,0xbb5a,0xb7e7,0xb89a,0x39fe,0x2b49,0xb7a6,0x3724,
    0x3436,0xb6f8,0x3d0d,0x337b,0xb68f,0xb3ac,0x3d17,0xac43,0xb588,0x36e3,0x2fae,0xbd7a,0xb440,0x3751,0x2c3a,0x3410,
    0xb8c8,0xb272,0xb287,0xb7de,0xac63,0xb8cd,0x3553,0x311a,0xb426,0xb0c0,0xaeb4,0x38b7,0xb30f,0x29ce,0x3a40,0xbb07,
    0x3349,0x31f3,0x3715,0x3621,0x2921,0xa89e,0x3597,0x3391,0x37f5,0x3060,0x3957,0x2478,0x3776,0x3794,0x2b16,0x36c2,
    0xb734,0xb490,0xba55,0x2752,0x3dc5,0x3773,0x3662,0x388d,0x3538,0xb2d9,0x269b,0x2a79,0x3714,0x34ca,0xaab6,0xba53,
    0x3424,0x345e,0xb180,0xaa8b,0xb08e,0xb6d7,0x38fe,0xae39,0x36e5,0x33a8,0xb4ab,0x2600,0x34a2,0xabe9,0xb813,0xb4a7,
    0x32db,0x3545,0x34e1,0xb213,0x3057,0xb335,0xb1ad,0x2e38,0xacd7,0x2d8a,0x3564,0xb021,0x2286,0xb46c,0xb173,0xa8ee,
    0x36c6,0x3529,0xae20,0xa20d,0x2b15,0xb51c,0x3856,0x2cfc,0x387e,0x1e0b,0xb299,0xb3e0,0xb897,0x317d,0x2c18,0xb45d,
    0x31c2,0xb31e,0x31c7,0xb612,0xb512,0xa5f8,0xb653,0x2d0a,0x9f8d,0xb5a8,0xb0b6,0xaf8d,0x2dbc,0xb5b6,0xb46c,0x3660,
    0xa49f,0xb330,0xa588,0x3003,0x2bdd,0xabdf,0xb31f,0xb444,0x2b4b,0xb43b,0xb408,0xb545,0x3015,0x2fe9,0xb108,0x2ede,
    0x360d,0x341c,0x38e3,0x357e,0xb8df,0x3137,0x30fd,0x303c,0xaf2d,0x3721,0xb3bc,0x34c9,0x30d9,0x36f7,0xa9fc,0x361e,
    0xb0bd,0xb1a5,0x34d1,0x3577,0x3947,0x3070,0xb1cb,0x2c7a,0x361c,0x3440,0x3726,0x3674,0x2d5d,0xb071,0xb077,0x36f0,
    0x347c,0x3331,0xa4bf,0x32c0,0x2cfe,0xb55f,0x2ea1,0x3414,0x2e7f,0x36fe,0x30e2,0xb713,0x3435,0x30fb,0x3819,0xa905,
    0x2de5,0xa692,0x23cf,0xa535,0x30aa,0xb11d,0x2dd1,0x27d1,0xa9fa,0x33a6,0xa46e,0xb289,0x3287,0x2c96,0xb312,0xb165,
    0x2eea,0x2c5c,0xac6a,0xb05f,0xb0b8,0xaf39,0x30fd,0x32a7,0x1025,0x267b,0x2d2b,0x2dd8,0x3134,0xada4,0xa81b,0xb032,
    0x1f57,0x3078,0x2a89,0xac53,0xad4d,0x30e1,0x2d6a,0xb1d9,0xa9e9,0xafa8,0x2b04,0xb070,0x9c39,0x3087,0x3095,0x2325,
    0x2e10,0xa8ef,0x294f,0x23db,0x30e2,0x3303,0x2c7a,0xaf07,0xb020,0xb363,0x2508,0xb03d,0x30b4,0xa8e2,0xa5a5,0xb189,
    0x21ca,0xb25c,0xad9a,0xb091,0xb375,0xa90d,0x2020,0xafa2,0xb208,0xa67b,0xb2cd,0x9b6b,0x2934,0xaef2,0x22ac,0x2fed,
    0xa7f3,0xadb7,0x2802,0x31b6,0xb4e1,0x30f7,0x2f29,0xab40,0xaddb,0x32b6,0xacee,0xad1a,0x332e,0xb37c,0x24db,0x320f,
    0xa8de,0x2f04,0x30aa,0x3019,0x3209,0xa5ea,0x286c,0x2a38,0x293a,0x3190,0x2e06,0x3407,0x2db5,0x3339,0x306d,0x3420,
    0xa8a0,0xb02b,0x293e,0x3282,0x2de9,0xa2b1,0x1d3c,0x2434,0x3001,0xae64,0x2925,0xb0a3,0x2c41,0xabbd,0xb3c3,0xaea3,
    0xb7aa,0x1c09,0xb556,0x3443,0xb2ee,0x2aee,0x349d,0x3620,0xb40f,0x3222,0xba0d,0x3073,0x3288,0xbc19,0xafb5,0x32c2,
    0xb707,0xb331,0x2e17,0x1b2e,0xb98e,0x3508,0x3521,0x28cc,0x35cd,0xb660,0xb1e6,0xb0d4,0xaeda,0xaded,0xb1e5,0x3076,
    0x3060,0xb15a,0xba8e,0xb566,0xb978,0xb47c,0xb021,0x393a,0xb877,0xb472,0x3739,0xb41b,0x2dad,0xb64d,0x2a1d,0xae92,
    0xb8e6,0xb538,0xb569,0xb55a,0xb96d,0x34a8,0xb487,0xb700,0xac3f,0xbe91,0xb820,0xbc27,0x34c9,0x3a9f,0xb922,0xaf3f,
    0xb419,0xb415,0x39a8,0x35c6,0xbb99,0xb816,0x3858,0xb3ef,0x30a5,0xb4f6,0x34e3,0xb5e8,0x340b,0xafaa,0xb431,0xb41e,
    0x3489,0xaf2c,0x3125,0xb2b7,0x23ff,0x3b28,0xb564,0xa4cf,0x2ce5,0x3073,0x32ec,0x348c,0xbaea,0xb573,0x2b4b,0xaddb,
    0xb14f,0x378c,0xb492,0xba8d,0xb367,0xb829,0xb26f,0x3162,0x2d06,0x3037,0x2d96,0xb701,0xb8c2,0xb802,0xbceb,0xb69d,
    0xb8e8,0xb9bf,0xba47,0xb4c4,0xb1a7,0xafd6,0xb540,0x20ca,0x32cf,0xb3e8,0xb664,0xbbcf,0x3987,0xb45a,0xad9f,0xb555,
    0x3980,0xb85c,0xab24,0x37a2,0xb453,0x32d3,0x3111,0xbcbc,0x385c,0x34e7,0xb827,0x3c53,0xbc9b,0xa95f,0xb88d,0x332c,
    0xbced,0xb207,0xbaf5,0xb901,0xb464,0xa848,0xb81d,0x2df7,0x3cf0,0xbdb2,0xb185,0xb425,0xb4cf,0xa35b,0x3974,0xb9ba,
    0x2daf,0xb08f,0x3057,0x30da,0xad95,0xb0dc,0xb77e,0xa08a,0xad1a,0xb14b,0x3839,0xb97d,0xb251,0xb07f,0x3d70,0xbadc,
    0xbfc8,0xb763,0xb2c6,0xbc05,0xb91f,0xb967,0x244a,0xbd4a,0xbc85,0xb622,0xbc88,0xb87d,0x371d,0x3a4c,0x383b,0x3abf,
    0xa998,0xa6a1,0x3a89,0xae83,0x3c9c,0x2fa1,0xbf53,0x3931,0xb465,0xb3ce,0x3cc2,0xb70f,0xb4db,0xb812,0x2a58,0xb817,
    0x3c34,0x3e28,0xacb6,0xb03c,0x1e8c,0x345f,0x39e1,0x2918,0x39ac,0xb8d9,0xb69e,0x395e,0x3571,0x3789,0x3c3d,0xb003,
    0x3533,0x367e,0x388d,0x381b,0xb6d0,0xbbd6,0x2c7a,0xb31f,0xaf6b,0xb9af,0xb4e5,0xaa7a,0x35af,0x3964,0xb9d9,0xbc39,
    0xbc74,0x33dc,0xb88d,0xbb25,0x315f,0xb70e,0xb96b,0x39bf,0x31cb,0x3749,0xb8ea,0xb43d,0xb636,0x38fb,0xb652,0x2926,
    0x31c3,0xab22,0xb9cd,0xa531,0xb8c0,0xb13b,0x394e,0x3863,0x3600,0x3ba3,0xb04b,0xb97c,0xae0d,0xb4ea,0x3611,0x3a2e,
    0xb763,0xb755,0xb582,0x2e28,0xb57a,0xb757,0x3902,0x2779,0x39e2,0xa96a,0x36d9,0x2bda,0x354f,0x3d66,0xb806,0x39ae,
    0x2bc1,0x3851,0xb4fe,0xb82c,0xb5a1,0x3b5f,0xbb2b,0x3a4e,0xb738,0xa799,0xab7a,0xb208,0xb575,0xa9cc,0xb960,0x359d,
    0x397c,0xb4d3,0xadee,0xb391,0x2ea8,0x38f6,0xbb7f,0x3123,0xb387,0xbc6d,0x3ae2,0xba9f,0xb111,0xab15,0xb4c5,0xae5d,
    0x35f3,0x2c65,0xbbee,0x3224,0x344f,0x2752,0x3953,0xbb41,0x3a42,0xac9a,0xb21b,0xbcef,0xb8f2,0x3abb,0x3be9,0xb53d,
    0xb95a,0x2de8,0x2ed4,0x3590,0x353e,0x3a46,0xb7de,0x3cdd,0x304d,0x35ec,0x3550,0x3547,0xb03e,0x3999,0x3385,0xb94c,
    0x262c,0x2e7d,0xbdca,0x2dcf,0xb12d,0xb9c1,0xb709,0xaecf,0xada3,0x3a8a,0x3d63,0xbb25,0x33f9,0x329e,0x2d9e,0x310a,
    0x2fc7,0x3916,0xb7bc,0xb173,0x3c8f,0xb89b,0xb7a2,0xb54d,0xbacd,0x38dc,0x3469,0xb75b,0xb8d6,0xaed3,0xba53,0x3b54,
    0x3b7a,0x3608,0xbc4b,0x31f9,0x34b8,0x3a18,0x345b,0xb0fe,0x28e6,0x3678,0xb121,0x2276,0x3bb6,0xae77,0xb0fd,0x38f0,
    0xb311,0x367f,0xb8c0,0xb71f,0x240b,0xb14a,0x3c00,0xb887,0xb092,0x328f,0x3b0a,0x347f,0x3999,0xb04d,0x389b,0x35af,
    0x3708,0x35f5,0x2ef8,0xb142,0x38d5,0xb028,0x2c85,0xb030,0x25c2,0xaa6d,0xbb9d,0x2f08,0xb799,0xb5d7,0xb7ad,0x365d,
    0x347e,0xb829,0x38f9,0x276f,0xb71e,0x3677,0x3267,0xb190,0xb4bc,0xbdda,0x2e15,0xb614,0x3749,0xb653,0x2d2e,0xa20d,
    0xb5bd,0xb2db,0xb611,0x3ca3,0x36d4,0xb631,0xb3f8,0xb44b,0x3876,0xbb69,0x38b9,0x37b1,0x2c86,0x337a,0xb636,0xb77a,
    0x29f3,0xb69b,0x39e5,0x1ffb,0xbaaa,0x3202,0xb9d8,0x3a8e,0x36e6,0xb818,0xb80a,0xae3d,0xab12,0x3b79,0xb7dd,0xab56,
    0xa5de,0xa93e,0x2fd1,0x3a2a,0x1805,0x1337,0x301f,0x310b,0x3b24,0x375b,0x30f1,0x3a65,0xb7b2,0xb278,0xb149,0x2ff9,
    0x317a,0xb812,0x337d,0x39ac,0xb588,0x3159,0xb46d,0x3b6a,0xba84,0x3937,0x3513,0xba65,0x38b8,0xb7cd,0xabd5,0xadac,
    0xb395,0xa82a,0xae87,0x26bb,0xb407,0xad66,0x344a,0xa2f9,0xa746,0xb182,0x2e36,0xafdf,0x2cc3,0x9d42,0x2e1d,0x315e,
    0xa1c5,0xb445,0xb11a,0xaedb,0xb165,0xa548,0x26f8,0xac46,0x2f6e,0xb05f,0xa5c0,0x2d7c,0x2df5,0x33bf,0xae8a,0x2207,
    0x2d15,0x309d,0x33cf,0x30f0,0x9997,0xaebb,0x228f,0xb0bc,0x24e0,0x9a17,0x2342,0x2b66,0xb38a,0xac6a,0xaa24,0x2d65,
    0xb181,0xa71c,0x9c17,0x2548,0x22e2,0xb47f,0xae77,0x2da0,0xb05c,0x21bd,0xb195,0x2cf9,0x303a,0x3084,0xac31,0xafe1,
    0x3278,0x9c8b,0xa52b,0xa840,0x3093,0x13a6,0xadb3,0x2550,0x281f,0x2ea2,0x31aa,0xb34f,0x2822,0xa845,0x2832,0xadc0,
    0x2c4c,0xac45,0x2fd6,0x28b8,0xaa9a,0xaca8,0xb4ce,0xb0ac,0xb278,0xb0cd,0xa280,0xa9bc,0xab2e,0xb04d,0xb1f7,0x1a3c,
    0xad19,0xaa82,0x2c2c,0xaa56,0xb220,0xad93,0xa943,0xb03a,0xb021,0xb04d,0xaf79,0xaa9d,0x30d1,0x2c58,0x2d51,0xb12e,
    0x2f19,0x2ccd,0xae32,0x2723,0xb31a,0xb056,0xb133,0xb104,0xadc7,0x3284,0xae5b,0xb1e6,0x241b,0xadfc,0x2b00,0x2f9f,
    0x2ce3,0xb318,0xa8be,0xa8f9,0xa8a0,0x3193,0xb088,0xa9eb,0x3139,0xab98,0x2cb2,0xb269,0x2b2b,0xa336,0x2548,0x32ed,
    0x2df2,0xb1f8,0x22ff,0x30ba,0x32a3,0x30b7,0x2284,0x2eb4,0x31cf,0x340d,0x31a1,0xb0cc,0x2fd7,0x2e10,0xb28d,0x2b70,
    0x2aee,0x30ed,0x2eec,0xa480,0x2671,0x19c4,0xb0c0,0x2e22,0xa7c1,0xaf72,0xb22e,0xa748,0xafe1,0xaa65,0xa332,0x2cbe,
    0xb055,0xb07d,0x977c,0xb12c,0xb24b,0x9eed,0x2b07,0xb012,0xb0f9,0xadd6,0xadfb,0xa567,0x2474,0xaf69,0xb12e,0xaa07,
    0xad61,0xaebb,0x2995,0x2c30,0xa553,0x2110,0x2445,0xa619,0xaf36,0xad26,0xac15,0xb170,0xaf16,0x2d44,0xac0c,0xb1a6,
    0xb04a,0xacca,0xae4d,0x304f,0x30e3,0xb0cb,0xadd2,0x301b,0x2c68,0x3051,0xa86d,0x2c6c,0xb054,0xa40c,0x309d,0xae5a,
    0x236f,0x3206,0x2926,0xafd4,0xa928,0x3216,0x2c10,0x2c48,0xae45,0xaed6,0xae0a,0xa854,0x2ee5,0x295d,0xb182,0x2b2f,
    0x30d8,0x31b7,0x2c20,0x2b85,0xabad,0xb3df,0xb22f,0x2ed9,0xa97d,0x3472,0xb2b1,0x1364,0xaa6e,0xaf2a,0x2f5a,0x2d49,
    0xb1a9,0x3d78,0x3c86,0xb981,0x389a,0x3133,0xac9d,0xb2ee,0xb17b,0xb0dd,0x3c88,0xa9be,0x39cf,0x386e,0x348e,0x3851,
    0xb150,0x2fe1,0x345f,0xb46b,0xb500,0xa865,0xa82f,0xb7e9,0x3821,0x3995,0xb306,0xb2b9,0x35da,0x2b35,0xb6ab,0x985f,
    0x1314,0x2dcb,0x3bb6,0x35ab,0x362b,0xb625,0x36f8,0xb34b,0xaaf8,0x3631,0x3a96,0x345b,0x3d36,0x3483,0x38f5,0xb8a6,
    0xb724,0x3c51,0xad25,0x3a06,0x39bd,0xb580,0xae44,0xb82d,0x3c3e,0x317f,0xbd20,0x361f,0x311e,0xa9a6,0x35bc,0x38c2,
    0xad5a,0xbb75,0x25bf,0xba39,0x35b1,0xb4ce,0x3c44,0xb9d4,0x3758,0x3bd9,0x334b,0xb423,0x31c8,0x3414,0x371a,0x368c,
    0xb044,0x3b1b,0x33ec,0xa91e,0xb5e3,0xb7d9,0xb44c,0xab47,0x3641,0xb419,0x3562,0x29ca,0xba14,0xba15,0xb1e0,0x98eb,
    0x3c22,0xb956,0x380e,0x3a5f,0x360c,0x353e,0x33ad,0x3068,0x396b,0x2f41,0xb064,0x3777,0x3bca,0x266a,0xb1b7,0xb9c3,
    0x36cd,0xbe9e,0x378e,0x3103,0xb895,0x3596,0x3cef,0xa8ce,0x236b,0xbcd6,0xb4f4,0xb6b2,0xb0aa,0x39ae,0x3a37,0x373f,
    0xa447,0x2d0b,0xabd9,0xae46,0x31d5,0xab33,0x31a6,0x2f82,0x2d3b,0x322b,0xb080,0xb0f9,0x2eb8,0x32dd,0x2eb5,0x31e8,
    0x3656,0x2f88,0x2fa8,0xafcf,0x30e9,0x3640,0xb43f,0x251b,0x2421,0x2cc0,0xa73e,0x2c41,0x3153,0x2d23,0x329c,0xac80,
    0x3233,0x31f7,0xacf3,0xb265,0xa759,0x2cbb,0x3318,0xad9e,0xac8b,0x2b73,0xac14,0x2d30,0x323e,0x305b,0x2e9b,0x2e79,
    0xac33,0x346a,0xaac6,0x3331,0xb40a,0x2fd1,0x3487,0x3045,0xa9c3,0xb193,0x3136,0xad16,0xad6f,0x3485,0x3232,0xad40,
    0xb218,0x2b1c,0xb40c,0x3037,0xb0e1,0x2ffc,0xaa21,0xb6f7,0x310f,0x300b,0xa57f,0xadd2,0x2e0a,0x27b5,0x359a,0x341b,
    0x33fc,0x2f7f,0xa882,0x2478,0xb514,0xadaa,0xac36,0x3428,0xb429,0x34bc,0xb2f0,0x30d8,0x1cad,0xb492,0xb3cb,0xa882,
    0x30b1,0x31ac,0x331c,0xad07,0x3307,0xb0e1,0xa7b9,0xa1dd,0xb21a,0xaf38,0xb089,0xabe5,0x2e4b,0xa554,0xb56e,0xaa61,
    0x301b,0x27f9,0x31d8,0xab1a,0x30c5,0x3180,0x2757,0x2c45,0x2db1,0x336d,0xaedc,0xb044,0xa634,0x2fc1,0x2a8d,0xb10e,
    0x30da,0x3824,0x3c7e,0xa9ac,0x3a2e,0x38cf,0x0801,0xa732,0xb634,0x3e87,0x3db9,0xb95b,0xb572,0xbce2,0x34b8,0x38f2,
    0x3789,0x3c7a,0x3288,0x2700,0xa9a5,0x3232,0xb129,0x347f,0xb116,0xb44c,0xba58,0xb40f,0xbba2,0xb280,0x3ac8,0xb1ff,
    0xba8a,0x3975,0xbd77,0xae8b,0xb118,0xbd0b,0xb86a,0x24c9,0x34e0,0xb83e,0x3174,0xbbc3,0x3417,0x34fa,0xba98,0xb26e,
    0xb26f,0x38da,0x3afb,0x39e3,0x3db5,0x35ae,0xb66a,0xb0eb,0x3b5e,0xb8cf,0x3425,0x3306,0xb54f,0xaef0,0x30f1,0xb682,
    0x3c67,0x39bc,0x354a,0xbed7,0xbc0b,0x3564,0xada8,0xbcf0,0xa7b5,0xb5d7,0x3a76,0x3914,0x3dc1,0x3c9e,0xb299,0x3820,
    0x3d81,0xbaa4,0x3c01,0x1bde,0xbb2d,0xb80e,0xbb4d,0xac94,0x3011,0x3633,0xb990,0x3b44,0x386c,0xb748,0xb9c5,0x3aad,
    0xb38a,0xb07c,0xb511,0xb9a5,0x35e8,0x3067,0xb59d,0x3a25,0x3c93,0xb898,0xb12e,0x34e5,0x3899,0x37ee,0x3cc9,0xb587,
    0xa0b2,0xa916,0x36e3,0xae36,0x34f7,0x341b,0x2d8c,0x252c,0x34ed,0x2f36,0xac95,0x34c2,0x3225,0x35be,0xb63d,0xb267,
    0xb82a,0x32ab,0x349a,0xb55d,0x3044,0xb4aa,0x3a7a,0x3867,0x2aaf,0xa217,0x30d0,0xb21a,0x347d,0x38f7,0x3559,0xb266,
    0xb90c,0xa871,0xabbe,0x38a0,0xb083,0x3d65,0x3f49,0xb6c9,0x224c,0xa8a0,0xb502,0xb62e,0x34ae,0xa8bc,0x34b2,0xb540,
    0x3a9a,0x33f2,0xb4cb,0x354a,0xa52d,0xb145,0xb60b,0x3b8f,0x94e3,0x2d2d,0xb007,0x316f,0xb6cf,0x2e03,0xb679,0x2db0,
    0x3477,0x30fe,0x2c56,0x39a1,0xb053,0xb1de,0x311c,0x3640,0x355b,0xba9e,0xb866,0xb69b,0x34e0,0x3657,0xb7f1,0xb459,
    0xb6c2,0x3c7c,0xa904,0x3111,0xabc7,0xb9d8,0x3d3a,0x32d7,0xb897,0xb92c,0xb18d,0x3b28,0xa84c,0x348d,0x3694,0x380f,
    0x3a78,0xb2e2,0xad2f,0x37ad,0x38af,0x3448,0x3626,0x39f3,0x33ac,0xb7ef,0x3866,0x35ed,0xb2b5,0xb638,0xb888,0xb222,
    0x3523,0xb511,0xb218,0xaf5c,0x3404,0x30d5,0x3f0a,0xab6e,0x374b,0xb69b,0x351a,0x317f,0x3464,0xb2ce,0x32c5,0xb4c0,
    0xb087,0xb124,0x3663,0x36c8,0x3462,0xad3c,0xa035,0x384b,0xb41f,0x3787,0xb2aa,0xa95f,0x3947,0xb9df,0x3408,0x3303,
    0x3740,0x3d4e,0x25e3,0x373a,0x35fe,0x36be,0x37cb,0xb081,0x3187,0xb8b2,0x36d1,0xc0cf,0xbc7b,0x35fb,0x3a54,0xb45a,
    0x2c21,0x3720,0xb96c,0x9cb9,0xb76e,0x38d5,0x3651,0xb591,0xb5f9,0xba07,0x3aef,0x32b6,0x2973,0x30e0,0x35c4,0xbc34,
    0x36a1,0x3083,0xb3ea,0xb42e,0xb196,0x2795,0xb878,0x2c03,0xbe7e,0xb824,0x38f9,0x2df1,0xbd08,0xb08c,0xb354,0x21f4,
    0x30ae,0x3ced,0x32de,0x3890,0xaa1e,0xb182,0x3a3f,0xb684,0xb621,0x3a82,0xba95,0xb182,0xba0c,0x3163,0x379e,0x3657,
    0x37a6,0xb52a,0xb5f5,0x3483,0xb2d8,0x3981,0x30c9,0xb4ec,0xb798,0x3426,0xb261,0xb5b4,0x34c3,0xa4a8,0x3c1f,0xacea,
    0xb6fb,0xbc07,0xb3b1,0x3204,0x37b4,0x3843,0xbe29,0x2ee3,0xbc66,0xaaee,0x20d0,0xb514,0x3617,0x32a8,0xb585,0x3aba,
    0x2af3,0x309e,0x22d1,0x322d,0xb4d3,0x241a,0x3a14,0x391b,0xb3dc,0xb64b,0x3926,0xad56,0xb1e0,0xb4ca,0xb104,0x3922,
    0xbcab,0xb93d,0xbd25,0x3288,0xb563,0xb619,0xadb9,0x3d6f,0xb895,0x3625,0xb188,0xb6f9,0xb8a8,0xba33,0x3b66,0xb2d6,
    0xb805,0x367f,0xb29d,0x3273,0x3644,0x34c7,0xb04b,0x3643,0x291d,0xb458,0xb806,0xb677,0xae6e,0x2b29,0xb4d9,0xb6b9,
    0x2ab0,0x2b7a,0xb635,0xb520,0x2e42,0xb4e2,0x3366,0xb3f3,0x306d,0xb855,0xb0a0,0x2a6d,0xadf6,0x2b60,0x2890,0x2b30,
    0x3728,0x36ab,0xb7b1,0x2995,0x37c6,0x32bd,0xabae,0xb217,0x3676,0x2fd2,0x34be,0x36f2,0x37e7,0x1ff8,0x3686,0x3000,
    0x349c,0x23df,0xa864,0x2603,0xb576,0x314d,0x368f,0x0fad,0x3886,0x2d4c,0x3417,0x32a3,0x9eab,0x33d0,0x2e40,0x351e,
    0x33f8,0x33d3,0x3236,0xaf3d,0x2c2e,0xaee4,0x313f,0x355e,0x324a,0x2fdd,0xad4d,0xb2b2,0x1b5b,0x3372,0x2c25,0xb360,
    0xb577,0x3149,0x249f,0xada6,0xa667,0x38e8,0x30ec,0xac73,0xb851,0x3a45,0x3400,0xb1e7,0xa74f,0x3216,0x30c7,0xb06c,
    0x3416,0xb231,0x3100,0x36f5,0x3243,0xabb8,0x37cb,0xb51e,0x3573,0xb020,0x2fb6,0xa80d,0xa4f0,0x322d,0xb75a,0x3843,
    0xb26c,0x3071,0xb878,0xa83a,0x33b2,0x3314,0x3100,0x2f5b,0xb0b2,0x2a03,0xaab3,0xb7dc,0x3779,0xa503,0x3927,0xaaf4,
    0x2f31,0xad02,0xb511,0xaf7e,0xb993,0x354b,0xbdee,0x2b61,0xa6c7,0x3b07,0x3640,0x3806,0x3823,0x297e,0x2d0e,0x381d,
    0x31ec,0xb144,0x3d92,0x2ddb,0xb5e1,0x3a7f,0xb5be,0xab35,0xbc80,0x3585,0x322b,0xb49f,0x353b,0xb7c1,0x3187,0xb1a8,
    0xba13,0xb05f,0xb2fe,0x326f,0x38f6,0x3963,0x332e,0x2fb1,0xb939,0x3b8a,0xaff3,0xbc16,0xb5da,0xb5d8,0x387c,0xb1c4,
    0x3a7c,0x362f,0xa548,0x2e5e,0x29ef,0x3573,0xb7cd,0x34d2,0xb2d0,0xba0a,0x2c51,0x3610,0xb2de,0x3a38,0xb00c,0xb23d,
    0xb531,0xba87,0x3965,0x336f,0xb880,0xa881,0xaf75,0x3582,0x365c,0x323b,0xb2c5,0x3af2,0xb7ef,0x387f,0xb4f7,0x3cf3,
    0xac6b,0x35a6,0x2feb,0xb36c,0x3887,0x3363,0x36f8,0xb065,0x35c7,0xb3d8,0xb05c,0xb56a,0xb4ca,0x357b,0xb730,0xba15,
    0x34ba,0xb327,0xae21,0xb760,0x3a56,0x3cf0,0x392b,0x350b,0x3a4c,0x3415,0xb705,0x398a,0xb7b3,0xaec0,0x3a82,0x95f5,
    0x2dee,0xb9f2,0x3406,0xb6aa,0xb7a1,0x3816,0x3215,0x32a0,0x3728,0x395f,0x3a9f,0x1fd1,0x3834,0xa90d,0xbcc5,0xb8f3,
    0x2880,0xb0d7,0x3010,0x1ed4,0xaf4e,0x3194,0x2645,0x2c44,0xb0a5,0xa709,0x21f4,0x2d4d,0xb20b,0x2fe8,0x30ed,0xada8,
    0x301b,0xb253,0x2f24,0x24c1,0x3152,0x25c2,0x2443,0x323c,0xb1e4,0x2fe2,0x2629,0x272c,0xae98,0xb0c2,0x3164,0xac0c,
    0xad4a,0xaf56,0x2e76,0x2ebb,0xaada,0x2e9b,0xaae8,0xa976,0xa12e,0xaf9b,0xa999,0xaead,0x3094,0x27d6,0xaf3d,0x2d26,
    0x2afb,0x304a,0x3063,0x2693,0x2fcb,0xae01,0xb06b,0xae72,0x2c0e,0xb337,0xac58,0xab32,0xac29,0xb057,0xaefa,0x3123,
    0x3194,0x3208,0x30d9,0xb231,0x9c3e,0xa8c4,0xb0b4,0x3032,0xace4,0xb32b,0x2936,0x25b0,0x2c54,0xb08a,0x3022,0xb264,
    0x26f6,0xb0e7,0x30ab,0xb357,0xae51,0x2a19,0x2c16,0x31fb,0xaf72,0x300e,0x314a,0xb02f,0xa436,0x24c8,0xb01b,0xa90e,
    0x341a,0xace7,0xa029,0x247d,0x2f76,0xaed8,0xa597,0xae4c,0xb228,0x177f,0x3143,0xb2de,0x9ff3,0x251f,0x2e94,0xade4,
    0xa79a,0xa8f1,0xac5e,0x281c,0xaac0,0x2d14,0xa2b5,0x24f2,0xb171,0x3348,0xb29b,0xb15f,0x3117,0x2f62,0xb0c3,0xaea8,
    0x2ea0,0x3580,0xb7a8,0xb4e6,0x3993,0x3c52,0x3f80,0xb29b,0x36e0,0xb712,0xb8e6,0x3571,0x3960,0x3587,0xb44c,0x3484,
    0x35fd,0x315a,0x3c5a,0x3535,0x34ad,0x33c8,0xb59b,0x3510,0x34f9,0x36a9,0xb321,0xa720,0xb20b,0x2bbd,0x37cb,0x3a08,
    0x3688,0x3887,0xb741,0x35d7,0x3867,0xbbf5,0x3207,0x398b,0xb889,0x2ee3,0x3890,0xb177,0x3126,0xa4da,0xb532,0xb4fe,
    0x32b7,0xb161,0xb485,0x3767,0xba11,0x382f,0x35e9,0x2a2f,0x361d,0xb9f4,0x3408,0x388b,0x2b64,0x35d6,0x34a0,0x25e3,
    0x282a,0x3791,0x3921,0xb27b,0xb17f,0x3acb,0x3ea2,0xb938,0x2096,0xb8ce,0xbab6,0x32af,0x3a61,0x3868,0x34ba,0xb932,
    0xb64b,0x3647,0x3716,0xb1a1,0xbaaf,0xb8c5,0xa1a9,0xb748,0x3574,0x2c4c,0xb83f,0xbb3e,0xad6d,0xbb8e,0xb4ba,0x3673,
    0xb434,0xbb29,0x2fcd,0x3d4c,0x2ef7,0x37e1,0x36ba,0xadf2,0x3943,0x3312,0x2884,0x2cc6,0x38e2,0xb050,0xad2e,0xb987,
    0xaf05,0xb1b5,0xb139,0x3747,0xb641,0xaf51,0xb68c,0x3945,0x3a5f,0xb081,0xb34c,0x3492,0xb01f,0x39bc,0x377b,0xac5b,
    0xb722,0x3a87,0x379e,0xaa14,0x38e7,0xb607,0x364e,0xb8ec,0xb597,0xb73e,0xb8d1,0xb4a0,0xb414,0x3c07,0xaa54,0xb26b,
    0xaf07,0x3c8f,0xb496,0x3cf7,0xb0f4,0xb85e,0xb4af,0xb4fb,0x34d0,0x2ef4,0x38cd,0xb2ca,0xb460,0x2a27,0x3729,0x3818,
    0xb1d9,0xb850,0xb172,0xb915,0x3ab1,0xb965,0xb006,0xb66c,0x293c,0x2c06,0xb898,0x39e6,0x3aeb,0xb80b,0x3a79,0x3425,
    0xb5fa,0xb44f,0xa324,0x31c8,0x36e3,0x343e,0x3be3,0xb5be,0x2cec,0x3264,0x3d49,0x2204,0xb796,0xb89d,0x347f,0x31d3,
    0xb728,0xb85f,0x3759,0xb210,0xb700,0xaca6,0x3984,0x3943,0xb0e7,0xb1f6,0x3434,0x31d3,0x3099,0x26f2,0xb1f2,0xaf6a,
    0xb635,0x346f,0xb0a6,0x334a,0xb4ab,0x3237,0x3a26,0x33f1,0xb4f8,0x2fb0,0x3f92,0x2ce5,0x32d1,0xb876,0x251f,0x3923,
    0x2e9c,0xb4c8,0xb8c7,0x357f,0xb493,0xac64,0xac67,0x35bf,0xb74d,0x285b,0x397f,0xb509,0x3983,0x382e,0xbaf7,0x37fc,
    0x3411,0x35cf,0x28af,0xb3f2,0x3730,0x2c29,0x3772,0x381c,0xb249,0xbbbc,0xb109,0xb6ff,0x3cca,0xb58f,0x3a83,0x2c47,
    0xae4e,0xafe6,0x29cb,0x2f74,0xb418,0xa95d,0x2fa7,0xa56d,0xb41a,0xa640,0x2409,0xa9e5,0x2f6b,0x2384,0xaf10,0x343c,
    0x2a94,0x3102,0xad82,0xb25a,0x2a57,0x3042,0x159d,0xae9d,0x3031,0x33a1,0x95b7,0xa4d7,0x2e4a,0xae61,0x3064,0xb32d,
    0x2ac3,0x2e6a,0x2c63,0x2eef,0x2a60,0xb270,0x3455,0x3184,0x317e,0x2c26,0xb154,0xb1f5,0x28e6,0x2c39,0xa751,0x2ada,
    0xb33e,0x2902,0xadc7,0xaf00,0x3554,0x3461,0x307d,0xaf34,0xb0aa,0x2857,0xac41,0x30f6,0x9cd3,0x294e,0xa426,0xafcc,
    0xa923,0xaf38,0x2c9d,0xb447,0x245c,0xb129,0xb0eb,0xa0b7,0xb416,0x2c74,0xad67,0x30d8,0x3143,0x25a2,0x37b5,0xb377,
    0xb267,0xb09b,0xac20,0xb332,0xb092,0xab2f,0xb3f8,0x1d29,0x2f52,0x30fa,0xb2b4,0x29c4,0xa77a,0x2550,0xac06,0x3427,
    0xb134,0xac33,0x2001,0x30d2,0x28fb,0xb3b3,0xac04,0x269f,0x2c00,0xab3b,0xb13b,0x253c,0xb05f,0x34cd,0x1a9d,0x2870,
    0x2c38,0xaf94,0xb0f1,0x357c,0xa83d,0xb2b2,0x1c43,0xb4aa,0x2b9b,0x2b0d,0x22a5,0x2752,0x31f3,0x32f5,0x32a5,0x2867,
    0x2ad8,0x3a4c,0x384b,0xb85a,0xaa13,0x323c,0xb0e9,0x38d2,0xaeea,0xb28e,0x3751,0x3201,0x2b84,0xb57a,0x3934,0x3bbd,
    0xa885,0x3945,0x381f,0x3d2d,0x3813,0x2a8a,0xb161,0x3396,0xb494,0x3c8b,0xb199,0x3988,0x395a,0xa0e1,0x3863,0x339d,
    0xb5c8,0x3cc3,0x3913,0x38d1,0x32e2,0xa5c8,0x2fbe,0xafcd,0xbc15,0x3885,0xb8a3,0x3842,0x3568,0x3a7a,0xacce,0x38bc,
    0x314a,0x31bc,0x25ec,0x3208,0x347f,0xb50c,0x3a32,0xaff7,0xb739,0x2cf1,0x34ff,0x35cc,0x3087,0xb476,0xb4aa,0xbb7e,
    0x3a8d,0x3339,0xac50,0x349a,0xb6ad,0xb589,0xb7a8,0x2cfc,0x3b72,0x37f5,0x3545,0xb7c5,0x353f,0x2e96,0x300e,0x3a82,
    0x11f0,0xac7e,0xb578,0x3691,0xb45a,0x3521,0xbc9d,0xb597,0xac13,0xb39e,0x35c4,0x3238,0xb921,0x2bc5,0x3595,0x3a84,
    0xb8e9,0xb8c4,0xb9f5,0x361d,0x35d1,0x383e,0xb1ad,0x3a5c,0x3ba2,0x38a1,0x3bc8,0x26b8,0x343c,0x3131,0x342b,0x3bdf,
    0x34a6,0x39ba,0x35e3,0xbc51,0x32f4,0x3b36,0x38af,0x385c,0x2c68,0xb350,0xb9f0,0x38db,0xb6ba,0x2cdb,0x276f,0x1ade,
    0x31db,0x30d6,0xb9ec,0x3443,0xb78a,0xb708,0xb4b7,0x3806,0x3512,0xb22b,0x342b,0xbbdc,0x3292,0xb7b5,0xb6a5,0x387e,
    0x358a,0xb47e,0xa94e,0x3cd5,0xb277,0x2a62,0x3a52,0x3695,0x38d1,0xba8f,0x35c2,0xba4f,0xb442,0x3552,0x349c,0x3aa3,
    0x39a9,0x2db7,0xb9d2,0xb5ab,0xb895,0x38b0,0x3516,0xa652,0x3c42,0x2c84,0x319a,0xb497,0x3079,0xb649,0x3d14,0xb304,
    0xbe67,0x3e2f,0x380b,0x365a,0xb326,0x379e,0x2f13,0x39ce,0xb674,0xbc1e,0x3976,0x3871,0x2118,0xb6b2,0xb59f,0xb45c,
    0x31db,0x9ac3,0x2fae,0x37d8,0x2c39,0x386a,0x308a,0xb895,0xb21b,0xba94,0x36ee,0xb8f6,0x34b7,0x29b7,0x2cf8,0x34ce,
    0xa98e,0xb657,0xafed,0x3c5c,0x3dd5,0x32bd,0x3166,0x38e5,0x2f76,0x3521,0x36dd,0x36ac,0xacc4,0x36fc,0xb88e,0xb30c,
    0x3330,0x3029,0xb88b,0xb148,0x2c9e,0xb1e5,0x35ce,0x399d,0xb6d0,0xb6fc,0x3c5b,0x343e,0x39f3,0xabaa,0x31ca,0xb923,
    0xb47c,0x3a00,0x37e7,0x36fb,0x376b,0xb6ce,0xb4bf,0xb66e,0x3433,0x349b,0x3811,0xb4d8,0xb2f0,0xb4e3,0xb806,0x35f9,
    0x3a98,0xbd24,0xbaf2,0x38a2,0xb9b6,0xaed0,0xac99,0xafa6,0x356a,0xb47e,0x3104,0xba19,0xb8a5,0xb88d,0x347c,0xb8ab,
    0xa9fc,0xb0a0,0x3007,0xb9f4,0x3c5a,0x3057,0x3355,0xb4be,0x31de,0xb37c,0xb345,0x3273,0x303e,0x2c1b,0xa5b7,0x2e64,
    0x2e89,0x3a7e,0xba13,0xb5a3,0x2e90,0xbc44,0xb403,0x3497,0xb522,0x2b14,0xb6df,0xacbe,0xae92,0x2ca1,0xb6e1,0xb3c1,
    0x37cd,0xb4d2,0xb83a,0xb8d4,0x387e,0xa1eb,0xb088,0xacfe,0xb939,0x349a,0xb02a,0x3732,0xb12c,0xbca9,0xaff0,0x354a,
    0xb130,0x370b,0xb11a,0x3a3a,0x31f9,0x3241,0xbf4b,0x2a78,0xb5dc,0x1e52,0x3564,0x2c48,0xb433,0xb194,0x38ca,0xac41,
    0xb894,0x3801,0x31b2,0xa8c5,0xb74e,0x3279,0x3644,0x3c31,0x2169,0x3c0f,0x3411,0x30dd,0xb347,0x398b,0x393f,0xace2,
    0x33a2,0x397a,0xb424,0x3495,0xb3c0,0x3012,0xb8c9,0xabe8,0x3597,0x36a7,0xb65a,0x24a5,0x251f,0x344a,0xaffe,0x3889,
    0x1c30,0x3642,0x35d3,0x35a4,0x38d7,0x38cb,0xb555,0x23ed,0xadbe,0xb843,0xabf4,0x358a,0x38ff,0xb3c9,0xad21,0xb852,
    0x2ea6,0x2907,0x2ad6,0x29e2,0x2d47,0x312b,0xb0f7,0x30e2,0xb1ad,0xac05,0x2de4,0xad85,0x322c,0x316c,0xb2f8,0xb023,
    0x270b,0x30d1,0x2d96,0x3211,0x2519,0xaebf,0x95f5,0x2475,0x2e63,0xafeb,0xb345,0xb042,0xad06,0xb0ea,0x299c,0xa1f8,
    0x31fa,0x2d26,0xaf99,0xb293,0x9fba,0xa8df,0x2a98,0x30ab,0x307d,0xb029,0x2d29,0xad61,0x3077,0x2d31,0xb42b,0x1c6c,
    0x292f,0xa9c8,0xac20,0xa6de,0xae3d,0x2c1b,0xb052,0x2f92,0xb1ae,0x247e,0x2e81,0xacd5,0xacac,0x3437,0x2d12,0x3296,
    0xafd8,0x2022,0x33cc,0x2eea,0x2ca0,0xb1c6,0x2b1d,0x2714,0xb06b,0xaa2e,0x3131,0xb315,0x3073,0x2ce0,0xaed6,0xb0ee,
    0xafcf,0x3132,0x313f,0x2db0,0xa744,0x3167,0x2fb9,0xabe6,0xafca,0x2d13,0xb10e,0xb03f,0x20bf,0xafc4,0x316f,0x2767,
    0x2fbc,0xb1ea,0x9d3b,0xb476,0xacbb,0xb106,0x2e8a,0xacf0,0x18a8,0xb0db,0x2d3b,0x1dbf,0x2dfe,0x33e5,0xb0d1,0x285c,
    0x2ce3,0xb068,0x3127,0x2b03,0x2b9d,0xb004,0x2058,0x2daf,0xa8c4,0xad17,0xadaa,0x2d07,0xb1ec,0xa5c8,0x2168,0x2dca,
    0x3831,0xb729,0x3493,0xb34d,0xb9a6,0x38f8,0xb2e4,0xaef5,0x28ed,0xb050,0x3832,0x3c10,0x3379,0xb73a,0xaa6d,0xa981,
    0x2a2b,0xb939,0x2a2d,0xbd2b,0xb177,0x2582,0xb5be,0xb80c,0x358e,0x3858,0xb5dc,0x316e,0x27fa,0xab1e,0x3c5f,0xa53b,
    0x2790,0xb2be,0x346e,0x30bf,0xad96,0x2d62,0xb9cf,0x1f5b,0xbbc4,0xb534,0xb504,0xb955,0xb2e7,0x3101,0x3f9a,0xba34,
    0xb755,0x3cce,0xb85c,0x27e6,0xb66e,0xb9a1,0xa96d,0xacd9,0xabf1,0xba07,0xb893,0xafb0,0xb6cc,0x3490,0x3477,0xbacf,
    0x2d98,0xbb66,0xb010,0xb7a9,0x3802,0x34e0,0xbba0,0xb021,0xb199,0x33b1,0xb9c5,0xbb41,0x3027,0x301a,0xb620,0xb3fd,
    0x3ae2,0x3803,0x33ef,0x2e95,0xb696,0x3410,0xb808,0xbe43,0x3d50,0xb592,0xbbc0,0x3616,0x352d,0x34cb,0xb06b,0xb0b0,
    0xbc27,0x303a,0xad22,0xb484,0x2061,0xba3c,0xbc27,0xb5d8,0x3585,0x32ae,0xaac5,0x97b1,0xb112,0x38c8,0xb671,0xb05d,
    0x36a3,0x36e6,0x3245,0xb81e,0xaa6b,0xb9c7,0xb42f,0x31da,0x38b5,0x3c37,0x2ee9,0xba51,0x3a54,0xac6b,0xb8b4,0x3645,
    0xbb74,0xb034,0x3fff,0x3367,0x3cde,0xba81,0x3a30,0xb5e6,0x399c,0x980e,0x3167,0xacba,0xb54e,0x3227,0xbcd4,0x3cf0,
    0xba2e,0xb283,0xbd71,0x398a,0x386a,0xa644,0xb903,0xb68f,0x38b7,0x34be,0x3b9b,0xba68,0xb37e,0xa28e,0x3b26,0x3958,
    0xa985,0xb8bc,0x34cf,0x343a,0x388a,0x3b7d,0x296b,0xbb50,0x39e8,0x3520,0x249c,0xb056,0x2a46,0x9cac,0x30cd,0xb914,
    0xb169,0x3925,0x3624,0xb84c,0x3091,0xb1f4,0x3c0f,0xae60,0x259e,0xbc79,0x3499,0x384c,0x3c80,0xaa03,0x3e30,0xb139,
    0x35c0,0x3348,0xa8fa,0x3c3c,0x3b2f,0x3b18,0xba77,0x379a,0xb812,0xb0f2,0xaace,0x3941,0xbb4e,0x39ff,0x3ae4,0xb2ba,
    0x366c,0x3899,0xac6c,0x3557,0x38e6,0x380d,0x32c1,0x3bcb,0xbc52,0xb84a,0x370b,0xb740,0x3d13,0x3b2b,0xb534,0x3806,
    0x3b00,0xb150,0x3a54,0x33f5,0xb8af,0x356e,0xbb01,0x3b65,0x390b,0xba5f,0x383a,0x33a8,0x35f1,0x3ab9,0xa86c,0x3077,
    0x37bc,0xbb1e,0x32a8,0x3626,0x3306,0xb7f9,0x3877,0x3805,0xba22,0x395e,0xb42b,0xa119,0x3a1d,0x3644,0xb2dd,0xac4e,
    0x38bf,0xb915,0xb71f,0xae4c,0x2e94,0x24e7,0xb7ec,0xbd0c,0xb5c4,0xb807,0xb042,0x3b1a,0xb806,0xb907,0xb8d8,0x3ae3,
    0xacf5,0x34ac,0x341f,0xb7a0,0x3706,0xb7f0,0xb9b7,0xb9a1,0xb28e,0x2f7d,0xb2b0,0xb24d,0xb41e,0xb906,0x2ff8,0x28b5,
    0xb44b,0xb030,0xb7d0,0xaf6b,0xabb5,0xad45,0x2e8d,0xb9bd,0xb60e,0xb7c0,0xa533,0xb092,0xb3ff,0x3692,0xa957,0xbb65,
    0xbeb7,0x9d83,0xb6fb,0xbe66,0x3542,0xb8b6,0x3234,0xb868,0xaf71,0xaa38,0xbb7c,0xb6ee,0xb6ee,0x3150,0x2ec7,0xaa89,
    0xb72a,0xb505,0xb523,0xad24,0x3ce3,0x3664,0x380e,0x3acd,0xb423,0x37f9,0x3bdf,0xb087,0xae44,0xaa92,0x2ea6,0xb524,
    0x2937,0xb620,0xa93c,0x9dcd,0xb43e,0x3df9,0xb45d,0xb51d,0x3b11,0xb247,0x35ba,0x3467,0x3ac7,0x9b57,0x32dd,0xb170,
    0x3871,0xb9a5,0x296e,0x25b0,0x3505,0xb9a8,0xb6fc,0xb61e,0x332f,0xb697,0x386c,0xb1bf,0xb432,0xb086,0xba77,0xb1c4,
    0x31e6,0x960a,0x3810,0xbbbd,0x2a4e,0xad1f,0x379b,0x2e61,0x35f6,0x308f,0xb48f,0xb5ca,0x38d5,0x3432,0x30f6,0x3d87,
    0xb095,0xa8a0,0x2b74,0x2c6f,0x2ba6,0xacf3,0x2984,0x1f70,0x3556,0x30c8,0x304c,0x2c26,0x2d94,0x2bcb,0xaa61,0x2fb5,
    0x1149,0xb064,0x8e7f,0xb46c,0xa32b,0xa093,0x305f,0xac22,0x9fe4,0xb3d8,0xaee1,0xb1e7,0xae18,0x29ae,0x2a07,0xafa0,
    0xb058,0xa972,0x2a5a,0xa454,0xaf09,0x3202,0xa939,0xa6cf,0x30c2,0x2c17,0x32ed,0x2d25,0xa280,0xa999,0x2cc6,0xadf0,
    0x2ff4,0x29b3,0xa552,0x334f,0x2228,0x2d0e,0xb430,0x323d,0xa652,0xa51c,0x2053,0xb165,0x25fb,0x339b,0xab32,0xafb8,
    0xad7a,0xb335,0xac34,0x3465,0xad0b,0x34cf,0x2e58,0xad08,0xb330,0x2ee0,0xa55b,0xb0ef,0xaf28,0x2a8e,0x3034,0x32c4,
    0xa5e7,0x32e8,0x2c13,0x2fad,0xaf76,0x2fd2,0x2ba3,0xa580,0x2aeb,0xa1d7,0xaae7,0xac2e,0x1bd0,0xb4ec,0xb21b,0x28bd,
    0xa5a4,0x2eaf,0x307c,0x323b,0xb177,0x2206,0x2d12,0x3425,0x1f1b,0x23ee,0xa81c,0x2aa1,0x3113,0xad13,0x2da2,0x2ea1,
    0x352e,0xae2f,0xa81c,0x316d,0x2dc6,0xaf88,0xabdd,0x326d,0xaf99,0xb20d,0xb1e8,0xaec3,0x31db,0xaef1,0x2f95,0xb293,
    0x238c,0x3274,0x31c5,0x34a1,0x31c1,0x3834,0x31a5,0x2cd8,0x35df,0xb3a4,0xb401,0x341d,0x362c,0x3685,0xb57b,0x3660,
    0xb013,0x3729,0x315e,0x3b40,0xb2ea,0x34aa,0x33fa,0x365a,0x35a7,0xaf59,0x33b9,0xb5a5,0xb40a,0x1c73,0x351f,0x3808,
    0x3566,0x35fe,0xb430,0x36b7,0xa956,0xb193,0x3436,0x3686,0x389a,0x38ec,0x3dc1,0x31d2,0x3824,0x3a06,0x3888,0x3b4a,
    0xb29b,0x37aa,0x3304,0xac90,0xad23,0x34b5,0x388e,0x3669,0x34ce,0x2d5a,0xb91f,0x35df,0x3143,0x3d6d,0xb04b,0x34e9,
    0x373b,0x35cc,0x3614,0x3136,0xb24a,0x36e9,0xb405,0x3b63,0x3841,0x394c,0x3bbe,0x3857,0xb369,0xb034,0x2808,0x3728,
    0x3a6d,0xb0ec,0x2d70,0x3ab7,0x3a13,0x36ce,0x342f,0x39c4,0x3638,0x328e,0x3b00,0x3263,0x3d4a,0x319f,0x3601,0x3390,
    0x384d,0x39ca,0x35fa,0x365b,0xb561,0x378a,0x3792,0xb5d1,0x3dea,0xba0e,0x36f9,0x330b,0x3c02,0x3360,0xad37,0xb45e,
    0xa91b,0xb77d,0x288d,0x35ea,0xb211,0x2c6a,0xb864,0xae3e,0xaeeb,0xb2a4,0xa227,0x387b,0x28e6,0x3164,0x2865,0x303c,
    0x1a36,0xadb8,0xa857,0x2f54,0x21b0,0xb043,0xa5cb,0x2f8c,0x9c6f,0x35a2,0xa43a,0x32a6,0x3378,0x37a3,0x2c91,0xb419,
    0x2089,0xb265,0x2c60,0xb2cc,0x3455,0xabe4,0xa8ae,0x2dd7,0x3388,0x2b49,0xb043,0xa5cf,0x2c38,0x34b4,0x2a43,0x2d14,
    0x2452,0x2de1,0x20ea,0x3488,0x3569,0xaf3f,0xb075,0x3168,0x34c1,0xb445,0x309d,0xb44d,0x33e9,0x27ae,0xa795,0x30b8,
    0xb456,0x2c32,0x31b1,0x2a63,0x35d8,0x3551,0xaf43,0x31af,0x3140,0xb25a,0x2451,0x30ac,0x318a,0xb161,0xb6b4,0x2419,
    0x33b7,0xae75,0x3517,0x3476,0x308c,0xb01f,0xa9c9,0x3178,0x318a,0xb420,0x343e,0xb20c,0xb209,0x3150,0xa84f,0xaed5,
    0x2d22,0x2c1a,0xb43f,0xb57c,0xae99,0xb2c7,0xa654,0x201d,0xb3ef,0xb0ae,0xadba,0xa6db,0xae4f,0xa901,0xac2b,0x2e9e,
    0x2ba9,0xb11a,0xae7a,0x2f12,0x3450,0xaf34,0x2aaf,0xb031,0xaab1,0x2ead,0xa75c,0x3366,0x2bd0,0x3804,0x9f85,0xa9cc,
    0xa8bf,0xb569,0x342e,0xb38f,0xae08,0xb42b,0x3281,0xb13c,0x34ff,0x2dd3,0x2c1a,0x3066,0xaac4,0x30d9,0xb397,0x2b75,
    0x34c8,0x2ce8,0x2642,0xb56a,0xaca9,0x25cc,0xaf7e,0xaee9,0x2e0c,0x278c,0xa987,0x26f0,0xb71f,0x2df4,0xad07,0x311d,
    0xa08e,0xa516,0x2b5b,0xb84b,0x2eb9,0x30b4,0x36b4,0xa5fe,0xa9a9,0x2168,0x30ba,0xaa10,0x3157,0x2adb,0x323e,0xb2c9,
    0x3505,0x26d8,0xac3e,0xa4a1,0xaf53,0xaded,0x307b,0x0a39,0x2755,0xb562,0xb6ed,0xb47a,0x1092,0x1f3e,0x3400,0x3076,
    0x3236,0xb0d4,0xa831,0xb286,0x2184,0x2dc7,0x2e79,0x3012,0xb192,0xb345,0xa606,0xaf40,0xb88b,0xa70b,0xa9b8,0xada0,
    0xb485,0x3590,0x2906,0x329f,0xb34b,0x3054,0x2f76,0xb3a5,0xae82,0x3009,0x2f64,0xaf76,0x3488,0xb1d5,0xa99c,0x232a,
    0xb585,0x2e42,0x38c0,0x2e87,0x3450,0x2f93,0xad41,0x3384,0xb494,0xb212,0xadcf,0xafdc,0x3315,0xb1eb,0x2b5f,0x319e,
    0xb0a6,0xadfc,0x2724,0xb4c5,0xb23d,0x2bea,0xaa64,0xae23,0x2403,0x26d2,0x32a0,0xabcd,0xac26,0x31c5,0x2305,0x255b,
    0xb2ea,0xac0a,0x30bc,0xac12,0x3605,0x307c,0xb45e,0x28fe,0xadb9,0xb54a,0xb004,0xac50,0x232b,0x3311,0xb0cc,0x356f,
    0x2ccb,0xb3e6,0x2fc8,0x28dc,0x2da5,0x316f,0xb64a,0x301a,0x288c,0x36d3,0x2e6d,0x2fc7,0x3515,0x3050,0xa65c,0xb070,
    0xb383,0x3260,0xb0b8,0xaccd,0x3298,0x31f3,0xb09d,0x3118,0x3051,0xae5e,0x2a73,0x2435,0x35b5,0x32d0,0xab69,0x2f72,
    0xb0f5,0x32e7,0xb2e1,0x3027,0xad33,0x2cf4,0x2de0,0xb24f,0xae94,0x2db2,0x1b63,0x356f,0xb419,0x2e41,0xa302,0xaaa6,
    0xb84c,0x3164,0x3081,0x29a9,0xb548,0x3132,0xad39,0xac44,0xabc6,0xab34,0x33b8,0x2e9b,0x2ae9,0xa460,0xb51f,0x2e00,
    0x3029,0xadd7,0xac01,0x26d8,0x2a3d,0xab41,0xb3dd,0xb051,0x31f2,0xb4b7,0x2827,0x2da8,0x2e4a,0x2bad,0x340f,0x315a,
    0xb12c,0xad08,0xaf40,0xb539,0x2f64,0xab79,0x2b6c,0x313b,0x3173,0xac3f,0x30ef,0x2eaf,0xb4b9,0xade8,0x2214,0x316a,
    0xac4f,0x2d6e,0x3039,0xb450,0x3441,0xb575,0xb4c5,0xaaa2,0xaf45,0xb498,0x31f2,0x2a3d,0x30a5,0xac26,0xb2b6,0x3008,
    0x3238,0xad72,0xafc9,0x2e35,0x34c3,0xb0ed,0x2b46,0xa84a,0xb2f2,0x37a5,0xb4c2,0xaff0,0x31fb,0xb55f,0xa616,0xb49a,
    0x31a9,0xaa67,0x300c,0xa904,0x2d48,0xae85,0xb1a6,0xa1e2,0xaff5,0x2dc8,0xb009,0x282c,0xb0e0,0x3403,0xb301,0xaf4f,
    0xb0a8,0x3224,0x3420,0xaffd,0xa89f,0xac10,0x2d2c,0xb43c,0x305c,0x2ea0,0x8ee1,0xb271,0xb659,0x24d1,0x2eec,0x3081,
    0x2f59,0xb008,0x3926,0x31e9,0x2ea1,0x2f26,0xab1b,0x2fd9,0x9986,0x2dba,0xa908,0xb43f,0xaa57,0xaffd,0xb07b,0xabd0,
    0xb5f4,0xb61a,0xaf7c,0xad22,0xb322,0x2913,0xb0de,0x3552,0x359f,0xb319,0xb244,0x1f39,0xafc2,0xae45,0x2cea,0xb63b,
    0x3214,0x2a40,0x2f4d,0x3389,0xaf48,0x2d1d,0xaee4,0xb522,0x294c,0x3021,0xae61,0x357f,0x2bb9,0x363a,0x319f,0xacbc,
    0xad5f,0xb40e,0x3221,0xb050,0x3007,0x3391,0x2b57,0x25ba,0x2641,0xa5c2,0xac47,0xb415,0xb56e,0x27df,0x3213,0x259c,
    0xb5aa,0xb3b9,0xaa74,0x2783,0x2c6c,0xb4ce,0x26a6,0x3034,0x2dea,0xa576,0x33b1,0xaed5,0xb0fb,0x2eef,0xb110,0xa616,
    0x35d4,0xabd4,0x3697,0x37ed,0xb4de,0xab90,0xb10d,0x3080,0xb0a6,0xb1f6,0xb2e8,0x2f97,0x317e,0x3128,0x2c6c,0xb049,
    0x314c,0x342d,0x34e2,0x2f25,0xb0ab,0x3316,0xab08,0xa833,0xae62,0xb21a,0x33ef,0xb6a7,0xaee6,0x3378,0xadf2,0xb081,
    0xadf8,0x30b7,0xb03d,0x2d10,0x28f2,0x325f,0x9d47,0xab58,0xb4eb,0xad4f,0x258b,0x30f8,0x2dc0,0x264c,0xacb3,0x2da2,
    0x3764,0xab75,0x2a25,0x8ad2,0x27b8,0xb0d4,0x3256,0x2d55,0x2d8f,0x2f1b,0xa545,0xb231,0x2c6e,0xa8e1,0xaefa,0x3498,
    0xb587,0x2f6d,0x2a0d,0xad0e,0xb472,0x360a,0x319f,0x2a77,0x2c42,0xb456,0xb350,0x3359,0x30ad,0x333a,0xac45,0x2d11,
    0x24e4,0x3743,0x28c2,0xb5ea,0xacad,0x304a,0xb3ce,0xb835,0x3129,0x3055,0x33b4,0x3455,0x3267,0xab59,0xb00e,0x327e,
    0x3522,0xabbb,0xb592,0xa804,0xb493,0xb615,0x2ffc,0x2def,0x3203,0x30aa,0x2e6c,0xb556,0xb0da,0x2863,0x2ef3,0x3780,
    0xb826,0x9a77,0x2b6c,0xb235,0xb06e,0xb450,0x3630,0xaf67,0xb2c9,0xb0f2,0xa8c6,0xb0f8,0xb3ac,0xb437,0xaf39,0xb201,
    0x327c,0x2424,0xacca,0x396c,0xb4cb,0x24ac,0x34e0,0x34aa,0x2ce7,0xb31e,0xb3c6,0x2bbd,0x37d1,0xacbd,0xb239,0xb965,
    0xb373,0xa839,0x2969,0x27c7,0xb072,0xb3e7,0xb125,0x23ed,0x3002,0xa880,0xb080,0xb1e5,0xb27f,0x28d2,0xb47d,0x3269,
    0xa97a,0x32f2,0xa672,0x365c,0xb448,0xa9d2,0xaeab,0x30f9,0xaa5f,0x3336,0xab02,0x33ac,0xb419,0xb351,0xb55f,0x3012,
    0x341e,0x2d85,0x35b5,0x3107,0x34ee,0x2737,0x31b6,0xb6e9,0x25af,0x28af,0x388e,0x2688,0xb42d,0xb12d,0x2930,0x9d81,
    0x2e60,0x2597,0xb401,0xa404,0x35b7,0x3213,0x3061,0xaa33,0x2e59,0x0cf5,0x30d6,0xac75,0x2954,0x2d5d,0xaea2,0x2aba,
    0x2833,0x23b4,0xa7dd,0xadbe,0xb516,0x313c,0xb3ad,0xae63,0x2afc,0xb477,0xac6a,0x9564,0xa92a,0xb586,0xac51,0x3546,
    0x30b0,0xb440,0xb113,0xb097,0xb093,0xaa30,0x31b7,0xb1b8,0xb2fa,0x2339,0x2e7a,0xb816,0x1c9b,0x9aaa,0xb28f,0x2df1,
    0xb4e7,0x2d26,0xb3b2,0x2958,0x2e2f,0xa4c0,0x32cc,0xb34b,0x2539,0xa62e,0xab63,0xa8ac,0xb352,0xb03f,0xb25c,0xaf11,
    0xb148,0x2474,0x2f72,0x362c,0xb101,0x32c8,0xb401,0x314e,0x32ee,0xafef,0xb3e9,0x20e1,0xb439,0x28b1,0xac38,0xb443,
    0x341e,0x36d0,0x1fce,0xaecd,0xb0c8,0xb2ed,0xb262,0x2fe6,0xaba5,0x3108,0x3070,0x31ac,0xb56d,0x32f3,0x2a2f,0x30d5,
    0xb4b7,0xb678,0xb02d,0xa967,0xb33d,0x3222,0x9eca,0x2bf6,0x28d4,0xa4fb,0xaded,0x3319,0x3154,0xb52c,0x2c54,0xb30c,
    0xb34a,0x3329,0x3449,0x308a,0x29c1,0xb0b5,0x3516,0x31c2,0xb249,0xa1e1,0x36e9,0xac52,0xb125,0xb3a5,0xb11e,0xaefb,
    0xac0e,0x2ec0,0x3037,0x3690,0x1b8b,0x319f,0xb483,0xaf7a,0x307e,0xb0f6,0xb2cc,0x3352,0x3755,0x31f1,0x2943,0xb978,
    0x3011,0x3043,0x3054,0xa867,0xb3bc,0xa6e6,0x3100,0xb4b0,0x3122,0xaf32,0x29ca,0x3401,0x335f,0xb7bf,0xb00d,0x2ef1,
    0x3512,0xb4df,0xab47,0x9fad,0x2e9b,0xaa54,0xb0ab,0xa184,0xa5e3,0xa30d,0x269a,0xb65f,0xb12b,0x0f61,0xadba,0xa537,
    0xae62,0xb2f7,0x28b3,0x2b34,0x2d3d,0x3202,0xb52f,0x2ac7,0x9fd9,0x2dc9,0x35f1,0xb456,0x2d77,0x9e88,0x3255,0xb165,
    0xb2ce,0xaf7e,0x345a,0xb398,0x309c,0x2cfd,0x325c,0xac6b,0x3276,0x2cb4,0xac92,0xa85f,0xb2bd,0xaf13,0x2c18,0x21ba,
    0x33e1,0xb2d8,0xb44e,0x2e34,0x2ee8,0x234a,0xaa84,0x2adc,0x3194,0x2e18,0xa121,0x36cb,0xb4d3,0x327c,0xad5c,0x2c73,
    0xb49e,0x321e,0x207f,0xb111,0xb457,0xaf12,0x2c8d,0xae3f,0x3499,0x322a,0x263c,0xabc4,0x3831,0xb0d8,0xa159,0xa5b9,
    0x210d,0x3555,0xb13f,0xb0ad,0xb0e1,0x3190,0xb080,0x2468,0xb0e3,0xb159,0x2e55,0x3591,0xaeee,0x306b,0x349f,0x30fa,
    0x37ba,0xa88d,0x2dda,0x2964,0x302e,0xafdc,0x2079,0x3134,0xb1cb,0x3196,0x2d84,0xb41f,0xa547,0xa9e6,0x21cd,0x2f21,
    0xb23f,0x30da,0x287b,0x320e,0x3037,0xb57f,0x358f,0x95f9,0x2da0,0xa8eb,0xaf44,0x9ea4,0xad58,0xaeb8,0xb492,0x305c,
    0xac70,0xaa5c,0x2c4a,0x330e,0x345b,0x2de3,0xafd5,0x3772,0xb0bf,0xb073,0x308f,0x2cec,0x35cc,0xb233,0xac33,0x0d12,
    0x30a7,0xb2c0,0x2b06,0x2f58,0xb4b0,0xb205,0xa8a7,0xb0f7,0xa6da,0x2181,0x3186,0x2d8e,0x3267,0xb4e1,0xb222,0xb42f,
    0x3297,0x2c83,0x2867,0x286c,0x33ce,0x351f,0x3473,0xb40f,0xb304,0x2c46,0xae7d,0xa86e,0x2695,0xb102,0xab39,0x3241,
    0x354f,0x29c4,0xb0db,0xb47c,0xadbd,0x2b3c,0xa7b1,0xb0ab,0x2ae1,0xb39d,0xac5e,0x304f,0xb2b6,0x2952,0xb0f3,0x371e,
    0x2a7d,0x2c29,0xb2dc,0xb2f8,0xb13b,0x903b,0x2d15,0xadb0,0xaf9e,0xb1ca,0x189e,0xad41,0x353d,0xae1a,0x1da2,0xac30,
    0x2e95,0xb342,0x30bf,0x2e9e,0x335c,0x30c3,0x328e,0x3540,0xb14c,0x2e0e,0xb51f,0x31cf,0xb024,0x2c3e,0x3183,0x329e,
    0x34be,0x3258,0x2fd5,0xb2d7,0xad1b,0xb123,0x2a51,0xb40a,0x0fa5,0x228f,0xab19,0x2fb5,0x9ae0,0xab4f,0xa922,0x2c47,
    0x226e,0xb138,0x2d3b,0xada8,0xa5ac,0x31be,0x2e6c,0xaa2b,0xb2e7,0xb1c9,0xa00d,0x2326,0xb212,0xaf8b,0x301e,0x306c,
    0x343d,0x310a,0x353a,0xa8f4,0xb4aa,0x2c3d,0x24b6,0xaa54,0xaf5d,0x297c,0x31a6,0xaed7,0x38a5,0x2b0b,0x3097,0x291d,
    0x31bd,0xb13e,0xad22,0x349e,0x2ae3,0x34cb,0x2380,0x2eb9,0xb208,0x2c8e,0x367f,0x1f5c,0xb073,0x30e2,0xacdb,0xa43e,
    0x335b,0xaaf4,0x3050,0x2c18,0xb2c6,0xaa1f,0xb0c0,0x2b2f,0x32b4,0x2d87,0x295e,0xb6d3,0xb084,0x27d4,0xb446,0x3575,
    0xb475,0xb013,0xb396,0x30e5,0x28e4,0xa316,0x2b81,0x9fa5,0x26ae,0x3312,0xa924,0xa602,0xb495,0xb472,0xa9bd,0x30fd,
    0x2838,0x24c6,0x313b,0x2889,0xaeaf,0x28c3,0x276d,0x2df2,0xb182,0x3327,0xae40,0x2e5e,0x24ac,0xb436,0xab4e,0xb363,
    0x349a,0x077c,0x2e5f,0x2c59,0x3848,0xb07e,0xb5aa,0x305b,0x3144,0xb388,0x362e,0xa553,0x29e6,0xb273,0x2b71,0x21c6,
    0xb03c,0x3221,0xb2df,0x2723,0x2748,0xb00c,0x9c3b,0xac2c,0x31b6,0xb483,0xa78f,0xb61d,0xaf9a,0xaeee,0xaa92,0x2e4f,
    0x22c8,0xa39f,0xa41d,0x2985,0xae5a,0x3130,0xb01d,0x2cc3,0xb10a,0xb301,0x33da,0x26d6,0xb1e9,0x35f0,0xa594,0xafad,
    0x3289,0x934a,0xafd4,0xb524,0x345c,0x313e,0x3465,0x1f86,0xac53,0x2b5e,0x34e8,0x2ca3,0xb022,0x231e,0xa981,0xb46f,
    0x3594,0x2eee,0xb673,0xb68c,0x3137,0xaba9,0xa912,0xadbc,0x3468,0x289c,0x3591,0x3030,0xb0b3,0x31ce,0x2910,0xab8b,
    0x34ba,0xb4eb,0x348f,0xb583,0xac08,0x1eb8,0x312f,0x24c3,0x3063,0x2a5b,0xb3c4,0xb7ee,0x36cd,0x2c0a,0xae51,0xb5c2,
    0xafac,0x36c1,0x1b55,0xb5e8,0xb165,0x2c68,0x2916,0xaa5a,0x299b,0xb1e3,0xb0ba,0xa877,0xb6c9,0xb2c2,0x2c51,0x2ee5,
    0xb2b1,0xb05a,0x29a0,0x3837,0xadec,0xaf44,0x3086,0x3392,0x33e8,0xaca5,0x200e,0x2e47,0xa248,0xaf7b,0x1985,0xb770,
    0xb153,0xac24,0x2cdc,0xaea7,0x344a,0x3389,0x34d5,0x3161,0x3047,0xac02,0xb64e,0xb273,0xb619,0xaea7,0xa994,0xb0f0,
    0xa424,0x2e34,0x24a8,0x3767,0xb0a8,0x2e4d,0xaafc,0xafdd,0x34b6,0x3174,0xaf30,0x341f,0xb47a,0x2e00,0xb517,0xad9a,
    0xb013,0x32c6,0xaa0b,0xb403,0x2bab,0xb177,0xaea5,0x3462,0xb1cf,0xb478,0x3510,0xb848,0xab4c,0x282c,0x3146,0x2ce5,
    0xb415,0xa458,0xb124,0xaee7,0x9985,0xae94,0xb587,0xae7b,0x323d,0xb56b,0x300a,0xb386,0xaac3,0x2e13,0x340b,0x2405,
    0x32a2,0x2e3a,0x3139,0xa9f8,0xb209,0x31ca,0x2dde,0xb376,0xa8a9,0x931c,0xaf8b,0xaca0,0x3561,0x30d0,0xb38d,0x3369,
    0x34d4,0x262b,0x2cb3,0xb19d,0x2aff,0xa696,0x33f4,0x1a2c,0xb303,0xa845,0xb050,0xb188,0xacb8,0xacf2,0x3689,0x256e,
    0x2eac,0xb05d,0xac1f,0xa4fb,0x15f0,0xb19d,0x9bd0,0xadf0,0x36f0,0x329b,0x1ed7,0x2be1,0x2f11,0x3042,0x2dbf,0x2426,
    0x2add,0x2de3,0xb43d,0x35b1,0xada0,0xadc4,0x2cb9,0x2c87,0x2d79,0x2d95,0xb167,0x364f,0x2be0,0x2d03,0xae0e,0xb14f,
    0xae46,0x33b3,0x31c9,0xae20,0x3660,0xabf9,0x329e,0x2c70,0x3217,0xb621,0xabbc,0xb1f9,0x2f29,0xa5cc,0x2c6d,0x3059,
    0x3417,0xb9ea,0x30c3,0xb0cd,0xb1ac,0x2c3c,0xb3f0,0x2f05,0xb127,0x0e20,0xaba3,0x34da,0x3359,0x1fc8,0x9f05,0xb038,
    0xb4c9,0x3464,0x346e,0x3845,0x2e88,0x26a6,0x2fc1,0xa073,0x2c1a,0xacb1,0x29ee,0xb613,0xb339,0xb52a,0x30ca,0xafa8,
    0xb7f7,0x3857,0xb069,0x8cf4,0xb2cc,0x361b,0x28c1,0xb087,0xb055,0x2807,0xadd7,0x386b,0x34f0,0xb004,0xaebc,0x2cdd,
    0x3580,0x2f87,0x2b67,0x32cf,0xb551,0x3496,0x2f59,0xb1e0,0xb310,0xa254,0xb24e,0x365b,0xa92f,0x294d,0xa660,0x33fa,
    0xb02b,0xb6a6,0x2adf,0x30e4,0x3249,0x2dca,0x3417,0x2fee,0x3870,0x2ebb,0x30bc,0xb0b1,0xb40c,0x2c5b,0xb14d,0xa94f,
    0xa52d,0xa982,0x27a4,0x34c4,0xb0ac,0x32ac,0x313e,0xb282,0x2799,0x31cd,0xb0d1,0xb088,0xb071,0xb1c5,0x29a0,0x3232,
    0xb1f1,0x26b6,0x35a1,0x3404,0x3470,0xa8e3,0xacc7,0xaaf4,0xacfe,0xa63c,0x3271,0x31f4,0xb412,0xb0dd,0x2eb1,0xa4ec,
    0xb43a,0xa94d,0xb151,0x357a,0x1cf3,0xb83c,0x1d76,0x2087,0xa2c7,0xb042,0x2ebd,0xb3ba,0xae89,0x2afa,0xb424,0xb43a,
    0x2edd,0x32e1,0xaaf5,0x3262,0xa7e5,0xaea7,0xab3f,0xb0d2,0xb4a0,0x2572,0xab34,0x350d,0x3114,0xb7c7,0xb153,0xa92e,
    0xae33,0xa522,0x28a6,0x277f,0x375b,0xa912,0x3533,0x2836,0x2b3f,0xb1f4,0x3274,0xb804,0xb297,0xac86,0xaee5,0x2f04,
    0x31e2,0xb1d7,0xb02d,0x31b2,0x2ccd,0xab3a,0xaa3a,0x3517,0xb0cc,0xa52e,0x2bd4,0x33f2,0xb343,0x29cf,0xab75,0xafa1,
    0x2ce2,0x243f,0x31d9,0xb2cb,0x351d,0xa1e8,0xb281,0x35b4,0x2c53,0x3051,0x3149,0xb078,0x3123,0x34c4,0xb30b,0x2061,
    0xb24d,0x2ec7,0xaa9e,0xa4ec,0x2b56,0x2e38,0xb647,0xb0dd,0x32a0,0xb339,0xacd4,0x3671,0x31e5,0xb25f,0x1e39,0x311a,
    0xb4fd,0x2e0f,0xb078,0xb126,0x2e18,0xb2e9,0xb3ee,0xb005,0xaf6b,0xaf24,0xa73e,0xaf29,0xb406,0xaf40,0xa994,0xab60,
    0x3125,0x26c2,0x357a,0x3716,0x364f,0xb115,0x30df,0xaf96,0x2ba6,0x303d,0xaf33,0x3577,0xac60,0xb039,0xa94e,0xb307,
    0xaf7e,0xa899,0xad5e,0xb198,0xb219,0x303c,0xb9b0,0xaf3c,0x2cb7,0xae20,0x30e9,0x222a,0xb44c,0xa9aa,0x2c51,0xb3ba,
    0x34f1,0x3481,0x3693,0x2b71,0x2a9e,0x34b1,0x35ad,0xadd2,0x324f,0xa6db,0x2f4a,0x34b5,0xb436,0x323d,0xb488,0x3049,
    0x329d,0x2f43,0xb25e,0xa206,0x1efd,0x2d7c,0x2ab5,0x303d,0x3457,0x2fb9,0xaf1c,0x3264,0x32e8,0x2caf,0xb2d2,0xb687,
    0xb633,0x2236,0x23e6,0x351c,0xb51e,0xb047,0x2c96,0xb222,0x3550,0x312c,0x3211,0xab90,0xad3d,0x354f,0xae84,0x30d4,
    0x34a3,0xb099,0xa50e,0xaef4,0x2c6b,0xb258,0x2bc6,0x231d,0x286a,0xaac2,0xa9f5,0xb1e4,0xaa77,0x301e,0xadf3,0x344d,
    0x2de2,0x34b4,0xac76,0xae6e,0xa925,0xb2f3,0x3170,0xafe4,0xb653,0x2ea3,0x2c1c,0xab75,0xa870,0x3122,0x2ce9,0x2fc4,
    0x3289,0xb6a5,0x22f3,0xabf0,0xb0aa,0xadc5,0x2f40,0xb2ab,0x32e6,0x2cb3,0xb392,0xb263,0x3147,0xa30b,0xaf4b,0x3597,
    0xa64b,0x3576,0xb1bb,0x35bc,0xb382,0xb1ba,0x24bb,0x2d8a,0xb4da,0x293a,0xae08,0x35e1,0x3415,0xa8e0,0xab44,0xb189,
    0x35a5,0x3150,0xb031,0xb14c,0xb080,0x1953,0xb4ad,0xaca5,0x2ff2,0xb1dd,0x3567,0xad01,0x2b58,0x318b,0xa9d9,0xb1f3,
    0xab6f,0xb897,0x3107,0xafd2,0x3385,0x302f,0x3105,0xab1e,0x2867,0x34e3,0xabb3,0x33a5,0xb227,0xb2fd,0x300d,0xa4e2,
    0xb060,0x3213,0x3323,0x3053,0x2e34,0xb0fc,0x30a6,0xa4af,0x31c4,0xb1d5,0x30c3,0xb37f,0xab87,0xae01,0xb462,0x29ea,
    0x304c,0xa45c,0xae3d,0x345c,0x31d4,0x2d32,0x299a,0x309d,0x2cf7,0xb523,0xab02,0x3390,0x34db,0x339d,0x2b71,0xb408,
    0x2a22,0x31cb,0xb111,0xaf09,0x11c2,0xb2d4,0x33fc,0x3216,0x2f21,0x209c,0x2b56,0xaea8,0x331b,0xb13a,0x2592,0x2cdc,
    0xb51c,0x2a05,0x2e30,0x3606,0xabf8,0xb40e,0xb55e,0x222e,0xac02,0xb4a5,0xb368,0xb2bf,0xb06f,0x280b,0xb030,0xb231,
    0xae03,0x2653,0xa9de,0x2162,0xa91b,0xae05,0x343e,0xa1af,0xa826,0xad0c,0x2dd8,0xb00b,0xb640,0xae2a,0xafca,0x2acb,
    0x32fe,0xac39,0x25b3,0x3511,0x315e,0xb44e,0xaaae,0x300b,0xb414,0xb176,0xb199,0x2ec5,0xa66a,0xb1f7,0x2ce2,0xb46b,
    0x2e51,0xa052,0xb1b0,0xaf52,0xae77,0x33d0,0xa35c,0x3560,0x28d4,0xaf43,0x34d1,0x2fce,0x2fbf,0xb812,0xb710,0xa09f,
    0x389e,0xb488,0x2daf,0xa494,0xb503,0xaace,0x33b8,0x3116,0xae2c,0x2f5b,0xb10c,0xb3c1,0xb1dc,0xaef5,0xa8e5,0x34c6,
    0x3002,0x2a37,0x2dc8,0xb135,0x26fb,0xb5b9,0x378b,0xade5,0x3221,0x2e98,0x2b39,0xb061,0xada6,0x3369,0xad66,0x34a9,
    0xaac1,0xab5b,0xa5cd,0x3038,0x2cb1,0x218d,0x973f,0x3676,0x1c56,0x2ba5,0xaae9,0x2f0b,0x30fb,0xb095,0xac41,0xa911,
    0xaa29,0x3005,0xad0f,0x35e2,0xab88,0x36ea,0x2e5a,0xa8eb,0xa8bf,0x3718,0xb07b,0x3021,0x343c,0x2512,0xb10f,0xae6f,
    0x337a,0xaf28,0x2286,0x2e10,0xb305,0xab80,0x3137,0x3150,0x242b,0x2aca,0xafb2,0xb5a1,0xb570,0x99e3,0xb45c,0xa4c3,
    0x2c33,0x3590,0xadc3,0x2ff6,0x34b2,0xb04b,0x305f,0x3730,0xb266,0xb6a3,0x357f,0x2ca7,0xac78,0xb007,0xb153,0x33e9,
    0xb1a0,0xaedd,0xac26,0xa588,0xb4d3,0xb187,0xb1c8,0x27a5,0x2c33,0xb21d,0xa7e8,0xb1b7,0x1c71,0x3029,0xb1db,0x3460,
    0xb097,0xb4e7,0x2fec,0xadd2,0xaf57,0x2f2f,0x2e03,0x2c35,0x2d88,0xb49e,0x299b,0xb1df,0x2c4a,0xb029,0x3131,0x2a30,
    0xb104,0x366e,0xaefd,0x2f17,0xaf14,0x315d,0x30e2,0xae8d,0x9cc2,0xb06d,0xb203,0x3745,0x13dd,0xb328,0x31f2,0x35ea,
    0x32e2,0x2f03,0xb0dd,0xaf7f,0x3103,0x304d,0x36e8,0xb195,0x32fa,0xae4f,0xb0ae,0xb32d,0xa9e1,0x340d,0xac77,0x292d,
    0x347a,0x2a4d,0x2d6b,0xb3e7,0x34e1,0x320d,0x3414,0x2e67,0x2d53,0xa1a5,0x2d79,0x3094,0xb582,0x341a,0xb210,0xb475,
    0x28bd,0x1fbd,0x2062,0x30cb,0x23f8,0x2e41,0xb0af,0x2d6c,0x31b7,0xaf5f,0x3047,0xb19b,0x3419,0x2bf4,0x3340,0xa89e,
    0xb39e,0x2844,0x3375,0x30d7,0x33d5,0x2bed,0xa5b1,0xa534,0xb417,0x3411,0x3683,0x2c80,0xb7c4,0x315a,0x2881,0x3244,
    0x2f73,0xafc2,0xb6ea,0xa492,0x34de,0x3019,0xaf1a,0x2c5e,0x3016,0x364c,0xb6c4,0xac13,0x2d3f,0x2071,0xb4a6,0xac71,
    0x34d2,0xb565,0x3832,0x3834,0xafa4,0xb550,0x2c1d,0xa845,0x20e0,0x30ca,0x323a,0x2a25,0x24e8,0x3454,0x2d8b,0x95fc,
    0x2f22,0xad8b,0xb15e,0xa7a6,0xab1c,0x3118,0x2ca3,0xabb9,0x3517,0x22e1,0xab9b,0x3432,0xae35,0x2fe9,0x2a5b,0xae6c,
    0x2624,0x37b5,0x32aa,0xafd5,0x341f,0xa8ce,0x29c1,0xaddd,0xb554,0x2b79,0xb11f,0x32a4,0x2c97,0xb2ae,0xb119,0x343e,
    0x2e34,0x378b,0xb575,0xac7b,0xb211,0xb544,0xaee5,0x355d,0xb8bd,0x2b29,0xaf98,0xb154,0xb021,0x3017,0x2838,0xb141,
    0x3127,0xb47c,0x305c,0xb4e4,0xb40d,0x2eea,0x2ecf,0x2984,0xadde,0x246d,0xb29b,0x2af4,0xacc6,0x2ee0,0x0f9d,0xb3c8,
    0x3638,0x23cc,0xac46,0x34a2,0xaa8f,0x3562,0x299a,0x30db,0xb642,0x35af,0x2cd5,0x301e,0xac6d,0x2e42,0xb099,0x2087,
    0xb3d7,0x33e0,0x3268,0x2cae,0xb191,0x36b5,0x2db9,0x303e,0x22bc,0x3428,0x281b,0xa0ac,0x34dd,0x2fd5,0x350e,0xb072,
    0x385d,0x2ff2,0xb079,0x34d3,0xb64a,0x36e1,0xa518,0xa8c3,0x3573,0x32a6,0xb1ed,0x38df,0x31f0,0x33b1,0x3403,0x20eb,
    0x29a4,0xad79,0x340c,0x2ce5,0xad95,0xb10b,0x352a,0xb17d,0x29e3,0xae45,0x303d,0xadd1,0x2f90,0xac6b,0x2664,0xa6a8,
    0x353d,0xb02a,0xa24e,0x301f,0xab6f,0xb0fa,0xabc7,0x32b9,0xa172,0xb19d,0x2af5,0xacdc,0x3320,0x2ec2,0x2cbc,0x338d,
    0xb13b,0x3754,0xaedc,0xaacb,0xb183,0x2ca9,0xb296,0x2ffc,0x3553,0xaf9d,0xb34b,0x1930,0x32d3,0x296a,0xb312,0x3483,
    0xae21,0xb202,0x326d,0xb4c8,0xa275,0xb0c3,0x327d,0x2421,0xb506,0x2f53,0xb64e,0xb139,0xb138,0xb1c6,0xaccc,0xacf8,
    0x2cc6,0x32f7,0xaab1,0x3886,0xb50a,0xb4ef,0x27f6,0xb07b,0xaa9f,0xad09,0xae5c,0xb300,0xa7aa,0x2e0f,0xa405,0xb591,
    0x301e,0x1c4b,0x323b,0xab10,0x2050,0xb454,0xb384,0xa0e0,0x307a,0x35bf,0x2c95,0xb1cc,0xb950,0x33fc,0xb422,0x2d8b,
    0x28d6,0x356a,0xb252,0x2ef6,0xb42e,0x3275,0x2b6b,0x336a,0xb10c,0x9718,0x2db5,0x27a8,0x2b41,0xb6b4,0x3002,0x2bcd,
    0x3138,0x1acc,0xb485,0x31c3,0xb014,0x3226,0x0d84,0xac0c,0xb430,0xb080,0x31cd,0xa334,0x3168,0x2e36,0xab1f,0x2511,
    0x2826,0x286d,0x289c,0xad1a,0x34b0,0x331c,0xb530,0xb2fc,0xb525,0xad05,0x3119,0x30d2,0xb42b,0x31ee,0xa87e,0x30f6,
    0x2937,0x30bd,0x291d,0x3555,0x3083,0x2f5c,0xb03f,0x333f,0x3035,0xb532,0x3837,0xb473,0xb403,0x30cb,0xaece,0x2e79,
    0xb595,0x3117,0x31e3,0x2cf4,0xadef,0x2b9a,0x0dfd,0x3244,0x32a3,0x30f9,0x27a2,0xadc1,0xa965,0x265a,0x1ce6,0x334e,
    0x3376,0x2ec3,0x3250,0x25ae,0x31ef,0x30c8,0xb075,0x3463,0x2d4d,0x351b,0xa568,0x2eb7,0xb2ee,0xaf59,0xa610,0x982d,
    0xb2da,0xa623,0xb40b,0x162d,0xacb0,0xaee8,0x2d91,0xb0a9,0x32ac,0xb049,0xb145,0x9ccb,0xb476,0x217b,0x26d7,0x333c,
    0x2a11,0xb47d,0x3343,0xac48,0x132d,0x335e,0x9c13,0x3391,0x3500,0x2bb4,0xb018,0xb7e6,0x274e,0x3555,0x2e85,0x2f36,
    0xb472,0x33fe,0xb0b0,0x2880,0x2cff,0x2f0c,0xb395,0x34e2,0xb200,0xb416,0xae05,0xaf75,0x31a2,0x3532,0xb1bb,0xb4a1,
    0xac8d,0x359d,0x2a51,0xb0f3,0x2d8c,0xac38,0xa946,0xa73d,0x2aef,0xb1ad,0x3004,0xb2b1,0x32fb,0x3122,0xad6b,0x316a,
    0x9cb9,0xbaed,0xb080,0xac36,0xb02a,0x1df6,0xb2f5,0x2faf,0xa69d,0x13b1,0xaa25,0x2050,0xb28e,0x2838,0xb406,0xb18c,
    0x3034,0x9552,0x2b7f,0xb0ad,0x2e93,0x3739,0x30c2,0x2845,0x3378,0x2205,0x3176,0x35a4,0xa254,0x288d,0xb04a,0x26f9,
    0x2ee2,0xb40c,0xb397,0xa8a8,0xb38e,0xb141,0xb30e,0xae65,0x3552,0xa607,0xb176,0xacfd,0x2b11,0xae7c,0xac5c,0xb52d,
    0xae19,0x300a,0x3076,0xb25e,0xb304,0xa9f2,0x1426,0xb0eb,0x2d69,0xb5ad,0xb004,0x29b7,0x3427,0xb14e,0xb455,0x297c,
    0x3300,0x2d50,0xa3ab,0xb4a6,0x33a1,0xaadd,0xaea1,0x2266,0x3353,0xae33,0x306e,0xb4c6,0x9952,0xaca9,0xadf6,0xaee7,
    0x3552,0x3588,0x2c6e,0xb33e,0xb2c8,0xb296,0x30b9,0xb5db,0xb0f7,0x303f,0xb84c,0x30c6,0xb534,0xa0dc,0x311d,0x2e3d,
    0xb1bd,0xb02d,0x3150,0xadf0,0x2cf1,0x34d9,0x344e,0xb4d5,0xb3fd,0xa988,0xac47,0x3068,0x3340,0xaeca,0x1ce0,0xb084,
    0x3525,0xa6fb,0x2f22,0x3461,0xb0bc,0xb2d9,0x2d28,0xb021,0xaeb0,0xb4e1,0x365e,0xb07a,0x2d3f,0xa914,0xb089,0x3434,
    0x331e,0x2f48,0x2ce7,0xb71c,0x3103,0x3260,0x2ee1,0xab0f,0xb6cf,0x3482,0xb056,0x31ed,0x2c98,0x337a,0xb305,0x2b19,
    0x338f,0xa9ae,0xb555,0xacbf,0xb506,0x2fa3,0xb1bd,0xaee8,0x30af,0xaf31,0xa747,0xa95e,0x284b,0xacd7,0x24d5,0xacca,
    0x2d91,0xb951,0x2c5a,0xa652,0x30b0,0xb404,0x30a7,0x3370,0xb10f,0xb017,0x2aa1,0xb047,0xb5a8,0xaea9,0x3017,0xaf10,
    0xb5e7,0x3050,0x3922,0x30aa,0x233f,0xb295,0x3464,0xb4c6,0xa2a8,0xb1c8,0xa2b1,0xad4c,0x2ad3,0xb646,0x2ee7,0x2f1f,
    0x2fd7,0x300a,0xb117,0x3670,0xb07e,0x30c7,0xb0f0,0x32a6,0x2fb0,0x2c91,0x3413,0x3413,0xb208,0xa9be,0xb152,0xb08c,
    0x2e6c,0xa21d,0x2dfb,0x326f,0xac9c,0xb715,0x2d92,0x9a2d,0xa8f5,0x372f,0xb25c,0x1d20,0xaa94,0xaf0d,0x2c8c,0xa814,
    0x379e,0xaa5b,0x358e,0x339a,0xb506,0x33bf,0x2b73,0xa4b5,0xb006,0x2c1a,0xb7bf,0x378f,0x308a,0x2f1f,0xb37a,0xb496,
    0x2cbb,0x24d5,0x33a0,0xb461,0x303f,0xa87b,0x3517,0xb672,0xae32,0x223a,0xab8b,0xb2e8,0xafb1,0x3568,0xa6aa,0x3082,
    0x30f0,0xb94b,0xaa55,0xaa39,0x3342,0xb7be,0x3209,0x376e,0x2631,0xafea,0x2572,0xafcf,0x1ff3,0x2968,0x2f49,0xace3,
    0xac36,0x3008,0xaa8b,0x3229,0x1f91,0xb229,0x300c,0xb428,0x298b,0xb489,0x2dd3,0x30c9,0xb247,0xb40e,0xadb7,0x25c1,
    0xa5e9,0x3356,0xab50,0xb61c,0x2e85,0x2d92,0x357c,0xb506,0xaaf7,0x3077,0xa843,0xae13,0xb46c,0x2f8b,0xb3af,0x1a44,
    0x24fa,0xacec,0xa6d9,0x3065,0xa846,0x2de7,0xb0ad,0xb11b,0x3446,0xa38c,0xa80f,0xb60d,0xb41f,0x2fab,0x1f27,0x3093,
    0xb35a,0x258b,0x3400,0xa86e,0x2c62,0x270b,0x2bbf,0xb240,0x3072,0xa104,0xb1e5,0x34b7,0xae9b,0xb466,0xadd2,0xb841,
    0xaa28,0x335f,0xb0e2,0x323a,0xac1f,0xb0c8,0xa4e9,0x2c47,0x3507,0x3522,0x29d7,0x30a6,0x3244,0xad68,0x30a0,0xb454,
    0xb2db,0x29a8,0xa145,0x27a9,0xb0f4,0x2cb9,0xb4c7,0x24bb,0x2e6a,0x2468,0xa57f,0xa9f1,0xa9be,0x305d,0x32c4,0x2a59,
    0xb013,0xb067,0x3288,0x3537,0xb5bd,0xb514,0x3759,0x3168,0xb824,0x3293,0xa808,0xb4e1,0x378b,0xab3e,0xab95,0xb0cc,
    0xb17f,0x32f1,0x318c,0x32a3,0x30ca,0xacd6,0xadc5,0xa917,0x215a,0xa911,0xb13d,0x3303,0x337a,0xae4c,0x3081,0x286b,
    0x33cd,0x3464,0xafb8,0xb5f6,0x2f52,0xb0c1,0xae39,0x2748,0x2a8b,0xb768,0x3577,0x2672,0x251a,0xaf31,0x2dba,0x2c04,
    0x336d,0x302e,0x28ca,0xaa1a,0x34ec,0x295c,0xb1b8,0x2f88,0x207a,0xa162,0x31c4,0x2633,0x2f50,0xb507,0x3003,0xac96,
    0x3116,0x9cd4,0xb495,0x323f,0x3370,0xb2d9,0xb062,0xa1b8,0xa96b,0x9afa,0x32a7,0x28dd,0x3271,0xb03f,0xb0f3,0xb4e1,
    0xb678,0xb193,0xb2bf,0xac6c,0x2213,0x31c5,0x3039,0xa34b,0xa6f9,0x2e4e,0xb1fa,0xb3c5,0xb0c3,0x2f49,0x30ee,0x2eb6,
    0xad68,0xaf21,0xb284,0xb458,0x2a00,0xabc2,0xaf9c,0x152c,0x2f84,0x2b8c,0x28ef,0x28bd,0x29e5,0x321a,0xb12f,0x2db0,
    0x33e8,0xb5f8,0xa88e,0x33e7,0xb438,0xb4aa,0xad31,0x32c3,0x30f7,0x2e28,0xae43,0x2f9a,0x2d6c,0xa48a,0x31c7,0xa8ea,
    0xb49f,0xb045,0xabe5,0x2fae,0x3468,0x2a5a,0xb340,0x33a8,0xb61d,0xa855,0x2851,0xb392,0xb130,0x2b7c,0xabd0,0x29d2,
    0x2ee4,0xb40c,0xaa6b,0x31f9,0xb385,0xacd3,0xb0e9,0x22ff,0x2c1b,0x3078,0x2ac9,0x34c9,0xa9f8,0xb101,0x2895,0x2e10,
    0x31e4,0x370b,0x2c3f,0xae00,0xb30b,0x3688,0xa786,0xaf8d,0xb23c,0x333f,0xae1c,0x308f,0x3038,0x3457,0x2fb6,0x2b41,
    0xb37e,0xb220,0x3052,0x2fc3,0x2ec9,0xa835,0x3593,0xab13,0x2a82,0xae27,0xaeb9,0xaede,0x36cb,0x2f75,0xac20,0x2c4a,
    0x2dd0,0xae68,0x2f9a,0xb23e,0xb5d5,0xaecf,0xac40,0x2d78,0x321a,0xaacf,0x3531,0xa84c,0x351c,0x3396,0xae83,0x2e75,
    0xb4bf,0xae5c,0xb1f3,0xb3cf,0x259a,0xa558,0x2342,0xa85f,0xb2c5,0xb504,0x2224,0x2470,0x3466,0xb0d7,0xb273,0x2a8b,
    0x2b19,0x2bc9,0xa73c,0x22b2,0x3044,0xb51b,0xb1b1,0x303b,0xa151,0x2cc2,0xb2bf,0x31c8,0xb61d,0x3042,0x2f4b,0x296f,
    0x3642,0xb320,0xb3fc,0xa78d,0xb5f3,0xac0f,0xac78,0x31eb,0x31cc,0x29b6,0x305c,0xb23c,0xa632,0x30d7,0x2ef9,0x2a1d,
    0xac50,0x33b7,0xb097,0xac2f,0x9c76,0xb4c8,0x2345,0x95a1,0xa7c9,0x2b5d,0x2c36,0x2ba4,0xb178,0xb333,0xb1f8,0x218c,
    0xb65e,0x2bb4,0x3625,0x343e,0x33be,0x31a2,0x318d,0xb3fb,0x326a,0xa7bf,0xb540,0x348a,0x2d92,0xb0db,0x2cb5,0x2e34,
    0xae83,0x3255,0xaf0b,0x2e0a,0xb4f7,0x2cfb,0xae8b,0x37b7,0xa0c1,0x3836,0x36d5,0x3511,0x32b5,0xa4e4,0xa85f,0x3644,
    0xaca8,0xb7ad,0xa498,0x378f,0xa9f8,0x30a0,0xae90,0xb278,0xaf84,0xb0e9,0x2c00,0x3178,0xa1e5,0x2c1f,0x1ee9,0x3631,
    0xad42,0xad6e,0xaf1c,0x29dd,0xb77f,0xaebc,0x2f52,0xb223,0xb3a4,0x322e,0xb859,0xb074,0xa9ef,0xb077,0x2a5e,0x9c81,
    0xb598,0xb8dd,0x345d,0xb0fa,0x31c6,0x2c8a,0xa670,0x355f,0x2d09,0xb114,0xac46,0x350d,0xb010,0xae20,0x3682,0xb5de,
    0x300b,0x3120,0x3290,0xad24,0x359a,0x295c,0x34bb,0xafa0,0xa271,0xb26e,0xb044,0xb25f,0x2989,0x2ea1,0xae03,0x2269,
    0xac10,0x2ae1,0x3502,0xb516,0x2917,0x3675,0xac64,0x30d2,0xb162,0x2497,0xa700,0x2ea6,0xb13f,0x2d11,0x2ade,0x3240,
    0x355b,0xaa19,0xb555,0xa913,0xb163,0xb215,0x2dd7,0xb473,0x2df9,0xa351,0xb685,0x387c,0xb083,0xb616,0xb07d,0xb03f,
    0x362b,0xb909,0x2ede,0x2482,0x34da,0x33c8,0x342d,0x31ad,0xb293,0xb0e4,0xb125,0x2a83,0xa94e,0xae7c,0xa964,0xaa5a,
    0xadd8,0x9c82,0xb0fb,0xaef2,0xae8e,0x30c4,0x34b1,0xb501,0x2aeb,0x314f,0x321b,0x3291,0x2c9d,0x3290,0xa4fd,0xb3af,
    0xb567,0x2e93,0x28bb,0xafea,0xb5a0,0xb462,0x2ebe,0xb635,0xac64,0xb02b,0xb0a0,0xac0f,0xb54c,0xb35a,0xac00,0x2693,
    0x2de7,0x333a,0xb267,0x2d94,0x3197,0xac15,0xa651,0x3025,0xb102,0xb3a2,0x327b,0xb638,0x0d82,0x9d8f,0x3447,0x357a,
    0xb8e5,0xb194,0xb591,0x36bd,0x247e,0xaf82,0xb5f3,0x2d86,0xadee,0xadcc,0x9b0f,0x3923,0xad94,0x29ea,0xb429,0xa9df,
    0x3255,0x2674,0xb103,0x16c7,0xac21,0xb076,0xb4b6,0xaf2d,0x2d90,0xb2f8,0xa8fe,0x325a,0xae17,0x3429,0xaa94,0x309e,
    0x29aa,0xb668,0xb329,0xb1ff,0x2f9b,0x95df,0x29cb,0x2fc6,0xab23,0xa2fa,0x30a4,0xb519,0xb660,0x2de8,0x2ae0,0x2b98,
    0x2c0c,0x3844,0x299a,0x28c3,0x2d9b,0x3405,0x32b8,0xb16a,0xb11d,0x9c79,0xad0d,0xb438,0xb5b3,0xb2b9,0x329a,0xad8f,
    0xadf0,0x2cef,0x320c,0x35ee,0xa93e,0x3420,0xb137,0x325b,0xad87,0xb25f,0xacf7,0xb02b,0x31bc,0xa4ee,0xb506,0xb2f1,
    0xb02d,0x344f,0x331a,0x27f0,0x33b5,0xb1bf,0x35a0,0xb0bb,0xb289,0x2cad,0x2b13,0xb08e,0x2c37,0xa484,0xb0eb,0xaeb4,
    0xad7f,0xb42f,0x34c2,0x2c7d,0xaed3,0xb446,0xabe5,0x344a,0xb8a5,0x1fa7,0xb026,0x3012,0xaeb6,0xabbe,0x30dd,0xb444,
    0x2ca3,0x2fc3,0xb0c0,0x3039,0xb201,0x33fd,0xaa15,0x2c54,0x2ff1,0x36f6,0x3185,0x3836,0xac79,0xb3ed,0x2c35,0x3077,
    0xacb5,0xb71c,0xb47e,0xaaa6,0xb700,0x2bb9,0x29bd,0xac36,0x33d9,0xadae,0x272c,0xa8a0,0x26a5,0x2c57,0x2f6b,0x291d,
    0xae35,0xa15f,0xaff0,0x2969,0x31eb,0xadf6,0x2c4d,0xa950,0xa9f3,0xb48f,0x2ed8,0x308d,0xb62e,0xa2f5,0xad8f,0x3060,
    0x306e,0x3705,0x324b,0xa4d7,0xb197,0x2df5,0x2799,0xb59e,0xb042,0x2801,0xb2b0,0x3046,0xb432,0x289c,0x2f28,0x2f2e,
    0xb022,0xa97f,0xb135,0xb3af,0xa45d,0x27d3,0xb0a5,0x2f0c,0xaa41,0x335d,0x32bc,0x2a4a,0x31e1,0x3346,0x329c,0x340d,
    0xb475,0x29dc,0x3572,0xab03,0x32ea,0x318b,0xa9de,0x3285,0xa2c9,0xafcb,0xad28,0xacae,0x280f,0x2fad,0xb336,0x318d,
    0xad97,0xac36,0xaef1,0x336c,0xb54f,0x9fd6,0x2c56,0xb28e,0x2cb2,0x3197,0xaf91,0xb123,0x2410,0xae5f,0x28f6,0x2895,
    0x2f79,0xa70c,0xa8d1,0x3727,0xb286,0xafda,0xb420,0xa411,0xb5a0,0xb2a0,0xb328,0x341d,0x2fe8,0xace3,0xb1f9,0xaf2c,
    0xac88,0x328c,0xadbd,0xacf8,0xab5a,0xaaa0,0x2cee,0xa3fb,0xad32,0xac5a,0xb41f,0x26cd,0x327f,0x2c1c,0x3214,0x2d0c,
    0xb5cf,0xb873,0xb039,0x30aa,0xac94,0xb4ab,0x240a,0xa89a,0xb151,0xae33,0xb243,0xb2e5,0x33fe,0x3184,0xb32e,0x32f3,
    0x35c2,0x2ca0,0x3294,0xb017,0x30bd,0xafc0,0xb168,0xafb2,0x32d0,0x17d4,0x347b,0xafe5,0xb70a,0xab61,0x2e67,0x324d,
    0x2166,0x2e9d,0xb53b,0x2e70,0xb2ab,0xb809,0xa18d,0x210a,0xb3e1,0xa960,0x3207,0xb63e,0xac2e,0x2cc9,0xaefc,0x2796,
    0x34c7,0x2daa,0x365a,0xae6c,0x3153,0xb343,0xaf2b,0xb19e,0xa37b,0x3374,0x302b,0x2628,0x3421,0xb01b,0x3273,0x2526,
    0xb504,0x336c,0x22ef,0xa965,0x9ee7,0xa8e4,0xaa58,0xace9,0xaf46,0xb410,0xacca,0xb46c,0xb746,0x2c72,0x2ff8,0x2d8a,
    0xb373,0xada0,0x343b,0x2c3e,0xb16e,0x2fa2,0xad91,0x2df8,0x3256,0x322a,0xb096,0x3544,0x2e02,0x3226,0x33dd,0xaf9e,
    0xacf9,0x2494,0xaf82,0xb0e7,0x31e8,0xa5c6,0xb5ac,0xadf3,0x2e11,0xb422,0x2d14,0x30c6,0xab96,0x2da7,0xb02a,0x2f71,
    0x364f,0xb653,0xad0c,0x33b1,0xab6f,0xb411,0xad40,0x3407,0x29a8,0xb494,0xb225,0xab00,0xb282,0xaa99,0x3415,0x34ce,
    0x37a2,0x2fea,0xaca0,0xb05c,0x2ac5,0xa9fe,0xaee6,0xa469,0x2926,0xa9e7,0xb1a2,0x2cb1,0x2a60,0x2812,0xabd7,0xaa61,
    0x3462,0x3157,0x2fbf,0xab3e,0xb142,0x32ce,0x2c04,0xb129,0x3475,0xab6c,0xa494,0x3245,0xb5cc,0xb43b,0xb499,0x33d0,
    0x3376,0xb393,0xabba,0xb369,0x3222,0xb13c,0xaf68,0xa4ea,0xb23e,0xa9f2,0xb082,0xb2bb,0xb015,0xb50e,0x31af,0xb171,
    0x2e6b,0x33a1,0x2898,0x31b1,0xb146,0xa71f,0xb0b5,0x302b,0x2c1f,0xaaa4,0x3816,0xaed9,0xa994,0xb38a,0xafee,0xb178,
    0xae9f,0xaf0e,0xa6cc,0xb106,0x31b3,0x3576,0x32a0,0xb227,0xae42,0x26de,0x30fc,0xaddd,0xb00b,0x1eb4,0x2779,0xaeef,
    0x30b8,0x30a6,0xb233,0xb133,0x2fb0,0xae46,0x2d3f,0x1c89,0x3235,0xa444,0x330c,0x2bb3,0xb0a3,0x2701,0xaa63,0x2a05,
    0x355d,0xb52c,0x2c6b,0xb28e,0x2c6c,0xb136,0x2757,0x2da5,0x2704,0xaeae,0x3183,0xb512,0xb5b9,0x3145,0xb3d3,0x2903,
    0x36ec,0x308a,0xb0d0,0xb2a6,0x2f6c,0x2fcc,0xb4b7,0xaa08,0xa4ff,0x2653,0x2fb2,0x31aa,0x2976,0x3469,0x24b0,0xb11c,
    0xaf17,0x343c,0xaad8,0xb6c6,0x30e4,0x3438,0xb1d3,0xaf3f,0xb482,0x32cd,0x2c6a,0x2c13,0x2985,0x2e84,0x2c35,0xb5fa,
    0x3510,0xb09f,0xb22a,0xafcb,0x1e78,0x32e2,0x351b,0x3089,0x311c,0x348e,0x2098,0x1396,0xb212,0xb288,0xad8f,0xb1dd,
    0x9ca5,0xb758,0xb223,0x26d7,0xb28d,0xb4e1,0x335d,0x2cc2,0xb016,0xafcb,0xb2be,0xaa79,0x3776,0xaf85,0xb0a8,0xb0ad,
    0x29a4,0xb641,0x29a2,0xaf9e,0xb127,0xaef6,0xa548,0xae58,0xaac7,0xb38a,0x32b7,0x1e6a,0xb501,0xac66,0xa4c4,0x3447,
    0x32b3,0xb58d,0x2ed8,0x2175,0x34b6,0x3626,0xa8e0,0x2bba,0xb4d5,0x2e1b,0x9d68,0x31f8,0x2e7b,0x1e7b,0x308d,0xb4a7,
    0x2baf,0xb47c,0x29df,0xb1c2,0xa1a9,0x2ccf,0x0722,0xb2d3,0x2c16,0xa5c8,0xb382,0xa81f,0xb4cb,0xb370,0x3196,0x2c36,
    0x2874,0xb1db,0x2e98,0x36dd,0xae10,0xb43d,0xafe1,0x315f,0x196b,0xab65,0xb557,0xa609,0xb20a,0xaf9f,0xb1f6,0xac74,
    0xb276,0x2f97,0xb2ee,0xb554,0xae20,0x9ea5,0x32b8,0x1099,0xacf3,0x2d02,0xae3f,0xa92c,0xb6a6,0xafad,0x2ce3,0x2afb,
    0xaa31,0xb319,0x3246,0x35fb,0xb133,0xb22e,0x30f6,0x3167,0x33fc,0x2a6f,0xb16b,0x24ff,0x346a,0x2d14,0x3057,0xb382,
    0xb257,0x221b,0x30fe,0x2c08,0x318e,0xb169,0x304a,0x9c3d,0xa9c4,0xb1ed,0xa999,0xb99a,0xb095,0xa89f,0x106e,0x2b50,
    0x3180,0x308b,0x35c0,0x32a5,0x30b1,0x3554,0xa5b9,0xb449,0x3130,0x9a0f,0xa86c,0x3650,0x3417,0xb228,0xb316,0xb1d4,
    0xb2f9,0xb266,0x2bfb,0xb085,0xae92,0x3010,0x2431,0x2dd8,0xae00,0x2f74,0xa92c,0x2ea2,0x2e9c,0x9d69,0x31fe,0xa0f2,
    0x2b2e,0x35fd,0xb2b4,0xa886,0xb1df,0xb2f3,0xa431,0x95d2,0x2ee9,0x2b08,0x2e46,0xb18a,0x2c38,0x2c23,0x33b3,0x27c1,
    0x285e,0xb5ea,0x2e95,0xb60f,0xaca8,0x2fc3,0xb45d,0x2d50,0x28b7,0x288c,0xa5ef,0xaf16,0xb089,0x3898,0xaba6,0xb04e,
    0x2f0f,0xac78,0xbb11,0xac25,0xa71f,0xb1ea,0xb077,0xb073,0x3316,0x2cc2,0x2853,0x2235,0xb18e,0xa75f,0x34cf,0x297c,
    0xb034,0x327f,0x2ea9,0xad6f,0xa705,0xa243,0x2b79,0x25cc,0xa958,0x27c2,0xacbf,0xb22e,0x319d,0xb2cf,0x9c01,0x2d13,
    0xb0db,0x30a8,0xa546,0xa9d4,0xa6d1,0x3439,0x2ebf,0xad37,0xb0e1,0x2440,0xac0e,0x303e,0x287f,0x32a8,0x3578,0xb82f,
    0x3239,0x9f38,0x2d0d,0x2bba,0xb2ac,0x384b,0x2d0b,0x9d20,0xaee1,0xae22,0x310a,0xa831,0xad73,0xa9f1,0x1a7a,0xafdb,
    0xad96,0xab3e,0xac01,0x25d2,0x3074,0xaeb6,0x2769,0xad84,0x3263,0xad89,0xac34,0xb59b,0xadb8,0x3256,0xb496,0x1dc0,
    0x1fc5,0x334c,0xb324,0x303e,0xa427,0xabf0,0xad4f,0x2183,0x3883,0x339d,0x2ca5,0x2557,0xaf13,0x2b8a,0xadcb,0x3195,
    0x30e2,0x2f4e,0x2db2,0xb594,0xacd7,0x9d6e,0xadb4,0x2fa2,0xaead,0xb267,0xb052,0x30d2,0xb2ac,0x1c55,0xae65,0x3321,
    0xaf85,0xb655,0xb2c8,0xb194,0xb4fc,0x2f36,0xa465,0x2b2f,0x33b0,0xb3c4,0x30d7,0x3272,0xad94,0x3025,0x2f62,0x27b9,
    0xaa44,0x25f9,0x3338,0x2c61,0xb5f8,0x2a17,0xa77b,0xa6bd,0x3423,0xb1c1,0xadae,0xb4e7,0xaecd,0xb506,0xb460,0xafa4,
    0xa695,0xadf4,0x302e,0x2454,0xab66,0xa81a,0x3032,0x2e8b,0xac41,0x2d29,0x2d9e,0xa893,0x2e05,0x357c,0xb0bb,0xb5a0,
    0xb0c1,0xb27c,0xae8c,0x3319,0xa84e,0x2c0a,0x2a49,0xaee2,0x3134,0x2868,0x341b,0x2d3f,0xb47d,0x236e,0x33ee,0xb237,
    0xae3d,0xa2a9,0xa9b5,0x26ee,0x32b1,0x34aa,0x3371,0x32af,0x30f7,0xb14c,0xac60,0xa7d1,0x295c,0xb3fa,0xabb5,0x25b8,
    0x2a17,0xaaf9,0x2d68,0xb3e4,0xac99,0xa5b8,0xb10b,0xaff2,0xabf3,0x2cea,0xab95,0x2c81,0x30c6,0xaff1,0xb065,0x1d42,
    0xb082,0x32c1,0xa954,0xb576,0xb118,0xad6e,0xa84f,0xb138,0xb88d,0x2f93,0x289f,0xa967,0xa409,0xb51a,0x9ad4,0x34aa,
    0xb353,0xaeed,0x2ea7,0xab62,0x30a7,0x2baf,0x2b95,0x2850,0x3122,0x2e61,0x3242,0xb0c9,0xadb6,0xae15,0x3232,0xb443,
    0xa476,0xadfc,0x305d,0xb087,0x2c7f,0xb46b,0x3373,0x9bbb,0xb806,0x9a97,0x2cb8,0x317f,0x2656,0x3019,0x2a84,0xa949,
    0x317c,0x2e48,0xafff,0xb261,0x2aaa,0x3638,0x3473,0xae8d,0xb03c,0xb0d5,0x1e4c,0xa9c9,0xb447,0xb368,0x243d,0xa8c7,
    0x32e6,0x2f4c,0x3239,0x32e5,0x2114,0x1d1c,0xabcd,0x294a,0xa961,0xb32f,0xaf6e,0x29ce,0x2bad,0xb60b,0xa310,0xb0d9,
    0xad61,0xab2c,0x26fb,0xb0e8,0x2dfc,0xb4f3,0x28e0,0x2eb2,0xa666,0x2cfd,0x3427,0x3037,0xafae,0xa373,0x3085,0x3167,
    0x2e2e,0xada6,0xa353,0xac3b,0xaadb,0x3408,0xae5c,0x305e,0x2683,0xa37b,0x21c4,0x28a8,0x2acc,0x2907,0x3410,0xaa8c,
    0xb40a,0x3286,0x31b7,0x35dd,0xa883,0x2c70,0x29fa,0x32f1,0x34c5,0x2e63,0xb65e,0xae15,0xa755,0xb108,0xac96,0xb639,
    0xa895,0xa878,0x3554,0x2ac0,0xb0c8,0x2824,0x33e3,0x20ff,0xae76,0xb018,0x2d82,0xab50,0x247a,0x1eb8,0xb29f,0xa925,
    0x2dcb,0xa8dc,0x31bd,0x2adc,0xb022,0xb2c8,0xaf3c,0x2997,0xac24,0xb170,0x30c7,0x360a,0x2318,0x2c37,0xb009,0xb3db,
    0x2f0e,0x3560,0xb415,0x2ffd,0x348a,0x38b0,0x2977,0x304c,0xace8,0xaca4,0xa81c,0x324b,0xa3b6,0x30e3,0x2c5a,0x1fc8,
    0x2955,0x3048,0xa4f9,0x12d3,0xb1c9,0x395d,0x328e,0xaca9,0x1a67,0x2b85,0xac4b,0x354e,0x2b51,0x158d,0x282e,0xa5f8,
    0x2298,0xa013,0xad5a,0x278f,0x2e10,0x28a9,0x2cac,0xb449,0xa936,0x251c,0xadf8,0x32c4,0xa59f,0xb35b,0xa5cf,0xa6c8,
    0xa582,0x33c0,0x3216,0xa986,0xa410,0xa63e,0xb27a,0x2788,0xaf08,0x2c7f,0xad23,0x3277,0xb008,0x2896,0xb492,0xb238,
    0x311a,0xa862,0x2c96,0x291a,0x30e7,0xb5be,0xb186,0xa196,0xb12f,0x3064,0xaa21,0x2d5e,0x2b67,0x23dd,0x3157,0x2b2a,
    0xafe4,0xacb7,0x262c,0xb4ff,0x3056,0x2de7,0x2d7b,0x2d07,0x349c,0x2b35,0x2a1a,0xaeb9,0xaadd,0xad63,0x2834,0x3066,
    0xb467,0x2f9c,0x29e9,0x355b,0x2b18,0xa23c,0xa899,0xb3f8,0x37ac,0xb1f1,0x2f61,0xaf9e,0x269d,0xb17d,0xaccc,0xa452,
    0x2bde,0xb383,0x333f,0x312c,0xb528,0xa953,0xaa91,0x2c86,0xa005,0xacba,0x3554,0x9930,0xadc6,0x31ef,0x28da,0xb2ef,
    0xabf5,0x3173,0x3010,0xb315,0x2c14,0xa6aa,0x27c7,0xb0dd,0xb994,0xab88,0x2d8d,0xb2a5,0x30bb,0x36c3,0x31d9,0x2c2c,
    0x3010,0x360a,0x35f3,0xb366,0x95bc,0xb56e,0x9ed3,0x2f16,0x323c,0xacfe,0x2cde,0x2a0a,0xb442,0x3367,0xa760,0x2f1b,
    0xacf3,0xaf9f,0xb17e,0xad3f,0x285b,0x2fee,0x2b62,0x2d9d,0x2c9a,0x288e,0x3590,0x207c,0x29ba,0x341f,0x2e5f,0x2725,
    0xa680,0x31d0,0xacd9,0xacc0,0x1f55,0x31bc,0xb01a,0x26c0,0xb442,0xa79a,0x34a5,0x2c67,0xaec2,0x1fe4,0xa882,0x2c26,
    0x23b6,0x9c5c,0xa2dd,0x309b,0x237b,0xb167,0xabd5,0x2da6,0xb0f6,0x2f08,0xb032,0x26f7,0x2fdc,0xacea,0x2e4e,0x2616,
    0xb4e4,0x2ed3,0xa9a5,0x2885,0x3011,0x285b,0xac91,0xa186,0x36c3,0x3143,0x39cb,0x26d6,0x2ef3,0x2431,0xafcd,0xb584,
    0xb328,0xb166,0xb1a1,0x322e,0x35bc,0x3042,0xa901,0x3536,0x2cfd,0x2b88,0xa898,0xa7fa,0x2424,0xb446,0xb2b4,0xb59f,
    0xad4e,0x0f84,0x35b7,0x2bba,0x32bb,0x3054,0x2c68,0x31bd,0x9cab,0xb401,0x35df,0x32b4,0xb13f,0xb4b4,0xb40a,0xb675,
    0x3277,0x33a3,0x3098,0x239f,0x3179,0xb50d,0x32ae,0x34cd,0xb366,0x2dd5,0xab8f,0x2bdb,0x2c16,0x3920,0x3336,0x2eb4,
    0x9785,0x9ef4,0x2ef1,0xb75e,0x2a7e,0x30e1,0xb56d,0x3614,0x15a1,0x2cf1,0x34be,0xb476,0x3091,0xab97,0x35b7,0xae06,
    0x2d51,0x28b9,0x331c,0xb337,0xaad5,0xb19e,0x30aa,0x2a4e,0x22d9,0xa340,0xa270,0xabfd,0xac5e,0x2c57,0x321f,0xaf8f,
    0x28c5,0xb78c,0x2d59,0xa851,0xb160,0xb1b1,0xb615,0x341a,0x30f2,0x2a1e,0x2090,0x3231,0xb510,0x34ad,0x28c0,0x2ccc,
    0x3123,0x2def,0x2829,0x2df9,0x3551,0x2e0c,0x271c,0xb0aa,0x2d66,0xaeec,0x289a,0x29c7,0xab5f,0xb00a,0xb00d,0x2bed,
    0xb31f,0x156d,0x1686,0xb21f,0x9d8c,0x2b0c,0xa1ea,0x2140,0x32d8,0xb1c8,0x3720,0x324a,0x2a47,0x3050,0x1742,0xb52f,
    0xb039,0x2d06,0x2d37,0x3322,0x31ba,0xb1bc,0xaefa,0x3536,0xab33,0x34b1,0x3316,0xa181,0xa2a6,0xb5b9,0x235d,0x33e0,
    0xb1dc,0xb291,0x33e7,0x287a,0xae0f,0xa825,0xafb4,0x2f64,0x2b07,0xaf2a,0xb0e2,0x3540,0x3160,0x351e,0x26bf,0xa1db,
    0x2d2a,0x35d5,0x3366,0xac5e,0x2ebe,0x3265,0x35b0,0x2aeb,0x33b4,0xaf44,0x2e6f,0x3281,0x2a0d,0xb020,0x32b9,0xa85b,
    0x23ca,0xaca6,0xabac,0x2693,0xb077,0x3077,0xb1d9,0x2f4a,0xb3c6,0xb32d,0xafca,0x2dfe,0x3245,0xab35,0xaf06,0x2a51,
    0xb71c,0xa533,0x2aca,0xb477,0x2ed4,0x2b1d,0x21d7,0xa905,0x276a,0xabf6,0x31b6,0xb016,0x2eb9,0x1b88,0x29fc,0x3179,
    0x2f39,0xab6b,0x1d15,0xa563,0xb16b,0x2326,0x2ce4,0xa56d,0xb183,0x21ea,0x2c4b,0xad84,0xa594,0xada1,0xafd0,0xafa6,
    0x31d9,0x296f,0x26f4,0xb0c5,0x1674,0xb1ed,0xafb6,0xae90,0x3133,0x1fd3,0xad1e,0x2625,0x998e,0xac29,0xb81b,0x2c73,
    0xaa5f,0x983b,0x2e57,0x31cd,0xb13e,0xb24f,0x22c6,0x25bd,0xa7bc,0x2f9f,0xb51b,0x2dde,0xaf8b,0x9efd,0xafa0,0x2747,
    0x31d1,0xac33,0xb4b9,0xad2f,0x338b,0x30fd,0x3683,0xb152,0xae03,0x35fd,0xa7dd,0xaf61,0x2e4a,0xb1b1,0xb130,0xb384,
    0x3123,0xb07f,0xb5ba,0x9989,0xa03a,0xacf2,0x200a,0x2373,0x1f9d,0xaf15,0xad5f,0xb6f8,0xb059,0x2459,0x2ae9,0xb7a4,
    0x2966,0x36a1,0xb083,0x3201,0x2c0a,0x3019,0xae1b,0xb34a,0xb85e,0xac50,0x2b64,0xb135,0x3026,0x31ce,0x3355,0x8893,
    0xb477,0xad78,0xa836,0x3362,0xb15a,0x362a,0x9eba,0x3126,0xb0e6,0x2c1e,0x2c69,0xaf6b,0xa7e0,0x311b,0xafe6,0xa3f4,
    0xac19,0xb0c7,0xa40c,0xa99e,0x9416,0x2072,0xae00,0xac45,0x25f6,0xa847,0xb67b,0x2a6f,0x9fe3,0x9565,0xab80,0x2ee3,
    0xade8,0x32a2,0xb1b2,0xabe8,0x2bb5,0x2d3f,0xab0c,0x2f66,0xb58f,0xaf2c,0xab7d,0x3715,0x2e69,0xaa60,0x29c7,0xb31b,
    0xaf87,0x2113,0x2f39,0x2611,0x2d92,0x26ef,0xa8b6,0x319f,0x2d0f,0xadd8,0xafa7,0x21fc,0x1b6b,0xb31b,0x2544,0x3095,
    0x34ab,0x3098,0xb14b,0x3222,0xb082,0x31f4,0xafd1,0x30cb,0xa8ba,0x300a,0x2e6c,0xab62,0xae13,0xb51b,0x366d,0x2bb1,
    0xb46f,0xaf73,0xa8c5,0xa4f0,0x2ee6,0x3512,0x2cdb,0xb229,0x300b,0xb688,0x382d,0xaf6c,0x2c85,0x2eb0,0x17cc,0xb573,
    0xa925,0xb383,0xb32c,0x320e,0xaa1a,0xade1,0xac9f,0xb0ec,0x2f29,0x3783,0x31fa,0x34ec,0x26cd,0xa11e,0xb000,0xb3f0,
    0x1010,0x2284,0x37b8,0x2985,0x29b4,0x9e7e,0xb239,0xad32,0x338b,0x34b0,0xad77,0x2772,0xaccd,0x28f6,0xb10e,0xa79c,
    0x2f17,0xb2ab,0xa995,0x3191,0xaa47,0x36d5,0xb30b,0xb53d,0x3142,0xab8a,0xa97e,0xb2d5,0xb0b1,0x2cc1,0xa8d0,0x25b3,
    0x2829,0x232b,0xaba2,0xb1c7,0x2be0,0xac97,0xae67,0xaf8b,0x23d8,0xa0c2,0x292f,0x287a,0xa7f8,0xb1b9,0x2cfe,0x2f1e,
    0x2617,0xb184,0x2d79,0xab63,0xb050,0x38fc,0x317c,0x2b5e,0x2e9e,0xb2eb,0x1f46,0x302c,0xaa05,0x2f5d,0x36d5,0x36be,
    0x1cd6,0x276c,0xa5d7,0xac87,0x2c94,0x348d,0x282e,0xa13b,0xb518,0x2fb5,0x2460,0xa777,0xa93c,0x2bad,0x31f2,0xae36,
    0x356d,0xb0d1,0xaeaa,0x30d2,0x3359,0x330b,0x2dae,0xb295,0x3219,0xa502,0x2907,0x31da,0x1e65,0x3487,0x3a50,0x3464,
    0x32c6,0xad53,0x2e7b,0x38f9,0xad9e,0x2ae2,0x314f,0x2d38,0x34be,0x3771,0x2cf2,0x34e1,0xae4a,0xa80d,0x3306,0xb225,
    0x33f8,0x2331,0x2e65,0x3188,0x18de,0x3249,0xab89,0x2c50,0x2e83,0xb2dc,0x3497,0x2c07,0xa943,0x2c81,0x2f0a,0x30ab,
    0x307b,0xb090,0xb426,0x36e3,0xad79,0x2130,0x24a9,0x2e29,0x2d12,0xb4cc,0x3054,0x2e55,0x2e96,0x3312,0xb785,0x2ac9,
    0xab39,0x2c17,0xb40d,0x32ef,0xad66,0xa999,0x36b9,0x2a94,0x31fe,0xae8a,0xa276,0x9e15,0x36e0,0xb0b3,0xb046,0x9f89,
    0xb2ac,0x9e66,0x26a4,0xb55c,0x28e6,0xae45,0x29b5,0xaf07,0x2ccb,0x24d8,0xb2d3,0x1c8a,0xa7a1,0x23fc,0x2f2b,0x2a4c,
    0x2452,0x2317,0x3280,0x2c9a,0xa1b7,0xa111,0x32f6,0x31f8,0x2c4d,0x2951,0xa538,0x2c9c,0xb4bd,0xb26c,0xa9cb,0x9a90,
    0x34c8,0x96f4,0xa88b,0xacf3,0x3836,0x2aaa,0x3071,0xaa91,0x33e9,0x2e93,0xad1d,0xa3ae,0xa271,0x2efa,0x3096,0xad97,
    0xb19c,0x2fb8,0xb02b,0xacfc,0x2afa,0x331b,0xad3d,0xb2b7,0xb045,0x9843,0x350b,0xb409,0x28e9,0x293f,0xb0e4,0x3675,
    0x311f,0xb159,0x2db7,0x997e,0x367c,0xafd8,0xb1af,0x2dd7,0xaed5,0x3261,0xb22f,0xa457,0x306b,0xadbf,0x3427,0x1651,
    0xb011,0xa7a9,0x3678,0xaa29,0x300f,0x268c,0xa8d1,0x28cb,0xb256,0xa8c4,0xb4a0,0x2c98,0x366a,0xa5c7,0x3435,0x8aa6,
    0xa08a,0xb409,0xad93,0x3046,0x30d8,0xb097,0xb0eb,0xb01d,0x335b,0xa3b7,0xa57b,0x2b4e,0xa5eb,0x34eb,0x3573,0xb161,
    0xabea,0x2d97,0xb45e,0xa876,0xabfc,0xb41a,0xb4fb,0x2e12,0xb210,0x29b2,0xa922,0x2d3a,0x2dbb,0x9d3d,0xb34c,0xae1f,
    0x2711,0x30ff,0xaef1,0xb3c3,0xaccc,0x1cfc,0x2cad,0x26a0,0xad20,0xadef,0x33ec,0xb359,0xae29,0x3247,0xb1b3,0xafcd,
    0x2f8c,0xaa6b,0x1df4,0xac5b,0x2a6a,0xb441,0x14c4,0x9c68,0x33cd,0x2bd1,0x2d77,0x2f02,0x336e,0xac38,0x3a74,0xb128,
    0xb110,0x2203,0xabac,0x2c14,0xaee4,0xa472,0xb43e,0x29ad,0xa528,0x2555,0xa9f2,0xa4a0,0xab53,0xb1c0,0x2d6c,0x299b,
    0x2ad8,0xad65,0xad9d,0x340e,0xb30a,0x2eb1,0x2a0b,0xaf94,0x34d1,0xa9d3,0xb955,0x2cbd,0xb30d,0xac5d,0xab53,0x2894,
    0xad2f,0x329b,0xa45a,0x341f,0xb062,0xb05a,0xae8f,0x30a4,0xb9da,0x2c2f,0x30c8,0x3241,0xaa06,0x2c8f,0xaada,0xb35b,
    0xb10a,0xb14c,0x2913,0xa17b,0x31a8,0xac61,0x3030,0x3053,0xa59c,0x31af,0x2e61,0x29a3,0x9a5d,0xb382,0x80ce,0x340f,
    0x2e0c,0xae02,0x2654,0x3000,0xac6d,0xb248,0x2cf9,0x34d3,0xaaf2,0xa709,0xadfb,0x3468,0xa8a4,0xa53c,0xa4e1,0x9396,
    0xb41d,0x2935,0x2e00,0x2c46,0x3335,0xb855,0x26ba,0x2f75,0xad64,0x3468,0x3050,0x322f,0xad1c,0xad09,0x30be,0xaec9,
    0xaab2,0x3528,0x3748,0xad62,0xa976,0xad66,0x2c46,0x2ef7,0x2cb9,0x2b6f,0x2367,0xa0fc,0xabb4,0xb0bc,0x31bb,0x2420,
    0x2676,0x36a8,0xafbe,0x25eb,0x2c24,0x2f55,0x2c10,0x2d43,0xa765,0x2e0d,0x2e59,0x2fba,0xb223,0x342b,0x34d9,0x2626,
    0x33d8,0x9389,0xab7d,0xaa45,0x361c,0x3310,0xab38,0xac02,0x27e4,0x1ab4,0x2756,0xaa83,0xae2c,0xa9ce,0x2bf3,0x269f,
    0x2f12,0xab71,0xa9a3,0xab6c,0x2568,0x3047,0xab1e,0x301c,0xa523,0xade2,0x3001,0x2ff2,0x8165,0x3590,0xb28d,0x9cab,
    0x3066,0xb3ee,0x2d2d,0xb2e9,0x34c0,0xb16b,0xb379,0x3129,0x32de,0x2fbc,0xb421,0x31d7,0xac98,0x3163,0x2d84,0x1c83,
    0xa920,0xb68d,0xac4d,0xb7cf,0x2c01,0x356b,0xb1cf,0xb423,0xaa84,0x2fbf,0xb41a,0xa7f1,0x3578,0x3105,0x3512,0x365b,
    0xb207,0xb358,0x3521,0x34e1,0x2ca1,0x3874,0xa8d4,0x3146,0xadec,0xaf8c,0x2902,0x2ea2,0x2d48,0xaf95,0xb9fc,0x31ac,
    0x2cf4,0x2e0b,0xb0c2,0x3548,0x29c6,0x2d6e,0x2ab0,0x35fd,0x316e,0x1805,0xaee5,0xa4f0,0x3417,0xa628,0x2994,0xa9eb,
    0x3297,0xb15e,0x2ed4,0xa4c2,0xa638,0x2f61,0xa649,0x2dd3,0x24d3,0x2dd4,0x34b5,0x2da1,0x2e3e,0x3763,0xac49,0x3053,
    0x9584,0xb24a,0x2039,0x28c4,0xb0ab,0x2f7f,0x2c3f,0x33b9,0x2ab8,0x3242,0x2d5e,0xac8e,0x384b,0x2def,0xb30e,0x3253,
    0x2e9d,0xa80f,0x9e66,0xa859,0x370e,0x331f,0x9f14,0xac57,0x302a,0x2e0a,0x1b47,0xa97b,0x2de5,0xa6a6,0x2e77,0x2c5d,
    0x8aa1,0xaac4,0x238f,0x9c98,0xb441,0x3469,0x2a3c,0x3241,0x307a,0x28ef,0x2ee7,0x310e,0x2c40,0x3021,0x320d,0xa79d,
    0x2a69,0x290a,0x33f3,0x9c62,0x3683,0x3173,0x342e,0xb438,0x3145,0x33a1,0xaece,0xada9,0xb017,0x342d,0xb0e1,0x2e6d,
    0x2508,0x358f,0xb296,0xb02a,0xb03b,0xb04d,0xadac,0xaf6f,0xb030,0x3259,0x2a25,0x35a0,0x3522,0x35c8,0x358d,0xafd5,
    0x2d32,0xb6f3,0x226d,0x3567,0xb07d,0xaf7f,0x23ba,0xac5b,0xb108,0x2f6a,0xac25,0xb0e1,0xb197,0xae8b,0x31a3,0xa9fb,
    0x9b58,0x2bc3,0xaf4b,0xaded,0xb000,0xaa88,0xaa16,0xb43a,0xa9bb,0xac4c,0xa9d1,0xb5ac,0x2938,0x2a53,0x3478,0x2b05,
    0xb47d,0x3132,0xb004,0xa8af,0x2afc,0x2bba,0x9341,0x2ebd,0x207b,0xb145,0x3362,0xb237,0xa8d6,0xa8b5,0xaeff,0x3018,
    0xa2fa,0x3901,0xa2de,0xb03e,0x27ef,0x3427,0xb4a5,0x177c,0xb18f,0x23b9,0xae97,0xaee7,0x331c,0x31a1,0x3590,0xaa06,
    0x3541,0x268a,0x2640,0x9ace,0x2cd8,0xa807,0xa8d2,0x2c70,0x33a9,0xab8c,0x2732,0x9bce,0xa7ce,0xafb4,0xaaa7,0xa853,
    0x3810,0x2683,0x3135,0xb35e,0x3179,0x3006,0x2cbc,0x3451,0xaeb0,0x2d6a,0xab14,0x2cf9,0x3055,0xa9a3,0x34d8,0xabc9,
    0xafc5,0x24a3,0xa19c,0x2a16,0xae18,0x20cb,0xb2cf,0x2389,0x3425,0xb07d,0xb652,0x243f,0xb04a,0x2d75,0xabae,0x3314,
    0x2459,0xb56b,0xaff3,0x36f3,0x1fd9,0x2d2e,0xb248,0x3090,0x221f,0x2dae,0x2df4,0x34fd,0x2e35,0xb4be,0xaa97,0x35f5,
    0x9e82,0xacb8,0xb01a,0x303d,0x2560,0x26d0,0x9ab1,0x2f81,0x3878,0x24a1,0x25d5,0x2bac,0x30a0,0x34fa,0xac72,0x25d5,
    0x1d1e,0xad2f,0x3086,0xa749,0xb213,0x2b4f,0x31b7,0xa5fe,0xa7b0,0x29b5,0x3062,0x2ee6,0x29ec,0x3073,0x2b00,0xabb2,
    0xaaa5,0x332e,0x3108,0x1b8e,0x280b,0xa781,0xac85,0x2b87,0xa66a,0x2adf,0xb6f7,0xad0c,0xa2ae,0x342c,0xa419,0xa24e,
    0xa46a,0xb4cf,0xb28f,0x3236,0xae21,0x29ba,0x3623,0x2a15,0x29c6,0x34fd,0x2f9d,0xb051,0x35ff,0x304a,0x32dc,0xb045,
    0xaadb,0xa246,0x8edc,0x1eb7,0xb49f,0xb19f,0x301e,0xb4ce,0x3019,0x3199,0x24a6,0x2ba4,0xa7fe,0xa564,0x285c,0x2bd1,
    0xa112,0xa50a,0xafe2,0xb00f,0xa863,0x2090,0xacc3,0xab9d,0x33ba,0xb145,0x2d52,0x2d96,0x35b0,0x99ee,0x387a,0x24f8,
    0xb7f5,0xac7d,0x291b,0xb4f8,0x2b09,0x2d14,0xac3b,0xa37f,0xb53e,0xaa05,0xae55,0x302a,0xa456,0x3650,0x2c0e,0xa5cf,
    0x2401,0xb409,0xafc3,0xb42a,0x32ec,0x2e53,0x2721,0x366d,0x305c,0x250d,0x2ca5,0xb238,0x28a6,0x1ffa,0xa838,0x304e,
    0xa6c7,0xb76d,0xab14,0x2c12,0xb0db,0xabc6,0xb3e7,0xb001,0xb463,0x2cc1,0x2e09,0xb061,0xb007,0x33ba,0xb144,0x283d,
    0x2f69,0xae39,0x8f9f,0x2ffa,0xa7c5,0x3761,0xafd4,0x2070,0xb5c6,0xaf0e,0xae54,0xa712,0xb2c7,0x313d,0xb0fb,0xaf58,
    0xb5c0,0x2d17,0xb302,0x200d,0x21e3,0x3292,0xb04a,0xb258,0x2cc2,0x2cff,0xaecb,0x2c41,0xadba,0x2da4,0xa9a2,0x9bf7,
    0xb29c,0xb942,0xaf8b,0x2ee2,0xae94,0x9ee4,0xb464,0xb056,0xb4a9,0xb286,0xb4a5,0xacd7,0xada3,0xaca5,0x2802,0xb08f,
    0xb553,0x2b52,0xa8a6,0xae5f,0x1dd0,0x3c53,0x21c6,0x1a81,0x1dac,0x31ba,0x3097,0x1faa,0x30e4,0x3044,0x347c,0x24ac,
    0xb1c5,0xb151,0xafac,0x9e12,0xb246,0xaf1b,0x3145,0x3419,0xb521,0xa97d,0xb6fc,0x2a3f,0x88b3,0xb418,0xac76,0x2e77,
    0x34e5,0x3029,0x2d1c,0x2832,0xb34a,0x2d5c,0x2ca8,0xb44e,0x36eb,0x30cf,0xb346,0x2c75,0x8ef2,0xadc4,0x291f,0xacc9,
    0x2d5a,0x3531,0xb0a3,0x2e7f,0xabc4,0xaa81,0xa803,0xb01a,0x14d0,0x381a,0xb517,0xaed6,0xb30b,0xacc9,0xaf71,0x2ba6,
    0xaec3,0xa5b5,0x34a1,0xb559,0xaff5,0x3564,0x266e,0x905f,0xb227,0x3082,0xb07b,0xacc3,0xad23,0x3102,0x3750,0x2257,
    0xb883,0x30d4,0xb249,0xb3a3,0x369f,0x2e2e,0xafce,0xb233,0xb414,0xac70,0x300b,0xad91,0xae1f,0x2b31,0x30a3,0x263f,
    0xae2c,0xb3d7,0xb415,0xb26a,0xa5ed,0xa957,0xa7d9,0xa6b9,0x2da4,0x32d5,0xad5d,0xaa93,0xaf0a,0x3458,0x32ce,0xaf57,
    0x2fa5,0xb1d5,0x2e28,0x2779,0x2b65,0xb016,0xa082,0xa606,0x2817,0xae0a,0x342a,0x2c2c,0x36e3,0x31b7,0x3273,0xa4c5,
    0xaf29,0xa900,0xad0d,0x2b43,0xb113,0x2a14,0xb029,0xaff0,0xb23d,0x2b80,0x2c2f,0x2a50,0xac57,0x9df9,0xaf63,0x28a3,
    0xb4ef,0xb0b4,0xada0,0x3299,0x9dd2,0xae1b,0xa6d9,0xa9f4,0xb0cd,0x300a,0xbbf3,0xb184,0x2fac,0xa847,0xae60,0xb2c6,
    0xa9ce,0xb4b7,0x3181,0xaa6e,0xb083,0x2fa5,0xb455,0x352a,0x2dee,0x2e8d,0xaee1,0x3147,0x2f0a,0xb498,0xad79,0x2a06,
    0x265f,0x2f49,0x30cb,0xaefe,0xb22b,0x302f,0x238d,0x3292,0x244b,0x2b92,0x3562,0xb456,0xb498,0xad06,0xacec,0xa4a5,
    0x2479,0xa741,0xad7b,0x3084,0x2c17,0xb083,0x3579,0x2b29,0xb1be,0x333b,0xaba3,0x2801,0x33a9,0x361e,0x3589,0xa97d,
    0x34a2,0x3084,0xae1c,0x375f,0x3176,0x36b8,0xad12,0x307d,0x2946,0x2295,0xa287,0x30fa,0x2621,0x1dfa,0x27c8,0x2774,
    0x239b,0x1d24,0x307d,0x38ad,0xadf7,0xb1db,0xb397,0xb3b6,0xa618,0xa9f6,0x2bd0,0x24fa,0x31bb,0xaf5f,0x3009,0x287d,
    0x30e4,0xa116,0xb234,0xb052,0x3404,0xb29c,0xab59,0xaadc,0x326c,0xb314,0x2a61,0x30d4,0xb743,0xadf6,0x34d2,0xb7a5,
    0x2517,0xa95f,0xaebb,0xa1a1,0xb2c8,0xb48a,0xae55,0x3215,0x2bdb,0x1d6c,0xa9d4,0x2e77,0x1eb8,0x256b,0xb275,0xa3c9,
    0x319a,0xac66,0x2e69,0x2e15,0x907d,0xa560,0x2b58,0xa8a3,0xb5ef,0xa8c5,0xb987,0xb0c6,0x2f72,0xa9dd,0x2d4f,0xa714,
    0x35e7,0x3494,0x21ae,0x2842,0x37a0,0x9e86,0x30d1,0x296b,0x37dd,0xb469,0x333c,0x2ca9,0xad12,0x340c,0x30f3,0x3010,
    0xb11a,0xb0fa,0x310c,0x307e,0x3458,0x34fb,0x2e5a,0x3456,0x3067,0xa993,0x3568,0xafd0,0xb27b,0xb693,0xb285,0x3038,
    0xb0c4,0xae19,0x2152,0xae09,0xb2c3,0x29bc,0x355a,0x2fe9,0xb5a0,0x2aaf,0xaaaf,0xb0b6,0x2f27,0x24b6,0xb637,0x2f57,
    0x3441,0x308f,0x2f6a,0xb143,0x29c4,0xb4d2,0xaa15,0x288a,0x2c59,0xaeb6,0x286d,0xa5bc,0x3615,0x34b1,0x342a,0xa4d3,
    0xae34,0xa6b4,0xa8a2,0xb62d,0xa730,0xa851,0x2e3d,0xb463,0x995f,0x2cec,0xb35d,0x2f42,0xa4bc,0xa959,0xad1d,0xa8df,
    0xb187,0xa6c7,0x2f95,0xa81c,0xae40,0x2df3,0x25a5,0xafcc,0x9be5,0xad13,0xb1b1,0x9a88,0xaafd,0x282c,0x31ec,0xab2f,
    0x3055,0x9f61,0xa844,0x28c0,0xafca,0xa449,0xaeba,0x2981,0x32f1,0xaba9,0xa995,0xa963,0x24da,0xa9e5,0x36f5,0x306d,
    0xb4b6,0x2b07,0x2a6a,0x30f3,0xac4c,0x1c7c,0xa45d,0xae2c,0xb17c,0xacde,0xb17e,0xa95e,0xab13,0xb1ac,0xb02b,0xa82c,
    0xb3a2,0xb213,0x2209,0xb3d4,0x34b6,0x2c71,0x2d76,0xaffb,0xb4ee,0x2596,0x348e,0x2529,0x2cea,0xb206,0x29f9,0xac25,
    0xae44,0xb5ae,0xaf8e,0xad70,0xb0c5,0x2d08,0x2d40,0x9e92,0x24f5,0x2339,0xaca1,0xaa47,0x2c6b,0xb15b,0xaea1,0x328e,
    0xb064,0x33cb,0xb474,0x3184,0x235e,0x30ee,0xad94,0x2dbd,0xb59c,0xb422,0x24c8,0xb214,0xa61c,0xaf6e,0x2868,0x2a2f,
    0x2a6e,0xa902,0xb4dc,0xb106,0xb48f,0x3104,0x3363,0x3054,0xb1aa,0x28be,0xb3ea,0x337c,0xb430,0x327d,0xb339,0x300c,
    0xb000,0xb1a6,0x2bd8,0xa949,0x2a60,0x27cf,0xa623,0xb64d,0x2cd8,0xa5ff,0x3239,0x2f5f,0x3177,0x29d9,0x2f95,0x3161,
    0xa931,0xb3ff,0x3004,0x3104,0x2aed,0xb8d1,0x3134,0xa8d8,0x2d1e,0xaf00,0xae41,0xb311,0xb062,0xae13,0xb6bc,0x3499,
    0xade1,0xa206,0xa687,0x2220,0xa5ef,0xb50b,0xb011,0x2e74,0xb1dc,0x28f9,0x25d8,0xa8e5,0x2cd9,0x2cd1,0xab6d,0x286c,
    0xb5c2,0xabe5,0xb00c,0xb34b,0xaf56,0xb0b1,0xa142,0x2d37,0xb5c3,0x25da,0xb658,0x32c8,0xaa70,0x33fa,0x2ef2,0xb304,
    0xbac4,0x0ca3,0xac43,0x29d2,0xaffe,0x31d9,0xabbc,0xa3ee,0xb8af,0x301c,0x2d28,0xac6e,0x2814,0x9dfa,0x2f26,0xafc6,
    0xb5d5,0xb910,0xaf15,0x3035,0x2a6d,0xb061,0xa4f3,0xac6f,0x99d7,0xb55f,0xafcd,0x2a3e,0xb074,0xa549,0x24e0,0xb0ae,
    0xa150,0xad43,0xac90,0x2c5f,0xb26b,0xb589,0xa681,0x30f9,0x3662,0x31f8,0x25e1,0xaf08,0xb1ad,0xb5a4,0xb49e,0xa0bf,
    0x394f,0xacc3,0x3208,0xb4c3,0xabd0,0xb356,0x2618,0xb39c,0xb40c,0x2b5d,0xb128,0x373e,0x2d63,0x2d95,0x36af,0xac63,
    0x2f02,0xb155,0xad9e,0x3051,0x302c,0x2092,0xb09b,0xac80,0xa064,0x305b,0xb244,0x2a8e,0xac84,0x2f5c,0x3196,0xa007,
    0x300e,0xb699,0x2fe6,0x1bd5,0x293d,0x2c62,0xb1f8,0xaca1,0x2b50,0x300c,0x31cd,0xa789,0x2c38,0x34eb,0xb0a4,0xaf73,
    0x2e46,0xa9cb,0xa82c,0x302b,0x31d1,0xb19b,0x2be5,0xadfb,0x341b,0x2731,0xa68a,0x2887,0xa100,0xa8cb,0x3343,0xa930,
    0x3395,0x2e8e,0xadbb,0x2918,0xab36,0x3244,0xb45c,0xa5e7,0x2e0a,0x3173,0xb225,0x327a,0x2c46,0xb2fb,0xb048,0x348b,
    0xad46,0x30d9,0xad7f,0x2e3f,0xb146,0xb39b,0x3082,0x2af3,0x3455,0x9473,0x3371,0xa771,0x274c,0x355a,0xb058,0x3611,
    0x319d,0xa952,0x2af3,0xa85f,0x2d24,0x33a7,0xacec,0x2f9f,0xa86e,0x32b2,0xb2a1,0x32af,0xb095,0x2bc3,0xa5ee,0xabef,
    0x2e34,0x288a,0xa7c2,0x2f1b,0xb134,0x2cbc,0xb3ca,0xaa67,0xb79d,0x2f60,0xad11,0x3165,0xae0c,0x339d,0xacde,0x9ffd,
    0x283a,0xb2ff,0x2fbe,0x3026,0xb11b,0x2c4b,0xb232,0xb24c,0xafa9,0xab70,0xa644,0x35ab,0x31cd,0x2abc,0x20e0,0x167f,
    0x2f21,0x36c0,0xa389,0x36b3,0x2125,0xacde,0xab42,0xb0c3,0xa45e,0xa24c,0x3570,0x2d4e,0x287f,0xb55e,0x2ce1,0x2f17,
    0x291e,0xb454,0x2610,0xaf1d,0x2488,0x2972,0xb642,0x28ed,0x32f7,0xace4,0xa827,0x32c6,0xb361,0xaefe,0x3011,0xb5ea,
    0xae4e,0xa5e6,0xa7f7,0x2c0d,0x266a,0x26a0,0x2d6e,0x1e2e,0x304a,0xae8e,0xa6e3,0xa6eb,0x1db3,0x2414,0xaa03,0x265d,
    0x31cb,0x3352,0x2721,0xb009,0xb1e9,0x2ca3,0x2ac1,0x34e9,0x35b8,0xaf4b,0xb403,0x2f0e,0x305b,0xb7d7,0x3219,0xa9ff,
    0x343b,0x30ad,0x220b,0xb63b,0xad9d,0x32eb,0x2de7,0xaa64,0x38f9,0x338c,0x35bc,0xab04,0x2e91,0xae55,0x3013,0x3387,
    0x2be8,0xb0e7,0x347f,0x3486,0xb13f,0xafed,0x309b,0xb1c1,0x36a3,0xaa0d,0x30aa,0x2866,0x2fd8,0xb610,0xae66,0x2865,
    0xac64,0xb45a,0xacce,0xb378,0x2ea1,0x34f8,0xa86c,0x2896,0xab9c,0xad00,0xad18,0x2f16,0xb04c,0xb74a,0x2c57,0x2935,
    0x32e2,0x34b2,0x9fca,0x2ab1,0x2ab6,0xa042,0xb19a,0x2c5f,0x3193,0x28e8,0x2ee5,0x3240,0x2ddd,0xa659,0x31e9,0x24b6,
    0xb585,0x3229,0xa357,0x3079,0xa234,0x2c83,0x30c1,0x23b8,0xa899,0x2e28,0xb6fc,0xa445,0x2dd0,0xade9,0x3008,0xb131,
    0x2c0f,0x3524,0x2f6d,0x2708,0xaa52,0x28f3,0xaf44,0xaddf,0x30b0,0xb01a,0x9657,0xaf52,0x3540,0xad2b,0x2f54,0xae3a,
    0x3457,0xa813,0x2591,0x8d60,0x18ef,0xa69b,0x29e8,0xad31,0xabc8,0xa62c,0x2dc4,0xab4a,0xaf9d,0xacc4,0xa419,0xb046,
    0x01b4,0xb012,0x295e,0xb3f1,0x32c7,0xb51e,0xaad4,0xb5f0,0xb4cd,0xadc0,0x3a21,0xb0a2,0x2cbf,0xb350,0xb20a,0xb177,
    0x2fa9,0x3536,0x297e,0x2afc,0x3405,0x3191,0xac04,0x2e51,0x2bcc,0xa8a1,0xaf85,0xac36,0x8da8,0xb5b0,0xaa32,0x3419,
    0xac30,0x32b7,0x2c90,0xb00c,0x32fd,0x3242,0xa170,0x270f,0x2ccd,0x32bd,0xb5c9,0xb5ca,0x345d,0x27c6,0xaa9c,0x2c82,
    0xa7c1,0xb1f2,0x28a9,0x262b,0x2f7f,0x37e2,0xada2,0x31bd,0xb44f,0xb041,0xa87a,0x2fc2,0xb40f,0xb888,0xb767,0x2501,
    0x3541,0xa6b1,0xb4e4,0xb372,0xb73f,0x3440,0x32af,0xaf79,0xb55c,0xb48f,0xb122,0xb4df,0x2598,0xb1e2,0xb0da,0x299c,
    0xaf75,0x304f,0x293d,0x1df8,0x31ff,0x3324,0xa0c5,0xa8e9,0x2e15,0x9cb0,0xa60c,0xa1ee,0xb1ed,0xa625,0xaca1,0x27db,
    0xb53f,0xb8bc,0x9339,0x26a1,0xa896,0xb253,0xb4bc,0x336d,0xa916,0x30db,0xad22,0xb316,0xaef6,0x2d14,0xb5d9,0x3878,
    0xb060,0x24b0,0x3086,0x2913,0x341c,0xb324,0xb382,0xb408,0xb557,0xa6af,0xadcf,0xacfc,0x309a,0xa63a,0xaa27,0xa6d3,
    0x32e5,0xb042,0xb004,0xacad,0xadd8,0x19de,0xab57,0xadc1,0x2f13,0x27af,0xb472,0x31eb,0xb05c,0x2808,0xb6c5,0x3225,
    0xb90b,0x2551,0x2d46,0xaf15,0xab31,0xb00b,0x3135,0xad79,0xaf56,0x325a,0xb489,0xaadf,0xaa29,0x2120,0x2959,0x9db7,
    0x308f,0xaf86,0x3088,0xad7c,0xb436,0xaa27,0x2b3f,0x2159,0xb0b3,0x384f,0xb4a0,0x9d69,0x30a5,0x2815,0xb1c3,0xb0fd,
    0x258e,0xb13c,0xb0d8,0xb19a,0x2ef1,0x1bbd,0x28ed,0x2a47,0xb439,0xb2b1,0xac3f,0xb137,0x2d1b,0xa9ec,0x3045,0xa804,
    0x32c3,0x2979,0x3275,0xb10d,0xb01f,0x30c8,0x28c7,0x9bc6,0x2bfe,0x3445,0x2c69,0x29bd,0xaa94,0x2fa3,0xb3ba,0xace5,
    0x3375,0x304e,0x19b3,0xb628,0x2cbc,0x2c4e,0xaf4d,0x1d60,0xac28,0xafb8,0x2c04,0xa5fa,0x280c,0xa6e4,0x2cec,0x24ce,
    0x220a,0xaf2a,0x2eff,0x2238,0xadd3,0x3281,0xb6cd,0xad97,0x336e,0x2c6c,0xa6ba,0xa391,0x2d85,0x2c22,0x35e7,0x2ed3,
    0x2da2,0x2487,0xacce,0x2d3e,0x2705,0x2d8d,0xa0d2,0x236d,0xb5aa,0xa655,0x2d86,0x26a4,0xa7b3,0xa15d,0x1d72,0x2944,
    0xb372,0xb009,0xb0d9,0x313d,0x320c,0x2c99,0xacf7,0xb349,0x3755,0x0f2b,0x2d18,0x31f2,0xb467,0x30ac,0xb27f,0xb2e6,
    0xa4d2,0x345e,0x3267,0xb7ca,0x3733,0xa124,0xaf34,0x3371,0xaf21,0x25b5,0xb538,0xa479,0x2a59,0x2d82,0x3186,0xa39d,
    0x2b88,0x288e,0x367b,0x3238,0xb119,0x24ee,0xaee1,0x2fba,0xa5eb,0x2b5d,0x358f,0xb54f,0x354e,0x368c,0x3158,0x301a,
    0x2980,0x2c16,0x251c,0x2ad3,0xadf8,0x2f8b,0x34f9,0x3324,0xaeba,0x2ea9,0x2d08,0x9cbf,0x31db,0xa081,0x350b,0x2d0b,
    0xb47e,0x3099,0x224d,0x2e71,0x3406,0xb719,0x2a71,0x3025,0xb150,0xb31e,0x2cab,0x3258,0x253f,0x278a,0x30fb,0x277d,
    0xade0,0xb410,0xa594,0x2f46,0xae2d,0xab45,0x2119,0xad0a,0x278f,0x2497,0x30ee,0x29d8,0x311a,0x3332,0x2abf,0x026d,
    0xa7a8,0x30bb,0xb41c,0x325b,0x2518,0x2ea3,0x30da,0xae7d,0x3059,0x332a,0x3224,0x3011,0x3455,0x30e6,0xb036,0x3152,
    0x3131,0xa469,0xafd1,0x2cef,0xa607,0xafde,0xaea7,0x2834,0xb5f4,0x2332,0x29fe,0xa732,0x2ac9,0x1c37,0x2d21,0x2c86,
    0xb3c6,0x2b74,0xb403,0x306e,0x3322,0xb0f1,0xa422,0xb041,0xac31,0x222b,0xb5f0,0xb10b,0xabdc,0x3330,0x2d89,0xb082,
    0x2987,0x304c,0xa196,0x3535,0x34d8,0xb137,0x3100,0x2857,0x3647,0xab5b,0xa14a,0x28ae,0xa04b,0x2ed3,0x31c1,0x3058,
    0xa899,0xa6cf,0xa9df,0xb033,0x3494,0xacb3,0x32b8,0x2e7c,0xb27c,0x35c6,0x30b4,0xa94e,0xb2c6,0x339e,0xab73,0xade1,
    0x24d9,0x301d,0xa9b7,0x274e,0x3600,0x290d,0xad93,0x2e3e,0xb03b,0x2acd,0x2db8,0x2b78,0xaff2,0x3136,0x34ef,0x1d45,
    0x288e,0xb351,0xb444,0xa993,0x3482,0xb6b6,0x28cf,0xb06d,0xae2d,0x2838,0x1e0b,0x2d2f,0x203e,0xaf44,0x2c0c,0xada4,
    0x318d,0x2ee7,0x3167,0x2908,0xaba1,0xa75e,0x889a,0x2d79,0xb06a,0x2ee1,0x30b0,0x2964,0xae7e,0x30eb,0xa56f,0xaadc,
    0x28e4,0x9601,0x2987,0xa811,0x2d26,0xafae,0xac80,0x29b3,0xaff1,0x3014,0xaaf6,0xa833,0x3346,0x3027,0x35a7,0x2709,
    0xad26,0xa016,0x2567,0x305b,0xa632,0x348f,0x238b,0xade7,0xaee6,0xa6bc,0x2927,0xa2e9,0xacb3,0xa302,0x333a,0xa727,
    0x28ff,0x3019,0xae18,0x2bf6,0x2fc7,0xae61,0x2a87,0x32cc,0x2b04,0xa986,0x36b1,0x3070,0xa9a1,0x2293,0x357d,0x2ef2,
    0xb37a,0xb287,0x2431,0xa88a,0xa669,0xa826,0x2968,0xaf47,0xac9f,0x2826,0x2dbc,0x2ce1,0xb05a,0x2adc,0x3057,0x2d59,
    0x3052,0x2c87,0xb47b,0x30b4,0x2b4f,0x3002,0xac2c,0xa6ed,0xa7a2,0x340f,0xb004,0xacab,0x30ca,0x36cd,0x30b7,0xb1a6,
    0x281e,0xa3a8,0x2bdb,0x2f1b,0xb412,0xaba2,0xb530,0xaeb2,0x2e51,0xb10e,0xab86,0xb172,0x29af,0xb60b,0x328b,0x2e96,
    0x3105,0x327b,0x3390,0x28e5,0x2616,0x33f8,0x21e1,0xaf22,0xad42,0x2641,0x291d,0x2931,0xb43b,0x213a,0x3189,0xa524,
    0x2daa,0x266d,0xad34,0xb6cc,0x1fa8,0x25f5,0x2f9b,0xb21a,0xa585,0xaeda,0xb0f8,0x302c,0x3026,0xa590,0x3466,0x24ae,
    0x2c10,0xb520,0x2da0,0x30dc,0x2884,0x2a91,0xa8f1,0xb055,0x3525,0xb3cb,0xadb7,0xb204,0xb37c,0x26b6,0xb418,0x24d5,
    0x2abd,0x9f4f,0xb0e0,0xaeea,0xb457,0xb54a,0x28c9,0x24ae,0xb571,0x2e3b,0x9914,0xad66,0x9546,0x2aa6,0x3596,0x2c08,
    0xb33e,0xac59,0x2c16,0xb002,0xb1bf,0xb192,0x2716,0xb046,0xb5e9,0x1884,0xb301,0xa571,0xab0f,0x2ffe,0x2a9a,0x2bc1,
    0xac9e,0x2c57,0xaaf1,0xb464,0xada5,0xa8fa,0x35d7,0xb04f,0x2f8d,0x3101,0xb1ec,0xb44a,0x30cc,0xb1fd,0x2d9a,0x2f63,
    0x2739,0xada5,0x2eae,0xb3c9,0x31b7,0x2295,0x2ab5,0xb41c,0xaab4,0xa2a9,0xb75c,0xaf86,0xb201,0x29cd,0xac6a,0xb177,
    0x2b75,0xad39,0xac7f,0x332d,0xaec7,0xad1b,0xad40,0x2c15,0x34bb,0xa907,0xa841,0x3033,0xb48e,0x3569,0x2172,0xaef9,
    0xb799,0xae78,0x2c16,0x2ce0,0x3454,0xb3a6,0xb0fb,0xa787,0xb22b,0x2285,0xb489,0xae32,0x2c4f,0x2d55,0xab8a,0x2449,
    0x3209,0x3068,0xac65,0x2936,0x2de2,0x2e88,0x9a8a,0x2d5f,0x2d8a,0x260c,0x1f82,0xb19e,0xb144,0x25fd,0x323a,0x3362,
    0xb197,0xad79,0xae02,0xab65,0xaf67,0xb0d9,0xb54b,0xac68,0xa7ae,0xa8f2,0x3307,0x233b,0xb238,0xafbd,0xb6a5,0xa05d,
    0xb392,0xa313,0xb258,0x2ee0,0xb191,0x2916,0xad47,0xa33e,0x3662,0x3770,0x2959,0x241e,0x3022,0xa7ea,0xa768,0x2ced,
    0x9ff7,0x2cd1,0xb3cb,0x2be2,0x2e80,0x2405,0xaf75,0xb651,0x3694,0x309a,0x2cb6,0x3471,0xb017,0x3168,0xb41e,0x2a15,
    0xac11,0x2bba,0x2abc,0xab60,0xb24b,0x30da,0xb0fd,0x9188,0x35ca,0x31fa,0xae63,0xad32,0x2cb2,0x2df0,0x334c,0xa792,
    0xb2df,0xb1b1,0x31b9,0xb069,0xb25f,0x2cfa,0x2f07,0xa79e,0xab8e,0x2c9c,0x36e8,0x33dd,0x264d,0x1cb0,0xb013,0x313a,
    0x25fc,0x2c53,0xaacf,0x266a,0x33d7,0x350d,0x9a04,0x2b72,0x3472,0x2fe9,0x27ef,0xaaf3,0x3177,0xb76c,0x27b6,0xac54,
    0x2cd2,0xae4c,0xb2e3,0x321d,0x3451,0xb5d4,0x32b2,0xb4f1,0xb0f8,0x31bd,0x2cb0,0x2f87,0x3577,0xab18,0x2d71,0x9d27,
    0x2c38,0x323d,0x315b,0xadff,0xa0f5,0xad56,0xa87c,0x2bd3,0xabc5,0x28fe,0xa918,0xaf84,0x2cad,0x302a,0x2318,0xa696,
    0xac45,0x355c,0x2e81,0x2563,0xaf2d,0x2838,0xb56c,0x2c53,0x2241,0xade3,0x2e61,0xb06b,0xaea8,0xb341,0x2fdc,0x937d,
    0xa775,0x15a5,0xb114,0xaced,0x3310,0x353c,0xb13a,0xaec6,0x30c5,0xaded,0xaa59,0x9ed3,0xa47d,0x2a7b,0xb43b,0xa2fe,
    0x3203,0x9c17,0x2442,0xb4c1,0xaf69,0xa570,0x2994,0x2b28,0xb41c,0xa7ac,0x346f,0xaf55,0x9c57,0x28b5,0x37a3,0xadb5,
    0xb344,0x3000,0x30ec,0xa9b0,0x3737,0x2fc2,0xb4a5,0x388d,0xb4e9,0xb1b5,0x327d,0x2309,0xb0ce,0x3067,0x2673,0x280b,
    0xad1a,0xaa68,0xaff8,0x31e1,0x2486,0xadf8,0xb12d,0x3554,0xa864,0x3330,0x2d50,0xab91,0x96b0,0x349f,0x2966,0x2c2c,
    0xab14,0x24a4,0x27e4,0x30f1,0x3302,0xb19b,0xabc2,0xb096,0x320a,0xad18,0xa0eb,0xb30f,0xa57c,0x3010,0x29e2,0x2d9d,
    0x302e,0x2ad5,0x3125,0xb0bf,0x37c3,0x3057,0xa65f,0xb619,0x2e01,0xae51,0xa6a5,0x2441,0xacb3,0x2ddb,0xb0aa,0x30b5,
    0xb4d2,0x23a3,0x297e,0xb350,0x2f17,0x2250,0x2d74,0xb32d,0x2523,0x303f,0xb516,0xac9c,0x2e72,0xa817,0x2af6,0xb018,
    0xa334,0x3634,0x2df7,0x301e,0xa986,0x2998,0x301d,0x2c52,0xb194,0xb1f0,0xb3d5,0xb1c9,0xb472,0x32d5,0xaf02,0x304f,
    0x3306,0xa57d,0x2f15,0xa635,0x265a,0xac5c,0xa448,0x311a,0xb850,0xac9b,0x26d0,0x285c,0x1b2e,0x9c7f,0x35d4,0x26bb,
    0xa308,0x2aff,0x324a,0xaadd,0xa9a3,0xb299,0x2b16,0xb3b2,0xb667,0x2de8,0xb7a0,0xacd9,0x28bc,0x2c58,0xb03a,0xb117,
    0x3810,0x20de,0xacf6,0x2dc7,0xacfa,0xad27,0x22b2,0x3277,0xb88e,0xb228,0x273b,0xae62,0xa154,0x23df,0xaf00,0x3149,
    0x3038,0x32a5,0xa3a8,0x3534,0xade0,0x2c83,0x9d25,0xabb0,0xb291,0xb2bd,0x2db4,0x2dba,0x309a,0x3353,0x357c,0xa2f8,
    0xa492,0x3298,0xa0aa,0x342d,0x3469,0x33fc,0x326b,0xade9,0x2dd6,0xa8ed,0x2c1d,0xae32,0x3428,0x2a3d,0x3530,0xb110,
    0x2ca4,0x26ac,0xab42,0x3586,0x269d,0xb47b,0x1be9,0xaae3,0xb1bf,0x2ff2,0x2874,0xb06c,0x2fe1,0xb45f,0x2d26,0xac95,
    0x27cc,0x2c29,0x2ccc,0x2e7f,0xa04b,0x2330,0x1d75,0xa997,0xaeec,0xa6d9,0x2d08,0x2fbc,0x255e,0x3172,0xad41,0x9c61,
    0x288e,0xb117,0xa581,0xb4b3,0xabe0,0xb8b2,0xb2f1,0xb003,0x30fb,0xb295,0xa868,0x3247,0x35bb,0x2f38,0x37b4,0xae6b,
    0xac1e,0xa83f,0x2959,0x32e8,0xad42,0x3350,0x971b,0x29b3,0x28bd,0xb222,0xa12d,0x2901,0xadd1,0xaae9,0xaccb,0xaeeb,
    0xafaa,0x2189,0x29c5,0x3711,0xa7b2,0x2f53,0xaf42,0x307e,0xa9ba,0xb037,0xb3d8,0x2918,0xb09c,0x2e52,0xb052,0x31d0,
    0x324a,0x34a4,0xabd5,0xa489,0x25cd,0xb4d1,0x9a8e,0x34c2,0xb8b8,0x2ce1,0xa8ea,0x311f,0xadef,0x1b99,0x2b3d,0x1910,
    0xb212,0xae99,0x2d18,0x2d1b,0x2dfe,0x2b02,0xb256,0x2496,0x2d40,0x3440,0xb520,0x281e,0x324b,0xae02,0x30b6,0x327e,
    0xbaed,0xbaf6,0xbcf0,0xb4d4,0xb646,0xba80,0xbbc5,0xbc5c,0x954e,0x31c5,0x2dcb,0xbab6,0xba68,0x2df7,0x35af,0xb143,
    0x3c1d,0x2948,0x3a9d,0xb9f1,0xb525,0x36bc,0xb955,0xb741,0xbb64,0x39ec,0x3a24,0xba56,0xbdaf,0x3352,0xbc31,0xb377,
    0xbc65,0x3b0e,0x36f9,0x31e0,0xb7dd,0xbc27,0xbc51,0xb9e2,0xb0b4,0x3437,0x38cd,0xad4b,0x3423,0x297c,0x3874,0xb925,
    0x308f,0xb951,0x3729,0x2a3a,0xac45,0x3139,0x39c9,0xb52c,0xbad7,0xb79a,0x397c,0xb489,0xbc58,0xb98a,0x3c75,0x35f4,
    0xba21,0xadde,0x3438,0xb475,0xbe8b,0x3b3e,0xb07f,0x234f,0xaefb,0xb847,0x31bb,0x3275,0xb807,0xa4a2,0x3da6,0x31b7,
    0xae8c,0xbb26,0xb88e,0x3805,0x3e64,0xb964,0xbbdb,0xb857,0xbd68,0xb3c2,0xb105,0x39f0,0x3ab1,0xb632,0x3500,0xb09d,
    0xbde4,0x35fc,0x3af7,0x3a4c,0xbc82,0xb769,0xb764,0x35d7,0x3670,0x3340,0xb752,0x3e69,0x3880,0xbd21,0x3232,0x391d,
    0xb6e4,0xb8df,0xb5f2,0x3c87,0x3cf1,0x3e8a,0x3417,0x3c20,0xb608,0x385c,0xb8ff,0xb81d,0x2cd6,0xbda7,0xbb40,0x3c69,
    0x31bb,0xab36,0xb5b5,0xb1e4,0x200d,0xaf7e,0x2c27,0x3864,0xaa61,0xb44f,0xa548,0x3445,0x2c1d,0x2b77,0x2901,0x338b,
    0x325f,0x9e80,0x9f4e,0x2d9f,0x32e7,0xa4ca,0xb501,0xa601,0xbaee,0xb406,0x2cd5,0x2dee,0x38b6,0xac87,0x354c,0xb864,
    0xa83d,0xb192,0xb455,0x2752,0xb71a,0xbbd5,0xb4cf,0xb014,0xb0ea,0x30eb,0x9e2d,0xb5c5,0x3562,0x2d73,0xaa34,0xb0de,
    0xb33a,0x1e42,0x2a16,0xb0fa,0x3212,0x2554,0x2ad3,0xb1f6,0xb3d2,0xaff9,0x2df4,0x3064,0xaa73,0x226a,0x9063,0xab9e,
    0xb310,0xbc0e,0xb79b,0x34d5,0xafd0,0xaee0,0xb62a,0xb202,0x3849,0xba99,0xb1e4,0x33bb,0x2fde,0x32e1,0x9bb0,0xb491,
    0xaadc,0x3860,0x34dc,0xaa99,0x1458,0x36bb,0x38bd,0xa8aa,0x2a33,0xb656,0x255f,0x2f33,0x9eac,0xad92,0xab44,0xa8ed,
    0xb142,0xac9e,0x30ef,0xada5,0x33ce,0x2a7b,0xaa13,0x948b,0x2c26,0xa546,0xa606,0x2a60,0xacf1,0x31a7,0x3465,0x2e9e,
    0x35e6,0xafc2,0xaa6d,0x992c,0x262c,0x322f,0xb8a8,0x9c16,0x1e38,0xad52,0xad24,0xb41a,0x2c1c,0x321f,0xb81a,0x3413,
    0x397b,0xa04d,0x2b1e,0x2e64,0xae64,0x2f45,0x1df5,0x378e,0xa1ca,0x3393,0xb73a,0x3a6c,0x2e87,0x2755,0xae0d,0x3533,
    0x2643,0xaf77,0xab36,0x28b0,0x2fd5,0x1f8f,0xb3dd,0x3213,0xb204,0x2a9c,0x28e8,0xafa5,0x39cf,0x2abd,0x31fe,0x32ba,
    0x2d39,0xad36,0xb233,0x2fa6,0xb55b,0xadbd,0xbc06,0x904b,0xa100,0xb24f,0xa84b,0x2f49,0x306b,0xa8ae,0x2eac,0x3172,
    0xaa81,0x31e8,0x2b54,0xabc8,0xb8cf,0x228b,0x992e,0xa4cc,0x2467,0x31af,0xa23f,0x2ef2,0xa930,0xb409,0x9e9c,0xac77,
    0xb449,0xb45e,0x281e,0xb6b3,0x37e8,0x1abc,0x284f,0xb4b5,0x314f,0xb4b1,0xb880,0x36d5,0x3090,0xb281,0x2ba5,0xb64b,
    0xaa8a,0xb499,0x354c,0xa2a3,0xa856,0x291b,0x3244,0x3107,0x258b,0xb41c,0xa939,0x1f59,0x2f86,0xa5b7,0x212d,0xa335,
    0xa90d,0x241a,0x34a8,0x2c62,0x329e,0xb421,0x2879,0xabbb,0xa5a4,0xaa69,0xac4e,0x329d,0xac7d,0x2eba,0xb0ac,0x2b2e,
    0x2b30,0x2d3e,0xa520,0xabce,0x2595,0x3886,0xbaad,0xacdc,0x305e,0xaaeb,0xa904,0xaf48,0x2b9f,0xb472,0x30c4,0xa53d,
    0xae6f,0x2316,0xb094,0xb10f,0x2cf5,0xb294,0xb3a1,0xb97f,0x2970,0xb015,0xb65e,0x3b40,0x2c12,0x2a38,0xb006,0x3884,
    0x25e1,0x9c6a,0xb0e3,0xad8e,0x2d2a,0x21e9,0xb45b,0x34dd,0xb4b3,0x9d96,0x1d18,0xb5a7,0x3844,0x2c4d,0x2e55,0x3118,
    0xb517,0xa117,0xb792,0x2c9d,0xbc9c,0xb85a,0xbdf4,0xa6f9,0x1699,0x31ec,0xaebd,0x31d2,0x2733,0x2b66,0x2e4f,0x35cc,
    0xb20b,0x347b,0x2c1a,0xb335,0xb8dc,0xa858,0x96f7,0xb566,0x9964,0x3414,0x2eb9,0x9d2e,0xb3e9,0xb65e,0xa29e,0x2a3b,
    0xb47e,0xbcc9,0xb6eb,0x3a86,0x3d34,0xad3a,0x2e24,0xb84e,0x3499,0xb9b2,0xad29,0x2f6a,0x323c,0x260d,0x28e1,0xb9cb,
    0x2998,0xb45a,0x2fb7,0xac69,0xad3b,0x2e25,0x34f2,0x2cfc,0xb032,0xbac3,0xa1a9,0x30bc,0x2a22,0x2e3f,0xaecd,0xaf41,
    0x2c4d,0x21a5,0xaabe,0x2d70,0x3647,0xb62d,0x3456,0xa931,0x9a07,0xa32d,0xaf1b,0x3657,0xb2ee,0x3480,0x2895,0x23e1,
    0x3678,0x2e01,0xb1b0,0xabed,0x2ab7,0x359a,0xbcf7,0xb0d1,0x2a1d,0x3223,0xa86b,0xb2d1,0x27bf,0xb514,0xb361,0x20e3,
    0x33cc,0xa520,0xaf9d,0x2ff1,0x3059,0x2c74,0xb429,0xb537,0xac5f,0x2f79,0xb7a4,0x3a49,0x21a1,0xacd2,0xa359,0xad62,
    0x250a,0x2a0f,0xb0a4,0xa781,0xa8b7,0x1ac5,0xb0cf,0xacf6,0xa9f9,0xaee1,0xb498,0xb055,0x3971,0xb088,0x368d,0xa347,
    0xaa89,0x23a8,0xb63e,0x2de4,0xbcbb,0xbae5,0xaaef,0xaa26,0xac70,0x321c,0xa2e2,0x2d14,0x2b9b,0x24a1,0xb03d,0x3861,
    0xb2c0,0x3158,0x3012,0x92c2,0xb972,0x9f87,0x2a10,0xb4d5,0x2fc3,0x3899,0xab37,0xb165,0xacc4,0xb276,0xacbe,0xa652,
    0xb1fd,0xba16,0xb712,0x3c02,0x3947,0xac27,0x3001,0xb565,0x30e0,0xb89b,0xb370,0x36d2,0x2b32,0x30cb,0x2a0f,0xb065,
    0x3021,0x3269,0xa74c,0x9ba6,0xa93e,0x31a8,0xb7a7,0x286c,0xaa71,0xb7cf,0x24ca,0x2837,0x2e09,0x2fd8,0xa463,0xa9a1,
    0xb1be,0xa0d1,0x2b87,0x1d01,0x34b2,0xb0e9,0xad08,0x2a85,0x2468,0x2c4b,0xb06e,0x32c8,0xb2eb,0x2df5,0xac1b,0x2d6b,
    0x2eed,0x2ba0,0xadba,0xac9e,0xac14,0xad4e,0xb970,0x2a28,0x2979,0x3078,0x3051,0x3026,0x26e6,0x2d49,0x36bb,0x2e01,
    0x3b4f,0xa880,0x309b,0xa8eb,0xa1cf,0xa869,0xae63,0xb2de,0xaecd,0x31e0,0xb6c1,0x36f5,0xb0f9,0xa9ad,0xad8c,0xac87,
    0x9d09,0x2e24,0xacf2,0x2ba3,0x310d,0x20cf,0xb57b,0x2b3b,0x3a01,0x2ab8,0xb621,0x3456,0x3821,0x2dd3,0x3409,0xa572,
    0xb5a2,0x2e4b,0xb4a1,0x30bb,0xbed6,0xb450,0xb51f,0xad2a,0x2f63,0x31b8,0xa47f,0xb4f0,0x3861,0x3069,0xb105,0x2e69,
    0x36b7,0x364a,0xa468,0xa027,0xb515,0xa155,0xb0d9,0xb120,0x2d34,0x3542,0x2614,0xb250,0x2aeb,0x304c,0xb082,0xb059,
    0xb256,0xb2d7,0xb81d,0xb8f4,0xa82e,0xacf2,0xb1a9,0xa850,0x304b,0x33a9,0x1c31,0x2d93,0x35b7,0x30cc,0x225e,0xb26d,
    0x281a,0xadf8,0x329d,0x2662,0xb3b9,0x2e94,0xbc24,0x2930,0x22c4,0xb41f,0x28a1,0x2edb,0x30e0,0xb48a,0x2789,0x30e1,
    0x3196,0xa95c,0x3174,0x103f,0x35b1,0x333f,0x816a,0xae5c,0xa440,0xa875,0x24f1,0x34b1,0x25b8,0x3612,0x2f62,0x235c,
    0x2d6b,0xa884,0xb07c,0x25a1,0x32d6,0xacac,0x34e7,0xaed1,0x2d90,0x3355,0x26a2,0x3119,0x26f9,0x201c,0x3536,0xb0f4,
    0xa9e6,0x30fb,0xb3f4,0xb07a,0x2d4b,0xb050,0x3482,0x3f93,0xae29,0xacad,0xbe88,0xb2cc,0xae77,0x26fb,0xac28,0x32ae,
    0x2511,0x312e,0xadb5,0x2430,0x30f6,0x9d75,0x9d8e,0x281a,0xb4a3,0xb78d,0xabdc,0x26bf,0x324b,0xb7ad,0xb28e,0x29c2,
    0xa896,0xb2b5,0x2207,0x2fbe,0xb67b,0xb9b2,0xb1be,0xb1ce,0x35ef,0xb69c,0x2143,0xaaec,0x33d4,0xa179,0xaa13,0xae58,
    0xade1,0xb1bb,0xb1c7,0xb68f,0x2cfd,0xa2cb,0x316e,0x3187,0x33b1,0x30bd,0x2ff5,0x2e6b,0xb053,0xa908,0x9ee0,0xb02a,
    0xb28c,0xadff,0xb9be,0xb5af,0xa746,0xb1f6,0xb652,0xafb9,0x2d12,0xbb0c,0x2efb,0xbaf7,0xb5a0,0x3288,0x2935,0xb4d1,
    0xacff,0xb6ef,0x3149,0x2964,0x3453,0x37b0,0xadd9,0xa43e,0xa574,0xbb21,0xa80e,0xa4ad,0x29a0,0x2163,0xab02,0x3999,
    0xa9ca,0x284a,0x32f4,0xaa42,0x32a0,0xb5a4,0x3410,0xaba4,0xa906,0xab24,0xb1ee,0xab0f,0xb742,0xb1a2,0x3a4b,0x307c,
    0x3bf8,0x97aa,0xb605,0xb2a0,0x23d2,0xa480,0xb88d,0xa9ef,0xb329,0xb09b,0x2114,0xae3f,0xa8cf,0x3557,0xb3de,0x375e,
    0x3ccc,0xb06b,0xb3ca,0xab29,0xb311,0x2d61,0x2d04,0x3dc8,0x2f10,0x2e60,0xb9ab,0x34f0,0xada9,0xa4a5,0xad0a,0x3511,
    0x267c,0xaf98,0xafc4,0x2849,0xb06f,0x2b85,0xacb9,0x34ea,0x32ee,0xa030,0xae4b,0x23f9,0x3a3e,0xb207,0xad88,0x2c72,
    0x343d,0xb4ae,0x2b8d,0x3087,0x272d,0x366f,0xbdad,0x3457,0xa312,0xa267,0xaf03,0xb6e8,0x35c6,0xb107,0x1f34,0x306c,
    0x2f9a,0xb4bf,0xb077,0x32ab,0xb444,0x9757,0xa669,0x2055,0x34f3,0x3037,0x2d0a,0x31f2,0xae28,0xaebd,0x2d54,0xb205,
    0xb4de,0xb202,0x30a8,0x3ebc,0xb88f,0x2508,0x38e2,0xb9da,0xac71,0xb375,0x38e1,0xaa91,0xb1f0,0xb966,0x26c5,0xb4f7,
    0xb44d,0xb675,0x38c3,0x353c,0x1fc7,0xae3a,0xb6e5,0xab8d,0xa207,0xb979,0xb07a,0xa8f5,0x3142,0xb2c6,0xb188,0x3755,
    0x2df9,0xa7e8,0x32b2,0xa086,0x2d52,0xb03d,0x328d,0x28f8,0x2917,0x2d86,0xaf8d,0x2a0c,0xb459,0xacd0,0xb3b4,0x1f91,
    0x3825,0x2922,0x2983,0xac86,0xa774,0x3435,0xb445,0xad32,0x34b1,0x299d,0x2759,0xafc6,0x2abf,0xb53b,0xb647,0x2030,
    0x34fa,0x2c9b,0xb96c,0xae47,0xb195,0xab79,0xb3fc,0xbd0b,0x3046,0xb682,0x3559,0x3bc0,0xb2f3,0x34be,0xae66,0xaf6b,
    0x30d7,0xb41b,0xb01b,0x35b1,0xb371,0x2b45,0xb4b7,0x3b61,0x2c38,0x2fb5,0x2c35,0xb74c,0x39d7,0xa866,0x31a3,0x38d5,
    0x390f,0x2d32,0x3a3f,0x3489,0x2915,0x3acd,0xbbdb,0x39be,0x34fb,0x3c62,0xb0fb,0xb2ad,0x390c,0xb402,0xafda,0x3865,
    0x30b6,0xac09,0x3b17,0x2b4f,0xb8e6,0x2c57,0xb26c,0xb6af,0x3488,0xa032,0xacbf,0xba55,0xb0f0,0xb7ed,0x2487,0xac86,
    0x1e97,0x31b9,0x3199,0x3d32,0x3bbf,0xb002,0x3c97,0xb5b3,0xb635,0xb4de,0x3732,0xbdec,0x3ae8,0x3b03,0xac19,0xbcff,
    0xb1e4,0xb1e7,0x3556,0xb40d,0xaf36,0x300c,0xb562,0xa489,0xb4d1,0xac4d,0xaf69,0x30ce,0xba5f,0x2dad,0xb57c,0x3412,
    0x2ce4,0xb073,0x3971,0x3038,0x3163,0xab5d,0xabf9,0xa447,0xa73f,0x34fe,0xb591,0xb2a0,0xb3d6,0xb487,0xb42b,0x2fa3,
    0x34a7,0xaf86,0x3426,0xaada,0x340c,0xa649,0xae2a,0xb04a,0x3275,0x316f,0xb1df,0xb1a7,0xa0a5,0x38d9,0xb859,0xb3d8,
    0x3c2a,0x305d,0xa8d7,0x3274,0x2d3b,0xac61,0xa157,0xbadb,0xadb1,0x3294,0x352e,0xb4a6,0xaa3d,0x242b,0x2ab0,0x3c3d,
    0x2df6,0xb16d,0xb13c,0xaa4b,0x2f01,0xaa49,0x3084,0x2d2c,0x3a97,0x2f28,0xadcd,0x2ffc,0x3727,0xb56e,0x2a9b,0x2552,
    0x2fa2,0x31b5,0x30ce,0x3147,0xb90c,0x2fc8,0x3809,0x379c,0xb545,0x3559,0xad6a,0xb1b6,0x3a51,0xb11f,0xa9e5,0x300f,
    0xb3ea,0x33f2,0x2ee2,0xb85f,0xb903,0x3128,0xad9f,0xb58b,0x35c5,0x3af0,0xa921,0xab6f,0xad20,0xaaae,0xa21e,0x29be,
    0xb1bc,0xbc02,0xbaf6,0xb9e6,0x35b5,0xaf67,0x34a2,0x1953,0xb586,0xab57,0x333a,0xbfd0,0x3864,0xb9c3,0xa36b,0xb7fc,
    0x96a6,0x3418,0xb5bd,0xa891,0xb3e5,0x30ac,0xbb85,0xb4a5,0xaf12,0xbcd5,0xb104,0x331e,0x29d2,0x2791,0x323f,0x33b9,
    0xb4c8,0xa12e,0x38ac,0x9d37,0x2ff0,0xb444,0xb6d0,0x2a50,0x2993,0x1c88,0xb464,0x2a35,0xb830,0xb560,0xae2e,0x338f,
    0xb394,0xab05,0xa974,0xa24e,0x32fd,0xaaeb,0x28c1,0x30b8,0x2cb4,0xa66e,0xb0c9,0x32bf,0xb07d,0xb764,0x3cf2,0xb211,
    0x387e,0x2dee,0x374a,0xab59,0x98c1,0xb132,0x26c6,0xb6e4,0xaabe,0x35a7,0x3303,0xb521,0x2b2f,0x268c,0xb00e,0x323a,
    0x307c,0x372e,0xaf8e,0x2881,0x3404,0x23fd,0xb3f7,0x3630,0x3df4,0x2f14,0xb529,0x9e36,0xb667,0xb438,0xb0b2,0x341d,
    0xb607,0xa210,0x242c,0x3315,0xba5a,0x9d53,0xb5e2,0xa974,0xbd11,0xacbc,0xb29a,0xa6b7,0x396e,0xb581,0xac81,0x30de,
    0x3478,0x32a9,0xb625,0xb393,0x95ab,0x2c27,0xac3b,0x3146,0x3437,0x369b,0xa9c8,0xb08f,0xb230,0x2685,0xaedd,0xb1e6,
    0xb592,0x3651,0xb4ed,0x2647,0xb1a2,0xa829,0xb09f,0x364e,0xadae,0x3c9f,0x9896,0xb5ef,0x2caf,0x3426,0x2a1d,0xb0a2,
    0xa499,0x386e,0xb425,0x271f,0x9c3b,0x283d,0xbfc9,0x9664,0xa5ea,0xb7ab,0xa675,0x2ec9,0xb011,0xb06a,0x28dd,0xb0c6,
    0x31c8,0x2aee,0xade4,0xafc4,0x2c65,0x2a38,0xaf99,0xb119,0x2475,0xa252,0xb0cc,0x3083,0xbba4,0xb0d0,0xb184,0x2fc2,
    0xb739,0xb24f,0x2b3e,0xad9d,0x38b3,0xae70,0xb355,0xb5b4,0xa0c1,0x9640,0xaae0,0x35c9,0xaa41,0x9d61,0x3d67,0xb431,
    0x2cb9,0x2f81,0x292f,0xad56,0xac25,0xad49,0x2e74,0xb5ec,0x30e4,0xb12f,0xbdaa,0x3230,0xb5a0,0x294f,0xa862,0xbb05,
    0xafde,0x3b82,0xa393,0x2df3,0x24a3,0x25c6,0xae7c,0x334b,0x3469,0xb901,0x31a6,0xb196,0xb689,0xb8d0,0xb595,0x40ab,
    0x25d3,0xb408,0x30c6,0x2795,0xb65e,0xbbc2,0xb938,0x2f6c,0x3c36,0xb3b0,0xae05,0x394e,0xbb6b,0xab2e,0x3464,0x3081,
    0x34f4,0x9f41,0xb551,0xb845,0x32d4,0xb204,0x3182,0x3793,0x386d,0x940d,0xab2c,0x2323,0xb48e,0xaa25,0x2a07,0xb4cd,
    0x3b07,0x39c8,0x22bd,0xb9e0,0x315e,0xb314,0xb6e0,0x30be,0xb521,0xb82f,0xb67b,0x340e,0x3845,0xb531,0x22c4,0x3390,
    0xb3e9,0xad32,0x345b,0x22c5,0x358d,0x3b4a,0x2a0c,0x3772,0xa45a,0xb89a,0x2cc5,0x3098,0xac1d,0xb0d0,0xb051,0x3070,
    0xb15a,0xb0d5,0x2af3,0xaeb7,0x2bd4,0xa4f3,0xb629,0x2fd5,0x32f2,0x2be2,0x8b1b,0xaac1,0xbb48,0x2112,0x3c3e,0xb44e,
    0x3774,0x38d0,0x3133,0xb4c5,0xaf7a,0xace8,0xb6d1,0x3084,0xba74,0xb2b8,0x2967,0xad6a,0xae3d,0xb355,0xafdc,0x311c,
    0x2b2c,0x39cd,0xb99a,0xb261,0xb4dc,0x33a5,0x39cd,0x38e8,0x34e3,0x2edc,0x3f59,0xb00d,0xb4bc,0xac13,0xad3f,0xbc0c,
    0xb041,0x3a0f,0x96c8,0x3778,0xb382,0xa7e5,0xb6e9,0xa5f2,0x3697,0x2bde,0x2cdd,0xa93d,0x304b,0xb3ca,0xb788,0x34e4,
    0xb3e0,0xb19f,0xb57f,0xa369,0xb3dd,0x2c66,0xbc0d,0xb09d,0x4162,0xb4f3,0xaccf,0x3cf5,0xbb34,0xb351,0x1e1e,0xaa21,
    0x3a92,0xae43,0xbacd,0xbaaa,0x2fc3,0xb5fb,0xa172,0xb3ee,0x3a00,0xafa6,0x37e9,0x3a5d,0xa85a,0xafa7,0x2b3e,0xb3ae,
    0x34b7,0xbe2b,0xba2b,0xbdf3,0xb340,0xa774,0x2d51,0xb46c,0xa638,0xb767,0x3738,0x387f,0x367b,0xc24e,0xb317,0x3fe8,
    0xb42e,0xbb01,0xac96,0x365d,0xb53b,0x3a1d,0xb809,0x3953,0x3463,0xb95a,0xad35,0x23c2,0x2fea,0xb0d0,0xaf6c,0xb80d,
    0xaf32,0xa4f1,0xad47,0xb5a5,0x2bc8,0xb11f,0xb6cd,0x3456,0x3437,0x3222,0x2d32,0xa8cf,0x3277,0x31b9,0x37dd,0xb46b,
    0xb2fd,0x30fc,0xad68,0xb8af,0xb05f,0xa9e0,0xac79,0x328a,0xb98c,0xa83f,0x34d9,0xaac8,0xb18b,0x2ecc,0x2748,0xa241,
    0x3fff,0xadce,0xb90f,0xb029,0xb2e5,0x39ca,0x3606,0xac12,0x3132,0xb53b,0xb4f2,0xba16,0x2511,0x2b8f,0xb4ee,0xbe49,
    0xa75f,0xb258,0xa9ef,0x2722,0xb061,0x32bf,0xb8e8,0x32d3,0x34ae,0x383d,0x347b,0xb5d4,0xa2fc,0x343f,0x994b,0xb853,
    0x3b36,0x2bb4,0x3356,0xa59d,0xb523,0x39aa,0xb6a0,0x3ac8,0x3c04,0x37ad,0xb069,0x385f,0xb827,0x2921,0xb15d,0x351f,
    0x3982,0xb415,0x3989,0x36f7,0x396a,0x303c,0xb482,0x3d60,0x31b8,0xb1e3,0x3569,0xb7e1,0x281c,0xb471,0x2935,0xadeb,
    0xb165,0xc675,0xb96d,0xb8b1,0xb51d,0xb299,0x3d0e,0xafa1,0x2cbf,0xb4b2,0x40a3,0x449c,0x378b,0x3488,0xb464,0xb90e,
    0xb2ae,0xb78f,0x3508,0xb0a6,0xb7f5,0xb91b,0x2fba,0x398f,0xb19f,0x3a79,0xaa06,0xb595,0xb2cd,0x3545,0xa824,0xb898,
    0xa919,0x22aa,0xb482,0xac4c,0xb08f,0xb995,0xb6c0,0x365e,0x28db,0x33f1,0x2cdd,0xbb2e,0x36da,0xb2dc,0xa315,0xb91a,
    0xb61d,0xb3a0,0x2a42,0xb359,0xaed1,0xb51b,0x36ec,0x30a8,0xb79d,0xb06e,0x3779,0xb141,0xb59b,0x3ea3,0xb807,0xb42d,
    0x3f4b,0xa281,0x3a8b,0x38bd,0xb36c,0x3568,0xa742,0xb8e3,0x2b73,0x3750,0xb875,0xb7b1,0x3ccb,0xb29e,0x9ab8,0xab7b,
    0x2982,0xb45f,0x2c3c,0xb513,0x37a6,0x3477,0xb2f6,0x348e,0x308f,0x2ecc,0x2a74,0x2b30,0xb40e,0xb01a,0x38e4,0xb943,
    0x39e7,0x31c7,0xb0c1,0x3421,0xb7fb,0xaa6e,0x3be7,0x366a,0xbff6,0xb840,0xb016,0xbc93,0xb72e,0x3534,0x36ec,0x3a2b,
    0xb37d,0x9c40,0x395e,0x2d47,0x1ff9,0x3522,0xb1de,0x3b14,0x364d,0x3083,0xaf63,0xb0d4,0xaa6b,0x316b,0xb464,0xae08,
    0xb669,0xc144,0x3cba,0xb8c4,0xb73c,0xb252,0xaf3e,0xac3d,0xabaf,0x3492,0xb153,0x3309,0xb71a,0x3e9e,0xb3fc,0xbdf2,
    0xac81,0xad6d,0xb52d,0xa98b,0x2835,0xbbba,0x37ee,0x3518,0xb3b9,0x25e5,0x2ab9,0xb54e,0x3c47,0xb26f,0x3889,0xb251,
    0xb739,0xae3f,0xb79e,0xace6,0xa5e6,0xb953,0xb4df,0xb4f1,0x2d2d,0x37db,0x2e34,0xb063,0x35f5,0x3066,0x3267,0x323b,
    0x2cb4,0xa842,0x2934,0xadb7,0xab8c,0x2d90,0x320d,0xb5dd,0xb6c9,0xb23e,0x24da,0x33ec,0xb50b,0x349e,0x38ad,0xa714,
    0xb09d,0x2e1f,0x3550,0x34a7,0xb148,0x2e58,0x2f05,0xaeab,0x2a3d,0x37b8,0xb8a3,0x2bdc,0x3cb6,0xaf4f,0xb00c,0x3ca8,
    0xaaef,0x3657,0x2a92,0xb0c0,0x3269,0x1fe7,0xac85,0x362a,0xb44f,0x28b9,0xb886,0xb43c,0xb7b1,0xb89c,0x2913,0xc135,
    0x31d5,0xac7f,0xab34,0xb0b2,0xbb8c,0x34a1,0x373e,0xae1e,0xc40b,0xb86a,0xb10e,0xb90f,0xb857,0x3a82,0x37b2,0x3957,
    0x2ed3,0xae0e,0x3472,0xb5a7,0x2d8b,0x307b,0xad42,0x293f,0x344d,0xb18a,0x2a28,0xadd8,0xafd0,0x2816,0xb1e5,0xb1b7,
    0xb386,0xa0e8,0xab3c,0xb916,0xab55,0x242c,0xbae1,0xb03b,0xaf88,0x3fd3,0xbad2,0xc021,0xb9f7,0x3aa6,0x27fe,0xb907,
    0xaeec,0xb790,0xb942,0xa9a9,0x35a5,0xb537,0x3c1b,0x36c4,0xa77a,0xb586,0xa52d,0xb443,0x2f26,0xab57,0x2eb5,0xb026,
    0x34da,0x2513,0x34f4,0xacdb,0xa9ca,0x2b2f,0xac44,0xb4af,0xacaa,0x2c84,0x3227,0xa137,0xb9ac,0x3099,0xb2e5,0x34ee,
    0xa89e,0xadfb,0xac6f,0xaaef,0x3079,0x9eb0,0xb8d1,0xb77f,0xb854,0xa831,0xb00b,0x35f3,0xb013,0xb47b,0xb038,0x2a12,
    0x34d5,0x1dca,0x3230,0x309b,0xb313,0xa87a,0xb327,0xb2ef,0xa88b,0xb7b4,0x3380,0x315e,0xb45d,0x2514,0x246f,0xb9a0,
    0xb235,0x1cb7,0x3070,0x2f22,0x2f00,0xa963,0xb49f,0x2290,0x2c6d,0xb575,0x2db4,0xaf53,0xb531,0xa949,0xb36e,0x3ec4,
    0xb463,0xae2e,0x3127,0xb284,0x3867,0xba35,0x2f09,0xac11,0xb4c9,0x30b9,0x245c,0x3251,0xb9c8,0x3024,0x335a,0xa1db,
    0x3a09,0x2c3d,0xb224,0xb536,0xb1d9,0xb086,0x30b4,0x2f89,0x2b08,0x34f8,0xaed6,0x2a21,0x2b7f,0xa987,0x28a1,0xb033,
    0x38a2,0x3c8f,0x3784,0xb175,0xae2d,0xa420,0xb191,0x2c59,0xacac,0xb981,0x2c97,0x3402,0x351c,0x2887,0xac02,0x28ac,
    0xa691,0xb888,0xb404,0x265d,0x30b1,0x37ea,0xbce8,0x3233,0x2108,0xa858,0x2bf3,0xa7a5,0xb186,0x2127,0xae0d,0xaa74,
    0xa9f8,0x2f1e,0xad45,0x2ab7,0xafa5,0xb109,0xb8d6,0xb0ca,0x2cc4,0x2c15,0x30d6,0xa408,0xb478,0x34f8,0x301d,0xad82,
    0xae3c,0x312f,0x37a3,0x254c,0x2d93,0xafe2,0xaa04,0x2594,0x2f85,0xb1d8,0x9023,0xb0c9,0xac13,0xb003,0xa9e9,0x3074,
    0x392d,0x37b5,0x30bd,0x2dcb,0xb41f,0xafa3,0x2f66,0x2ec1,0xac73,0xb5c5,0xb43b,0x2c4b,0xb0db,0x2a2b,0xa37c,0xa213,
    0xa8e8,0xb84e,0x328b,0x2f79,0x36f6,0xa56c,0x9582,0x2d0d,0xb2ab,0xaf87,0xac84,0x2159,0x308c,0x2efb,0xb834,0xb24d,
    0xae57,0xb0a4,0x32af,0xa517,0x3677,0xbaf2,0xb5b6,0x2f43,0x303c,0x30e7,0xa47d,0x399e,0x364e,0xaeb2,0x30aa,0x387c,
    0x3819,0x30d6,0xb8d1,0xb634,0x317d,0xa90b,0x24de,0xb6e5,0xaa56,0x32d7,0x2d21,0x2cf7,0x2cfb,0xaca9,0xaa84,0x1a4c,
    0x3629,0x3b30,0x30ce,0x3706,0xac65,0xa917,0xb4b8,0x32c1,0xb06e,0xb3a3,0x3a06,0xb94a,0x31bc,0xb8a8,0xa659,0x3a9b,
    0x2398,0xbb3c,0xb83b,0xb0c8,0xaad4,0x30dc,0xbd68,0x2c1f,0xada2,0x2c6e,0x2ab5,0xaafe,0x27cc,0xb6cc,0xa941,0xb227,
    0xb2eb,0x3320,0x3229,0x3309,0xa9ef,0xb289,0xb674,0x2ea3,0x2ea7,0x26a3,0x3045,0xac59,0x318b,0x34e8,0xae8d,0xa8cc,
    0xacb8,0xac6d,0x372f,0x2fd3,0x30d7,0x2af0,0xa8b7,0x2e41,0x2417,0xac82,0xaaf0,0x2d4f,0xb1b1,0xac4a,0x274e,0xa527,
    0x3c22,0xb384,0x3764,0x3132,0xb027,0x3050,0x39e8,0xaa37,0x2146,0xb51b,0xbaac,0xb8ae,0x2a25,0x983d,0x243c,0x301e,
    0xa93c,0xb62f,0x2e99,0xac37,0x3872,0x310a,0xaeb9,0x30ac,0xb5d3,0xa0c6,0x1850,0x3cc5,0x9a8e,0x2fb7,0x240d,0x31aa,
    0xb13c,0xac82,0xa92c,0xa84a,0xb739,0xbc35,0xa8f2,0x2f31,0x3d02,0x39e1,0xa7ce,0x3b3b,0x38a2,0x2621,0xaf85,0x35c3,
    0x38b4,0xa8bc,0xb41c,0x3509,0x3c57,0x2a9a,0x290d,0x3abc,0xb834,0xb78c,0x3485,0x35c0,0x2fc4,0xac23,0x29f9,0xa0bd,
    0x36e9,0xc161,0xb865,0x3f0c,0xb75b,0x2e0a,0xb88d,0x2cf2,0xa59c,0xac3d,0x39fc,0xb892,0x2e27,0xbb5f,0xae4b,0x3c44,
    0xa9f1,0xbc0d,0xb405,0xadce,0x9dd5,0x352a,0x323d,0x9e3f,0x319b,0x37fa,0x2f76,0xb2f5,0xb28a,0xb4f1,0x3006,0x2ef2,
    0xaf76,0x36cf,0x2707,0x32f2,0xb06b,0xb5cb,0xb350,0x3192,0xaee9,0xb4e8,0x34b5,0xa142,0xa939,0x38b1,0xb0a2,0x2b57,
    0xb518,0x2d2b,0x2820,0xa932,0xac34,0xb30a,0xa027,0xad1b,0xac8a,0x2a22,0x342e,0xb032,0xb446,0x3064,0x2e4d,0xae26,
    0x394b,0xabd0,0x291e,0x33f2,0xaea6,0x32e2,0xabb9,0x306b,0x2c61,0x321d,0xae4b,0x3595,0x34ce,0xb02e,0xacc2,0x345f,
    0x2a6e,0xb109,0x2b8a,0xa9a2,0x9efc,0x2a73,0xa735,0xae0f,0x2da6,0xb25d,0x2d44,0x2ae0,0xaacb,0x22ad,0x35f6,0xbe05,
    0x3044,0xaae3,0x2344,0x2cba,0xb0ad,0xb813,0x3814,0x2819,0xb880,0xa14f,0x296d,0xbb44,0x25da,0x214a,0x3713,0xb59c,
    0xb520,0xa738,0x34da,0x3638,0x35a4,0x2073,0xa9f6,0x32c2,0xa849,0xb249,0xacfa,0xb39f,0x2c1e,0xac09,0x2946,0xa4c8,
    0x330c,0xbb4d,0x3b46,0x3a7f,0xb541,0x2f57,0xb985,0x2f99,0x30f1,0xb048,0x33e4,0x3e78,0xbc93,0x36d7,0xaee1,0xbddc,
    0xaf2e,0xb208,0xb8ef,0xb00d,0x28a2,0xb0d8,0x3d13,0x2fca,0xa25e,0xb93b,0x317d,0xb2fa,0x3799,0xb47c,0xa032,0xa51f,
    0x3803,0x30cb,0x369f,0x31d6,0xb0de,0xace2,0x2c2a,0x2653,0xaddd,0xace7,0x30e4,0xa1ef,0x34b9,0x3713,0x30c5,0x3251,
    0xae13,0xa96d,0x2e75,0xa6d9,0xaf78,0xac27,0xb440,0x2c9a,0xaf11,0x2ac5,0x3513,0x2cbd,0xb02f,0x2a69,0x2000,0x2b42,
    0xb6fc,0xa88c,0x2529,0x29aa,0xb1d3,0x2f5a,0x30ca,0xb036,0x289d,0x3451,0xb1fd,0x2bbe,0x39be,0xb028,0x2416,0x39b5,
    0xb48c,0x2f0f,0x3275,0xb231,0x31b3,0xabc1,0x2a3c,0x28b2,0xb8b8,0xaeda,0xb53b,0xb199,0x2d94,0xa8c9,0x3565,0xbe20,
    0x2d8a,0x9ead,0x3198,0xb065,0xb0da,0xb930,0x388a,0x2955,0xb994,0xadca,0x2996,0xb923,0xb4c3,0x36c9,0x31e3,0xa9d3,
    0x2be9,0xaa6b,0x3528,0x302c,0xb0e4,0x2fc5,0xafd5,0xb19d,0xab09,0xb161,0xb047,0xb06c,0x2845,0xa5f8,0x1830,0xaceb,
    0xb5ae,0xbc81,0x3472,0xb6d2,0x2b54,0xa55f,0x2998,0xab0f,0x2180,0x36e1,0xa982,0x3b1b,0xbde7,0xb411,0xaa3d,0xb8e0,
    0xa588,0xacfd,0xb83f,0xa8d2,0x2b0e,0xae69,0x385e,0x34e8,0x29ed,0x3402,0x93ab,0xb72b,0x3146,0xb2ae,0x2e89,0xb43a,
    0x32c2,0x2c40,0x3560,0x2d9d,0xb17b,0x2dfb,0x30d3,0xb2b3,0x1f92,0x2922,0xa205,0x2fbe,0xae67,0x35e9,0xab0a,0x296f,
    0x2f63,0xaa5f,0xa2e2,0xa6cf,0x1029,0xac40,0xb044,0xa90e,0x33b3,0xadcc,0xaefd,0x3003,0xaccb,0xae0b,0x334d,0xa569,
    0x3865,0x2650,0xb082,0xa851,0xa5b2,0xb191,0x299e,0xb3cb,0x1387,0xb81f,0x2725,0xb1f0,0xaffc,0x23d2,0xa19b,0xb7b5,
    0xb094,0x30aa,0x2a07,0x2b6e,0xa919,0xa686,0xaa19,0x2348,0x31fc,0xa8c6,0xae77,0x370c,0x2c05,0x2dc7,0xb775,0x3b24,
    0xb0ff,0xb15a,0x2c16,0xad87,0x235c,0xbc8f,0xb20e,0x30e1,0xb4b5,0xb36c,0x0a60,0xa406,0xb32b,0xad7a,0x2c4e,0x327f,
    0x3367,0xa701,0xb24c,0xb45b,0x2dab,0xac11,0x3463,0x31ab,0x28a4,0x2e43,0xaca6,0x3027,0x252b,0x2561,0x2823,0xb1e2,
    0x2c70,0x2367,0x2c05,0x3807,0x983b,0x27b4,0xb451,0x2f99,0xabd6,0xb96b,0x30d8,0x3621,0xb67b,0x35ba,0xa6b0,0xab3b,
    0x261a,0xb836,0xb98c,0x1f08,0x2d0e,0x34d2,0xc0b1,0x34e2,0x27c3,0xb94d,0x2ea7,0xb45e,0xb1f6,0x2f0c,0x99e4,0xa644,
    0x9ca6,0x33e2,0xb36b,0x2b71,0xb34b,0xa5e9,0xb7b9,0xb513,0x1d67,0x27fa,0x2036,0xacdb,0x334a,0x37d2,0xb31a,0xb1e7,
    0xb10a,0x20c5,0x34ed,0x299b,0xabfd,0x2f8d,0x1f66,0x1a5d,0x27f9,0xb45a,0xb0be,0xa74e,0xb024,0xb6c0,0xae88,0x273e,
    0x3339,0x30e5,0x20d9,0xa086,0xb48d,0x337c,0xb250,0x363d,0x2559,0xa112,0x2193,0xb123,0xb470,0x2b8c,0x184f,0xae9c,
    0xad38,0xac37,0x2f1f,0x2a03,0x2efa,0xa066,0x300a,0x3326,0xaf55,0xae4d,0xb065,0x3788,0x295c,0x3247,0xb218,0xb99e,
    0xb422,0xa1a5,0x2cdf,0xb003,0x34c6,0xb83d,0xaff2,0x2d7f,0xac73,0x2f7a,0xabcd,0x3508,0xaeed,0x2a31,0xab27,0x3b5b,
    0xb0bd,0x2040,0xa944,0x2a51,0x3885,0xa604,0x2ea1,0xb450,0x3494,0xade6,0x2d42,0x2760,0xa50b,0x2038,0x9aea,0x9355,
    0xb024,0xa812,0xb507,0xa275,0xae6f,0x23d1,0x2272,0x3238,0x3085,0xae39,0xb1e5,0x331d,0xb8a9,0x304f,0x2d1e,0xb83c,
    0xaa5f,0xb579,0xb7e4,0xb0d6,0x23c9,0x3208,0xbe1c,0x2cf9,0x2b4f,0xb734,0x3101,0xae71,0xaedc,0xb8f6,0xaac2,0xb17e,
    0x236e,0x2fe8,0xac00,0x2883,0xadb8,0xb0bc,0xb223,0xb85c,0x2ddf,0xa8ce,0xab19,0xb0ab,0x3069,0x342f,0x347b,0xb057,
    0x2dfb,0x8c88,0xa82d,0xa790,0xa869,0x3047,0x2e8c,0x2cf1,0x31c5,0xb0ac,0xab42,0x2fca,0xaad6,0xb516,0xa493,0xa231,
    0x3851,0x2d1a,0xb0bf,0x2a03,0xb261,0x2905,0x3127,0x34da,0xa8ed,0x2c67,0xb111,0xa990,0x3141,0x283e,0x2be0,0x3878,
    0xaf13,0x341f,0x2ecd,0x228b,0xa9bc,0x1b7a,0xae8a,0x2fb2,0xaff3,0xb1a2,0xab08,0x3b48,0xb178,0x34d7,0xadff,0x3a18,
    0x2888,0x2c1d,0x2d63,0xb259,0xb413,0xb45e,0xb2fe,0xa43e,0x3928,0xae8b,0xaca2,0x3751,0x289a,0x2dda,0xb31b,0x3d56,
    0xb055,0x3029,0x32d9,0x2d50,0x3a66,0x2e89,0x309f,0xb73b,0xaf8d,0xb1c7,0x30d4,0x2b9f,0x2cd5,0x2b74,0xa57f,0xadd1,
    0x0ab5,0x3f12,0xba82,0xb6a2,0xb2fb,0xa870,0xab70,0x315c,0x2120,0xa699,0xb4a8,0x323e,0xb01a,0x30c8,0x24f9,0x3427,
    0xae57,0xb461,0xb6b4,0xb023,0x1f94,0x1fa7,0xb65e,0x3003,0x26bd,0x38ed,0x2fb7,0xb395,0xac05,0xbada,0x308a,0x2963,
    0x3194,0x3153,0x2ec8,0x2518,0xb309,0xafcc,0xb677,0xb1c9,0x23ed,0x2743,0x3383,0xa9bf,0xb457,0x3a4a,0xa8c2,0xa2c5,
    0x2e30,0xa9e9,0xae45,0x288a,0xadc1,0xb1ab,0x36ce,0x1d64,0x2636,0xb068,0x2c37,0xa079,0xb0d0,0xad7e,0xaed4,0xab70,
    0xa0f5,0x9dfe,0xb558,0x2ab5,0xb51f,0x3012,0xae00,0x342b,0x0a18,0x3007,0xb47d,0xb7da,0xae24,0x238d,0xac78,0x93b9,
    0x20a0,0x319f,0x28c8,0x18c6,0x2e62,0xacb5,0x2776,0xacf2,0x28d6,0xb4b3,0x2dd0,0x3577,0xae55,0x3033,0x3214,0x3374,
    0x31e5,0xa9aa,0xab20,0xa7d3,0x38f3,0xb8e2,0xaea4,0x2e6c,0x3158,0x2b51,0xaa6e,0xae5b,0x2525,0xb345,0x32e4,0x3488,
    0xb949,0x29bc,0x2723,0xb1da,0x3869,0x2f71,0x2ca0,0xb3d3,0x2ca0,0xaf90,0x93f6,0xb0b0,0x2c6e,0xa1fc,0x1a47,0xac9d,
    0x3372,0x3c16,0x2dc8,0xb948,0xb390,0xa90c,0x2e00,0xa8a1,0xa690,0x2197,0x2f23,0x3480,0xb96d,0x3380,0x2c5d,0xafb5,
    0x2144,0xb748,0xb6c4,0xa559,0x25a9,0xa733,0x3412,0x3262,0x24be,0xba57,0x2bfd,0x2bf5,0x334b,0xb910,0x26cc,0x2c5c,
    0x2f1d,0x3043,0x2eb4,0xa1a4,0xb1b6,0xb1a1,0xb28d,0xb321,0xadd7,0x1fa0,0x31ba,0xae19,0xa740,0x30d6,0xa40d,0x254d,
    0xaf7b,0xa386,0xaaad,0x20de,0x9d27,0xa4ef,0x3550,0xa3e6,0xad47,0xaa15,0x2c5e,0x3046,0xaaaf,0xb5a8,0x2fce,0xad6e,
    0xb055,0xace4,0x1fe1,0xb21b,0xb439,0xae11,0x2ac1,0xb156,0x2047,0x2b91,0x392a,0xb0da,0x2a0b,0x2409,0xa879,0x2e23,
    0xb2f3,0xb3cc,0x2ee2,0xb26f,0x2cc0,0x9490,0xb039,0x2e5f,0xb9a4,0xaeb0,0xa2c3,0x377d,0xacb5,0x341a,0x2d12,0xbd6b,
    0x30a9,0xa0f4,0x24ab,0xa760,0xb452,0xbe0f,0x25e8,0x2d9c,0xb707,0xb53e,0x20fd,0xadfc,0xb0cb,0x33ec,0x3540,0xac5c,
    0xb641,0xaf63,0xadc1,0x306e,0xacca,0xa56d,0xa9cd,0xb071,0xacb1,0x29ee,0xa824,0xaad9,0x240c,0x2f4c,0x2a04,0xb08b,
    0x35fb,0x3c26,0x2cea,0xb9b0,0x2a98,0xa5fc,0xacef,0xaf3f,0x2d56,0x3630,0x2c20,0x2b56,0xbca3,0xb88e,0xa703,0xb3df,
    0xaac4,0xa673,0x2ce8,0xad63,0x18d3,0x2648,0xb03a,0x34cc,0x2c1d,0xb89e,0x2db2,0xb599,0x2e1a,0xa9b8,0x1b00,0xa368,
    0x2324,0x30f0,0x3320,0x2ae4,0x2e32,0x206a,0xad5e,0xb312,0x2837,0xa87f,0x2d6b,0xaa27,0x86be,0xb845,0x2cda,0x2e95,
    0xb3b1,0x23ad,0x2231,0xb019,0xa496,0x2c38,0x34a6,0x268f,0xa89b,0x2a38,0x2c1a,0x2da3,0xb082,0xb82c,0x3417,0xaf96,
    0x3f55,0xb0e5,0xb116,0xb6b5,0x9024,0xb64a,0xb212,0xb4a3,0xb987,0xb8c5,0x344d,0x30ac,0x2def,0xab63,0x392b,0x2681,
    0x325f,0xb47f,0xb438,0x2432,0xb948,0xb94d,0x249c,0xb572,0xb3c6,0x38b1,0x38d0,0xb696,0xb467,0x316d,0xb1b7,0xb864,
    0xb467,0x394f,0xb81c,0xb83c,0xbd77,0xc037,0xbcd1,0xb44b,0xb86d,0xb5b2,0x3999,0xb672,0xb007,0xb92b,0xbc3e,0x3836,
    0xba5d,0xb43d,0xb95b,0x35a2,0xb8cc,0xb646,0xb31d,0xb436,0x1add,0xb159,0xbb39,0xb5ae,0x310a,0x2c6f,0x2faa,0x3ae5,
    0xb25b,0xbc22,0xb401,0xb5a9,0xb77e,0x3b00,0xb4cb,0x300d,0xafb4,0xb5f9,0xbcfa,0xb95f,0xb6a4,0xb0c1,0x3ccf,0xb4e7,
    0x3523,0xbc89,0xb8a6,0x31de,0x2f04,0xb815,0xbe61,0xb68c,0x3833,0xb935,0xb950,0x36be,0xba7a,0x2cc0,0xb838,0xb4d4,
    0x2a5c,0xbad9,0xc117,0xb319,0xb0ea,0xaf64,0xb160,0x35a1,0xbabf,0xb64c,0xb447,0x33f9,0x3b1c,0xb074,0xbc24,0x304e,
    0xb808,0xae87,0xb314,0x3c31,0xbc7a,0xb6cb,0x379a,0x38f1,0xb0be,0x2d10,0xb84e,0xb498,0x3575,0xb450,0xbad9,0x2c6c,
    0xbc2e,0xba47,0x3921,0xb6e8,0xad26,0x32cb,0xb853,0xa90e,0x2c0d,0x348a,0xad6f,0x37b2,0x343c,0x359d,0x3c80,0x3a1f,
    0x31cd,0x2ff3,0x34bd,0xbac7,0x3cbd,0xa3a1,0xad6c,0xafb3,0x2eb6,0x2e51,0x343c,0x2d25,0x3947,0x368b,0xb713,0x2c3c,
    0xb597,0xa077,0x37ca,0xa6ed,0xbad4,0xbca0,0xbfbf,0xb376,0xb44a,0xb8fb,0xb4d8,0x3858,0xb274,0xba90,0x3c14,0xb12a,
    0xaf37,0x3449,0x39e4,0xb53c,0x3873,0x2a57,0xb014,0x35bd,0x2c9c,0xbe0e,0xb82f,0xb03c,0x3520,0xacf9,0xb403,0x3461,
    0x27fe,0xb937,0x3788,0xb29a,0xb20c,0xa9a8,0xb59e,0xb364,0x3563,0x3204,0xb122,0x28e6,0xb033,0xab36,0xbd5c,0x3803,
    0xb3be,0x3df5,0x39b6,0xb006,0x3836,0xaf71,0x26f6,0xb4df,0xa85b,0xbca4,0x3a88,0x2971,0x353d,0xb506,0xb611,0xb2e0,
    0xb1d4,0xb960,0xbaa6,0xb040,0x374c,0x382f,0x35c0,0xa8a0,0x35a4,0xbcdd,0xb669,0x3fcd,0xb0de,0x38df,0xbcb0,0x316b,
    0xb2a4,0x3977,0x32ac,0xb5fc,0xacec,0xac6d,0xac22,0xa8e4,0x3582,0xbce9,0x36be,0xb41d,0xb5aa,0xb1bd,0xa884,0xaec8,
    0x36f4,0x3aaa,0x3441,0xa6cd,0x3462,0x3624,0x36ac,0xb44a,0xb321,0xaf0c,0x112e,0x3713,0xb25e,0xb8f2,0xb994,0xba9d,
    0xb111,0x3028,0x38a9,0x3785,0xb8c2,0xb46d,0xae71,0xb4df,0x3919,0x305b,0xacbd,0x2a45,0xb4a8,0x383d,0xabf1,0xb4e2,
    0x20c2,0xa529,0xaca4,0xb45f,0x373a,0xa73c,0x385c,0xb029,0x2b2b,0x341e,0x27fa,0xaf9d,0xb7f2,0xbc49,0x3718,0xb6d5,
    0x262d,0x334b,0xb38e,0xb2f2,0xbcaa,0xa912,0xb181,0x3999,0x3157,0xaeb5,0x3453,0x31f0,0xb4ce,0x3916,0xb55e,0xa977,
    0x32f5,0xbc82,0x3521,0xb8dd,0xbb8e,0xaafb,0xb829,0xab8f,0x8c40,0x386c,0xb023,0x35d9,0x20e3,0x3985,0xb968,0x3995,
    0xb40d,0xbae2,0xb81f,0xbce3,0x3c14,0xb1ff,0xb038,0xba00,0xb45d,0xb655,0xae12,0x2d36,0x3356,0x3687,0xb869,0xa8bb,
    0xb1f7,0xb87a,0xbd11,0x3617,0xbf75,0xbb9f,0xb733,0xace2,0x2b2d,0x3077,0x342c,0xbc9c,0xaa51,0xb8f1,0xbc18,0xb834,
    0xb592,0x2c32,0xb6fb,0xbabe,0xb659,0x2c8e,0xa5dc,0xaa6b,0xbc61,0x3141,0xb80e,0x19f6,0x38c9,0x2d44,0x2d0b,0x3084,
    0xbb5d,0xb4dc,0xb363,0xb4e0,0xb182,0xba1c,0xb5cf,0x1c45,0xb389,0x38b8,0xb44e,0xbb1a,0xb006,0x335b,0xb7ce,0x39ef,
    0xb019,0x3bfa,0x32a0,0x33dd,0xa7ec,0xb0f1,0x2fc3,0xb1cd,0x3c26,0xb7f5,0xb92e,0x2918,0xb229,0x35fd,0x29de,0xaf5a,
    0xb62e,0x39b9,0x34c3,0x3a08,0xbe0e,0x3cb8,0xb7c2,0x246b,0x2e3f,0xb7a9,0x3c0d,0xb91a,0xaf02,0xb44d,0xbe1e,0xb346,
    0xb289,0xbb08,0x3a3d,0xbb79,0x334a,0xb409,0xa918,0x3073,0xb559,0xbb43,0x383b,0x26e3,0xaa0e,0xb2ee,0x3628,0xb411,
    0x3479,0x3278,0xb500,0xaeb9,0xb458,0x37c3,0xbc44,0xad30,0x350b,0xb818,0x28ed,0x37f3,0x2c3b,0xbb0c,0x39bd,0xb6f0,
    0x2e93,0xb414,0xa69e,0xb47e,0x3019,0x9433,0xb05b,0x272f,0x2ee4,0xb6a3,0x3aac,0xb454,0xb5f2,0x39a0,0xac67,0xb37e,
    0xbbc4,0xb57d,0x3937,0xb2f7,0xb185,0xb8c6,0xb291,0x23cb,0x301f,0x3537,0x3633,0xb9f4,0xb122,0xaefd,0xb923,0x2f86,
    0xac4a,0x3517,0xb54f,0xbc9f,0x3a62,0xaf3c,0xa93a,0x288d,0xb9a4,0xb87e,0x3860,0x320c,0xb738,0xadac,0x39b8,0x2030,
    0xae5f,0xb87a,0x357f,0x3a79,0xb6c4,0xb5f9,0xb57f,0xb1a3,0xb339,0xbabd,0xb79b,0x3135,0x33e4,0x2ec4,0xbb7c,0xa94d,
    0xb894,0xb5f7,0x3bd6,0xbb79,0x39a0,0xa491,0xa28f,0x3d39,0x3841,0xb834,0x37a9,0x300d,0x34c7,0x2654,0xb950,0x34f3,
    0xac4b,0xbaed,0x2b02,0x3c60,0x3119,0x3822,0x3802,0x2e9f,0xab62,0xb4ed,0x3928,0xb72d,0x3296,0xa987,0xb40c,0xba91,
    0x3431,0x281a,0xb9dc,0x39f1,0x2e7a,0xb339,0xab86,0xb063,0xb3b5,0xb461,0x3922,0xa760,0xb649,0xbc2c,0xb662,0xae69,
    0xbb1a,0xb6d4,0x371d,0xb54a,0x311b,0x34fe,0xb017,0xb5c7,0xac2d,0xb122,0x3483,0x3617,0x2154,0x2615,0xb99d,0x2879,
    0xb4b8,0x379a,0xb52b,0xb5de,0x30e2,0xb493,0xaec7,0x3535,0xb83e,0x34c5,0xb713,0xacf6,0x3948,0xb866,0x2dda,0xb2d7,
    0xb0b2,0xb8d9,0x32e5,0x36a1,0x38e4,0x2810,0xb721,0xb357,0xb227,0xb582,0x32db,0x3463,0xb80c,0x3c10,0xbcd5,0x25af,
    0xb813,0x2ae3,0xbd62,0xb61d,0x3585,0xafca,0xaec5,0xb2f9,0xb838,0x34d5,0x312d,0xb5a5,0xacdb,0xb420,0x2dfa,0xb69b,
    0x18a5,0xadc3,0xbd53,0x348d,0xaec5,0xb1ea,0xbab1,0xb010,0xb674,0xba9d,0xbba3,0x2e28,0xb014,0x3a1e,0xb891,0x3366,
    0xb4b3,0x2cb8,0xb67c,0x22f3,0xbc3c,0xb034,0xb3af,0xb7a2,0xb817,0x39fe,0x38ce,0xb5ef,0x223c,0x1f8e,0xb0a2,0xb646,
    0xb2f8,0xb8fa,0xb6fa,0x3443,0x3819,0xad81,0x3622,0xa82e,0x3406,0x34e5,0xa91c,0xbac2,0xb785,0xb734,0x3a51,0xb9c3,
    0xaea7,0x31e9,0x30fa,0xb54f,0xb7cf,0xa687,0xb316,0xb562,0xb16f,0xb61f,0xb79a,0xb0d3,0x2db6,0x2c6d,0xb90f,0x2df6,
    0x3656,0x312e,0x2ad5,0x34a9,0x35af,0xa68a,0x316a,0x290c,0x3440,0xbc43,0x3848,0x2e3b,0xb060,0xb5da,0xacf9,0xbb1c,
    0xb599,0x381a,0x3805,0x2ef4,0xb1a4,0x301c,0xb022,0xb190,0xb9a7,0x317c,0x3d7e,0xa9af,0xb4eb,0x3436,0xa390,0x1e13,
    0xb2a4,0xb21f,0x3976,0x396d,0xb49f,0x3ae3,0x2854,0x2d53,0xab4b,0x376e,0xb657,0x36f2,0xb4a0,0xaef9,0xb7eb,0xb027,
    0xb3ea,0xb545,0xbc2e,0xb0bc,0xba3d,0xb1f7,0xa880,0x313e,0xa572,0x3126,0x3a92,0xad24,0x3689,0x2bd7,0xb830,0xad14,
    0x271a,0xb70f,0x2b34,0xb22a,0x32bd,0xacbd,0xbf40,0x2d8f,0x3406,0xb2cf,0x2f4a,0xb60e,0xb31c,0xb60a,0x38e4,0xbc33,
    0xb527,0xba8c,0xb6d9,0xbfc0,0xb87c,0x3107,0xac2f,0xa846,0xbd92,0xbae4,0xb78c,0x2ef4,0xac1f,0x3348,0xb805,0xa337,
    0xb3bf,0xb933,0xb51d,0x3903,0x3478,0x3804,0xb0b3,0x2de0,0xa5db,0x3a52,0xaae3,0xba8f,0xb265,0x3ccb,0xbb2a,0xb587,
    0x3257,0x281f,0xbc3a,0x2b81,0xb2fe,0x286e,0x301d,0xb712,0x3640,0xb53a,0xb8d9,0xa1bb,0xb4c1,0xb8aa,0xbb04,0xb1fd,
    0x3343,0xb7ba,0xb8d6,0x3420,0xae8b,0x3504,0x3834,0xb2ee,0xb6d4,0x36cc,0x3396,0x3956,0xae0a,0xbb58,0x38f1,0xbdde,
    0x1b43,0xab28,0xaeb8,0x2fc9,0xc144,0x290d,0xadfc,0x3bc7,0x35f3,0xb7df,0x3322,0xb506,0xb364,0x3264,0x3940,0xaf96,
    0x38fa,0xba2b,0xb89b,0x30c5,0xa82a,0x38a6,0x38bd,0x9c8b,0xb1cb,0x3b4c,0x2f54,0x34ac,0x28b9,0xbd66,0xb1fe,0x3404,
    0xb288,0xad3c,0xb7cb,0x3822,0xbc27,0x3138,0x2908,0xb88f,0x3855,0xb33e,0xbc30,0x293b,0x30ba,0xb704,0x3517,0x2a17,
    0x2739,0x39e1,0xb506,0xb4d1,0x3e6d,0x2570,0x20d3,0x2b29,0xa9d7,0xbd73,0xb888,0x3864,0xb0c2,0xb5bc,0xb95c,0xbcfd,
    0xb069,0x3db7,0xb6c4,0x2cc0,0xbe3f,0xb39c,0x3164,0x3c65,0x3581,0xbbdf,0xab94,0xa8c3,0xbc40,0x2846,0xb957,0x27df,
    0xa639,0x2830,0xb2ee,0xb335,0x29be,0x3412,0xb01a,0xb1fb,0xa546,0x35fd,0xa505,0xaf71,0xb301,0xb8c8,0xb83c,0xace8,
    0xb07b,0x3377,0xb613,0xb602,0x26f1,0xb368,0xb03a,0xbba1,0x23f7,0xb971,0xb56e,0xb07c,0xbaf3,0xb496,0x3264,0xb5ad,
    0xb5a1,0xb6c6,0xb065,0xb87d,0xb7ba,0xb756,0xb65a,0xa995,0xaa11,0xb069,0xb833,0xb237,0x9937,0xae6e,0x324e,0x32f3,
    0xb48d,0x34e2,0xb0b1,0xb5f4,0x2c15,0xa819,0x2a36,0xb687,0x29e0,0xad7f,0xb91e,0xb440,0x3c16,0xafa0,0x3689,0xad3d,
    0x31ff,0xb654,0xb841,0x3a01,0x312b,0x3273,0x3c11,0x30f3,0xb191,0x3986,0x37d1,0x2fc6,0xa928,0x3170,0x34b2,0xbaee,
    0x2ce9,0x3a3b,0xb88a,0xb01d,0xbe53,0x2547,0x2f95,0x3980,0xba96,0xb1b4,0xbb9e,0xa45b,0x36b9,0x2783,0x3949,0x31d7,
    0xb88d,0x3d49,0xbd83,0x3534,0x3c28,0xac32,0x342b,0x3122,0x1a06,0xb9e7,0xb966,0x3a79,0x3319,0xacd9,0xbc2a,0xb6bd,
    0xad93,0x398f,0x32a4,0x2a87,0x3036,0xab06,0xb124,0x38f8,0xb61c,0x3661,0x35b9,0x34dc,0x389a,0xbc31,0xb4e9,0x31b7,
    0xb94c,0xb6af,0x31f2,0x3106,0x3826,0xb689,0x3bb3,0x3110,0xadd8,0x3c3e,0xb8c0,0x380c,0x2522,0x2892,0x3cc2,0x3ef7,
    0x9fc6,0x367f,0xbc8d,0x3c5e,0x4023,0x333c,0xb05b,0xb62b,0x22ca,0xb98c,0x3c8e,0xb5f2,0x3496,0xb831,0xb553,0x2c71,
    0xac4b,0xb68a,0xb786,0x2f79,0xbcb7,0xb8d2,0xb85a,0xa8c0,0x2add,0x339e,0xb7a0,0xb942,0xaf1f,0xb84e,0x38e5,0xb9ae,
    0x2e2f,0xb9b8,0xb505,0xbcbc,0x3645,0xb297,0x2c7f,0x2938,0xbe33,0xbcb9,0xba1f,0x3475,0x3687,0xb652,0x3823,0xb04d,
    0xb8c4,0xb639,0x306b,0x2ecf,0xaaa8,0xb1a4,0x361d,0xa9a8,0xb01c,0x39d6,0xb59b,0x3745,0xa84f,0xb902,0x3fd7,0xb88e,
    0x3076,0x2d19,0x3b58,0x23d0,0x35c6,0x3135,0xa955,0xb36d,0x3e18,0xbe8c,0xb63a,0xb04c,0xafd8,0x3860,0x32f2,0x2d7d,
    0x3347,0xb715,0x31ab,0xb82c,0x362e,0xb067,0xbca2,0xb0ce,0xb39e,0x35e8,0x3727,0xb06c,0xb38d,0xb1a3,0xb941,0xbff9,
    0x99fe,0xbb1e,0xbd45,0xbaa9,0xbdf8,0xb6b8,0xb422,0xb9c0,0xbbd4,0xb1fe,0xb476,0xa726,0x3a0c,0xaef5,0xad21,0xb21b,
    0x31fa,0xb827,0x2140,0xb275,0xb7bb,0x35d9,0xb9b1,0xb2d8,0xb09a,0x2f3c,0xb074,0x35d5,0x2f7b,0xb8d9,0x28e6,0xa3a4,
    0xb17a,0xba82,0x341e,0xb9b5,0x35c1,0xb30e,0xaed2,0x39aa,0xb660,0xb6e4,0x357a,0xb6a9,0xa41f,0xb8f8,0xb297,0xad30,
    0xb421,0x2821,0x21e2,0xb45f,0x30d3,0xb33e,0x1e72,0xa5c4,0xa85a,0x3314,0x38e7,0xb7d5,0xb319,0xba1e,0x3b95,0xbad4,
    0x2432,0xb8dd,0xb87e,0xb87d,0xbede,0x2773,0x9d4d,0xbb43,0xbb42,0xa1a6,0xb480,0x2ee1,0xb7fe,0x3249,0x300e,0xb0c4,
    0x355c,0xb5d1,0xb6da,0x3557,0xbdf2,0x2d9d,0xb49c,0x3073,0xafa2,0x9885,0xb3c1,0x8fa4,0xb2aa,0xbb91,0xb8d9,0x294f,
    0xb53e,0xb911,0x2d5e,0xb269,0xb5aa,0xb1cf,0xaec8,0xae03,0x3974,0xb8fb,0xaa07,0x1587,0xb892,0x31f5,0x38f3,0xb759,
    0x38d6,0x37da,0xb89c,0xba4a,0x36bb,0xb43b,0xbb8f,0xb34e,0xb51c,0xb3c1,0x32d7,0x35ac,0xb468,0x2f6d,0xbab7,0x3774,
    0xaeae,0xb962,0xbc99,0xb8fe,0x3604,0xade9,0xad48,0xba3f,0xb164,0xb437,0xb551,0xb32d,0x358e,0xb25e,0x352d,0xb2f9,
    0x2ec9,0x3c01,0x35a8,0x2ab6,0x36fa,0x3cb8,0xbc33,0x1cfa,0xb461,0x270b,0xace3,0xa777,0xb23a,0x3c28,0xb67e,0x3580,
    0x9541,0xb7a6,0x348d,0x3483,0x3c5c,0xb44f,0xb104,0xb406,0x2d9e,0x3c3a,0x3a28,0xb2b6,0xb473,0xba90,0xb67d,0xb74a,
    0xa79f,0x3af5,0xaeba,0xb0d9,0xb5dd,0xb4f1,0x28ee,0xb10f,0xb60d,0xbc5c,0x2e19,0x3ab5,0xb8d9,0x3ab1,0xb969,0xb4d2,
    0xb4ef,0xb083,0x281f,0xb88f,0x33e3,0xa017,0xb409,0x382a,0xbd0a,0x3453,0x39f0,0xb2b9,0x3af5,0xb6bd,0xb90d,0xb201,
    0xbd20,0x3bf3,0x3781,0xb26d,0x3325,0x2d66,0xb1e3,0x2a14,0xb41d,0x3927,0xb6d4,0xba16,0xa2c7,0x3b70,0x27a2,0x33de,
    0x31b9,0x3720,0xb20a,0xb897,0x3922,0xacbf,0xa992,0x2cb6,0x301b,0xb53d,0xbc7c,0x349c,0x3854,0xb41d,0xbb11,0xa5fe,
    0xb8b3,0xb8aa,0x346b,0x3531,0xb547,0xbaa3,0x371c,0xb47d,0xb183,0xb8d5,0x3262,0xb416,0x2c1d,0xbe82,0x3a9a,0xb28e,
    0xb0f9,0xbabb,0xba1a,0xb2a0,0x2ee5,0xada8,0xacd5,0x2864,0x3546,0xbf51,0xbc2d,0xb186,0xb59e,0xb94f,0xbbdd,0xb2ae,
    0xb4af,0xb8bb,0xbdfe,0xb924,0xb9a0,0xba9a,0x3524,0xafdf,0xac74,0x3746,0x397f,0xb34f,0xb55c,0x3146,0x364f,0x29e6,
    0x2de9,0x27c3,0x391d,0xb4b0,0xbbdc,0xb68e,0x2ca3,0xb7c9,0xb64c,0xad1b,0xbd36,0xb40b,0xb1d9,0x2fe2,0x3b03,0xb0ce,
    0xb4f2,0xb329,0xb741,0xad6f,0x2ac0,0x3469,0x3c1d,0xacc2,0xac3f,0x3282,0xac93,0x30cb,0xb531,0x3d55,0xb518,0xb129,
    0xb340,0xb790,0x3c45,0xb125,0xbdce,0xb2ea,0xab7d,0x3101,0x348f,0x39d9,0xa888,0xb4fe,0x3871,0xb6c4,0xb9da,0x3195,
    0x304f,0x3870,0x2c03,0x310b,0x30b3,0xb868,0x3829,0xb26b,0x2589,0xbf92,0xba29,0xb852,0xb686,0x4089,0xb8e4,0xb839,
    0xafe0,0xb2a3,0x38f2,0x33dd,0xae99,0xb290,0xa9f9,0xb51d,0xbbfe,0xb827,0xacf7,0xb5cd,0x388a,0x2978,0x3326,0xaea9,
    0xb32a,0xb6c7,0xbc46,0x3a04,0xb685,0x35a9,0xbc9a,0xb470,0xb142,0xb5e9,0xb895,0x2ca7,0xb2fc,0x34ba,0x3b87,0x29e8,
    0xaa31,0x1ea1,0x3890,0xb5ed,0x2cf7,0xa8b3,0xaddc,0xb703,0xb8c8,0xb5e4,0x2dbd,0x2ad9,0xac3b,0x32f5,0xbd16,0xa9b2,
    0xba39,0x359d,0xae65,0x3ac9,0x2a57,0x31cc,0xb303,0x2bb6,0x2ebe,0x340e,0xb297,0xb4a1,0x2ed9,0x3710,0xb49b,0xbbc0,
    0x2677,0xb2fb,0xb54d,0x3218,0xbe3f,0xb2e9,0xb216,0xa380,0x35a8,0xa8ce,0x373d,0xb368,0x3ac8,0xba03,0x36eb,0x2e98,
    0xb571,0xb5bd,0xb464,0x36d5,0x2218,0x30a2,0xb837,0xa8a5,0x2d49,0xb6d0,0xb835,0xae87,0xaa9d,0x25ae,0xb321,0xb545,
    0x3009,0xb980,0xb00b,0xb1cb,0xb524,0x2230,0xac07,0x3150,0xb243,0x2cfb,0x37ee,0xaf06,0xbae7,0x3437,0x3298,0xb1dd,
    0xb52c,0xb06f,0xb459,0xac7a,0x36a9,0xb75c,0x32aa,0x2dfd,0xaf2e,0x3231,0xa267,0xb42a,0xa5cc,0xbea7,0xbad0,0x30e6,
    0xad7f,0xaf88,0xbc3b,0x3470,0xaeca,0xb294,0xb132,0xb760,0x3083,0xbeff,0xbc33,0xaefd,0x2eab,0x3888,0x365b,0x3108,
    0xb80a,0xb5e1,0xb7e9,0x3184,0xb4e3,0xbc5c,0xbcf6,0x9efe,0x29df,0xb963,0x3aca,0xb866,0x9eef,0xb0ca,0xb87b,0xbdbb,
    0xb06e,0x35c3,0xb97c,0xbc27,0xb11e,0x3264,0x2473,0xb875,0xb244,0xbc9e,0xb625,0x2d00,0x31db,0x3b0e,0x38b4,0x2c75,
    0x23bb,0x3935,0xbcb3,0xb8b8,0xb57f,0x3aa7,0x3882,0xac18,0xa86c,0x3886,0xb50a,0xba4e,0x2422,0x35bf,0xb134,0xb5cc,
    0xb154,0xb8d6,0x32c2,0xb2e1,0x3ae5,0xb0b7,0x2950,0x375c,0xb241,0xbdcc,0xb048,0xb4c1,0x285c,0xbac8,0xbc6c,0xadad,
    0x3490,0x34a7,0x3711,0x28c8,0xb8ba,0xb5bc,0xb5a0,0xaa21,0x34d0,0xbf57,0xb6ea,0x3d2f,0xb356,0x381a,0xbdb3,0xb885,
    0x2d4a,0xbea4,0x2b4f,0xa08f,0xb40c,0x26b6,0x2e02,0x3021,0xb754,0x3a81,0x2249,0xb148,0xb305,0xb5d2,0x3585,0xb376,
    0x36df,0xba5e,0x2e5d,0xb8b2,0xaa7e,0xb99d,0xb612,0xb0b7,0xacbb,0xaa12,0x31c6,0xafc7,0xad68,0xbf3c,0x263c,0xaefd,
    0xae92,0x379e,0xba2c,0xb2fc,0x2b0e,0xafe7,0x3132,0xb90b,0xab01,0xbe54,0xba18,0xb54f,0xbd1f,0x35e5,0x3506,0x2dd1,
    0xb9f3,0x2921,0xbf3e,0x3d31,0xad66,0x35ef,0x315c,0xa9a0,0xb301,0xb509,0xb388,0x383e,0xb750,0x3cff,0xbefc,0xbbd5,
    0xb54c,0x36eb,0x3a1e,0x2fb5,0xbd8b,0xb415,0xa4e1,0x3547,0x2a58,0x396d,0x3c75,0xa010,0xb8b8,0xb002,0x3fe5,0xb086,
    0xb455,0x3938,0x384c,0x3a85,0xad85,0xb2ba,0xb2a8,0xb5d6,0xb59c,0xb404,0xb5d8,0x383d,0x2cbf,0x398c,0xb581,0xba62,
    0xacb7,0x34ee,0x32ed,0x3482,0xa7c2,0xb64b,0xae70,0x3570,0x3a75,0xbc20,0xaf52,0xb31b,0x320f,0xb447,0xb34d,0xae03,
    0xb5ce,0x3858,0xb7a8,0xb517,0xb52e,0xb358,0xb956,0xb0d8,0xb3e6,0x40d6,0xb9a1,0xba78,0x2ead,0xbaa4,0x28c9,0x3dc9,
    0x2d65,0xb763,0x3953,0x37a0,0xaf50,0xb137,0xb243,0x305f,0x31c9,0xba1c,0xa7d3,0xac02,0x28a5,0x3871,0x3532,0x0d65,
    0xbc27,0xa93a,0xba13,0xb540,0xb7c3,0xb8e5,0xbebb,0xaf4a,0xaf69,0x38c2,0x3c23,0xbc0c,0xb014,0xb8a6,0xbbad,0x2b28,
    0xb01d,0xac6a,0xb806,0xbce5,0x39dc,0xb0d0,0x2700,0xb8d1,0x245c,0x2d8d,0x32a4,0x27d6,0xb1b2,0x29f5,0x394a,0xa421,
    0x3307,0x3478,0xb03c,0x3824,0xb5c6,0x2c27,0xb982,0xa9a3,0xac8a,0xb006,0x3504,0xb4e4,0xafbb,0xb720,0xb97a,0xbc4e,
    0xb7be,0x37b0,0xb058,0xb08a,0xbc5c,0xaf0b,0x2f6b,0xb426,0x3607,0x308d,0x30dc,0x2cec,0xb128,0x392e,0xb819,0xaf9b,
    0xb85c,0x2ed1,0x9f0f,0x2e9e,0xba99,0x380a,0x304c,0xb434,0xb316,0x3bb5,0xb6a3,0xb746,0xa825,0x3454,0xbe34,0xbe52,
    0x2c2f,0xae6a,0x2f8d,0x3a25,0xb42d,0x2d30,0xb04d,0xae74,0xb8f4,0xbda2,0x38c6,0x9c4e,0x3ae9,0x2b2c,0x3aba,0xb3e1,
    0x360b,0xb17f,0xaf6b,0xb4f5,0x3296,0x3076,0xb2a5,0xb10c,0xb22d,0x3c77,0x32f0,0x39a8,0x2693,0x32f5,0xb536,0x3352,
    0xab23,0xa828,0xb6f0,0x390a,0x3361,0xae53,0x2bac,0x2d56,0x3970,0x36a8,0xad74,0x1f64,0x3491,0xb88a,0xb52c,0x27fb,
    0x3b2a,0xb1b2,0x3dad,0x38ef,0x393f,0xb809,0xbd1b,0xaa16,0xb5e1,0xb824,0x300d,0xae74,0xaec5,0xb13b,0xac38,0xb31b,
    0xb344,0xa2d4,0xb8d1,0xb9a6,0x3aec,0xb3dc,0xa9c2,0xaee1,0x3524,0x3348,0x3381,0xb4cc,0xb566,0xb832,0x35eb,0xb392,
    0x352d,0x3c28,0x3258,0xb4ab,0xb536,0xb401,0xb2fc,0xb4b3,0xa82b,0xba71,0x388f,0x3184,0xb170,0x39ed,0xb439,0xb6a5,
    0xb47f,0x25e2,0xb88b,0xb4c8,0xb657,0xaf19,0xb037,0xa8e7,0x324d,0xafc9,0x39f0,0xb4c3,0xb674,0x2d80,0xb8b0,0xacb6,
    0x387b,0x2e60,0x303e,0x361c,0xbbea,0xad56,0x34fc,0xb05f,0x2caf,0xb01a,0xb4ca,0xb466,0xafcf,0xb530,0xbc45,0xae5e,
    0xb4bf,0x33e0,0xa561,0xac73,0xaa3f,0x1d7a,0xb179,0xb6ee,0x35b7,0xb599,0xb59d,0xaf09,0xb4db,0xb313,0xb6e8,0xb343,
    0xaa52,0x38e6,0x3167,0xb87c,0x9094,0xb794,0xb85b,0xb407,0xafca,0xb49c,0xbb1a,0xb4c2,0xb081,0xbae8,0xb022,0xaf67,
    0xb49f,0x39b9,0xb68d,0xb974,0x3ba0,0xb375,0xb0c8,0xb837,0xb619,0x3775,0xb858,0xb06b,0x3121,0x3a8b,0xa2a1,0xb4fc,
    0x389f,0x32cd,0x9d7f,0xbac9,0xb41e,0x3363,0x3e92,0xa8ff,0xa69b,0x341c,0x3cb7,0xac9c,0xb033,0x385b,0x2a53,0xb44b,
    0xb3c7,0xb452,0x35b9,0x342b,0x3050,0x9cab,0xaf8f,0x35aa,0xb194,0xb44a,0xb539,0xb31a,0x2b2e,0xb9a7,0xbe65,0xb01b,
    0xb8fd,0xa478,0xb569,0xadb1,0xb162,0x3dcf,0xbc25,0xb0dd,0xac9c,0x3c1a,0xb79e,0x3899,0xb25b,0x33db,0x3c7b,0xb427,
    0xb23e,0xbb46,0xbcab,0xb9c1,0xbe18,0x2cf8,0xae3e,0x3c59,0xbf4a,0x31d5,0xaa10,0xb0fb,0x3b20,0xbe35,0xbd56,0xa87c,
    0x2fd5,0x38e2,0xb402,0x30a1,0xb1ab,0x3f43,0x37c5,0xb479,0xb144,0x3d90,0xb43a,0x27ea,0xb4b3,0xb50b,0x30b7,0x3c39,
    0xae8d,0xb14b,0xbbb0,0x3506,0x3351,0x2b91,0x302b,0xb282,0xbbac,0x325e,0xb7da,0xaddf,0xa590,0x39e3,0xa5c7,0x2196,
    0x302a,0xac35,0x332f,0xb443,0x3322,0x355a,0xb872,0xad49,0x13a4,0x29d0,0x3073,0xaf8a,0xa59e,0xb827,0x3b24,0xb03d,
    0x345c,0x3099,0x2ebc,0xb495,0x37a9,0x338e,0xaec9,0x28ce,0xb069,0xb3f8,0x3707,0xa82c,0xb46d,0xacce,0xac63,0x2f88,
    0x35ad,0x37fe,0xb153,0xb8f0,0x3c14,0xb46e,0xb36b,0x2ae0,0x3039,0xbdc8,0x345c,0xba7d,0x2c1d,0x3739,0xbaf8,0xbc89,
    0xb4b4,0x3c9d,0xb637,0xb55e,0xbf06,0xb4c2,0x2e95,0xbafc,0xb900,0xb434,0xbb37,0x2d6e,0xba75,0x3bd7,0xb6dd,0x2a46,
    0xbb15,0xbc16,0xbdcd,0xaf6a,0xbe2b,0xbd56,0xb63f,0x317c,0x2471,0x33b6,0x39b4,0xbaa8,0x21e8,0xbb0c,0xbce6,0x391f,
    0x34a2,0xb536,0x9ad6,0xbb82,0x3df0,0x3075,0x98ab,0xbc2f,0xb8cb,0xa519,0xb50b,0xb091,0xb0d0,0x2cc2,0xb0bc,0x3129,
    0xb668,0x390a,0xaea8,0xb948,0x35d9,0x2d3a,0xb97d,0xb1c0,0xb1d2,0xb92a,0x37c8,0x3453,0xb402,0xadaf,0xb57d,0xb895,
    0xad67,0x30cb,0x2d89,0xb6af,0xada3,0xb61e,0xb409,0x31c3,0x3686,0xb21d,0xb0f8,0xb21b,0x35da,0xb261,0xb06c,0xb0db,
    0xb571,0xbc37,0x3745,0x3b17,0xb9e1,0xb7aa,0xb7ec,0x30a7,0xb09e,0x3c4a,0x2ca5,0xb5fb,0x2582,0xada1,0x4123,0x2c4b,
    0xa2c2,0x3a48,0xac7f,0xae82,0x3989,0xaf35,0xa8fb,0xb936,0x387d,0x3109,0x3a98,0xa8a2,0xa997,0xb802,0x3866,0x2a45,
    0xbb74,0x2a1b,0xafb2,0x382e,0x3c66,0xb924,0x34fd,0xb37b,0xb16e,0xbc2b,0x347c,0x32e5,0xb697,0x37f2,0xb4db,0x23c1,
    0xb226,0x3c67,0xaa6d,0x30de,0x3906,0xa733,0xb274,0x2fd8,0xb06a,0x3a38,0xa733,0xb6e1,0xafd4,0xae5e,0x360c,0x3007,
    0xad87,0x3c7e,0xbb4c,0xa423,0xb0fe,0xb860,0x392c,0xaec5,0xabb7,0xbff2,0xbca2,0x28b1,0xb5cc,0x35d8,0x2c71,0x2c67,
    0x2c57,0xbae1,0x3850,0x3d64,0xb81b,0x24cc,0xa8f8,0xb91b,0xb469,0x34a1,0x18f1,0x338e,0xb871,0xb1a7,0x38a3,0xb300,
    0x26ac,0xba9a,0xba78,0x39fb,0x3bc1,0x3804,0xbbc8,0xb52c,0x3109,0xb8fa,0x398d,0xb46f,0xb75d,0xb5ae,0xbc32,0xb7c9,
    0xb29c,0x3ae7,0xb38f,0xb9e5,0xb64c,0xa94b,0x27b5,0xbbb6,0x3bd9,0x3925,0xb950,0x2512,0xb9fd,0x3bca,0xb092,0xb708,
    0xb27c,0xb495,0xab60,0xac72,0xb238,0xb216,0x2a71,0xab60,0x9098,0xb558,0x2f3b,0x34c4,0xb466,0x387f,0x396a,0xb40b,
    0xb12a,0xbb35,0x3819,0xb41e,0xb457,0xaf3b,0x2f8f,0xb56f,0xb1f7,0xb507,0x38a5,0xae84,0x2e7b,0xb752,0xb891,0xb007,
    0xb93e,0xbd13,0xad66,0x341f,0x3e3d,0xb454,0xb2bf,0x25fa,0x295e,0xacfc,0xb068,0xba61,0xb5bc,0x3068,0x3c8c,0xad9f,
    0xb163,0x3588,0xbcc5,0x1f00,0x36ff,0xb17d,0xa1ce,0x360a,0xb8e7,0x373d,0xacaf,0xadcd,0x3994,0x39ad,0xbbc1,0xac21,
    0x330f,0x378a,0xb006,0x305f,0xb0f2,0x2c44,0xb950,0xb2d0,0xb5a6,0xaf7b,0x3a97,0xb4bb,0xb567,0x3c16,0xb28f,0x2f5e,
    0xb82a,0xb784,0x3b48,0xb895,0xb5f5,0xb51e,0xb39c,0x36fc,0xb367,0x3246,0x3814,0xb175,0x3508,0xba9f,0xb909,0x2d71,
    0x28c5,0x2d58,0x36d3,0xb54e,0x3963,0x35a2,0x39f1,0xb289,0xb244,0x30f6,0x3144,0xb83c,0xae6a,0x36a7,0xb651,0x224e,
    0x34a4,0xb7b9,0xb280,0x2eb3,0x3c9a,0x3133,0x2f22,0xa939,0xb2c3,0x3932,0xbcd7,0xb45d,0x356c,0xb63f,0xbc2c,0x2b22,
    0x363f,0x291c,0xb39b,0xb971,0x3107,0xa948,0xbbe7,0xb097,0xb49c,0x38f0,0x3131,0x1f6f,0xb2bc,0x9f46,0xadfe,0x38c5,
    0xb4ae,0xa280,0xb674,0xb8a9,0x30a2,0xab25,0xb36a,0x2f4f,0x1975,0xb676,0x3572,0xa8a5,0xae48,0x30b8,0x2e8e,0xae56,
    0xb58e,0xbc94,0x260f,0xb4d1,0xacdf,0x36b6,0xb971,0x3151,0x2fd4,0x322d,0x31fb,0x9b41,0xb57e,0xb970,0xb52d,0x3897,
    0x2ebf,0x38d4,0xba7a,0xaf3b,0xaf0b,0x326b,0xafc4,0xb2f2,0x3cd7,0xb459,0xbad3,0xaf73,0x302f,0xb4b5,0x36c3,0x2d25,
    0x9d12,0xb83b,0x2e66,0xb689,0x34e5,0xb763,0xbca9,0xb5c9,0x3147,0xb492,0xbac6,0x2b1d,0xb345,0x38af,0xb51c,0x24a6,
    0xb56a,0xbc33,0xb515,0x3008,0x33d5,0x2848,0xb0c0,0xb86c,0xba02,0xab9f,0xb94b,0x2881,0x339f,0xb5f5,0xb43e,0xad7a,
    0xb4a9,0xbb69,0xb469,0xb31b,0x3100,0xb6ff,0xa8c0,0xb186,0x2c44,0xb156,0xb0ae,0x3881,0xb58d,0x2f16,0x399e,0xb72f,
    0xaa56,0x39bc,0x37ea,0xb52d,0xb592,0xb5c7,0xb27a,0xb57a,0x33d4,0xba51,0xbcdd,0xacbd,0x27e3,0x2e87,0x3457,0xb4c5,
    0xb0fd,0x3a7d,0x3449,0xba99,0xb964,0xa7f1,0x0324,0xb154,0xb03c,0xb8c6,0xbc44,0x3a82,0xac48,0xb649,0x2f54,0x36ee,
    0xb36f,0xb73b,0x3240,0xb481,0x2d85,0x2c0d,0xb0e5,0x3108,0xbb5a,0x3cdc,0xb446,0xb24b,0x357c,0xbce2,0x3a78,0xb429,
    0xb8fd,0x3915,0xb4bc,0x3d0b,0x28ac,0xb7d0,0x290b,0xb2a5,0xaf62,0xbe2b,0x3a7a,0xa695,0xb625,0x3a10,0xb022,0x36ac,
    0xb4be,0xb160,0xb9e1,0x3866,0x3386,0x2a2b,0x253d,0xb086,0x317b,0xbc5d,0xb729,0xb652,0xbb9d,0xb3ea,0x38cf,0xb511,
    0xaf0e,0x32a6,0x356b,0xb912,0xb872,0xaeea,0xb835,0xaea2,0xa8f9,0x2d5e,0x37e8,0x2fa5,0x1d27,0x2f05,0x28bd,0x3a50,
    0xb2ce,0xba0e,0x311b,0xa147,0x37fc,0xb42e,0xb191,0xba28,0xb66e,0x3a57,0x3805,0x295a,0xb40c,0x38e1,0xb6c1,0xb3b5,
    0x301a,0xb425,0x310a,0x3733,0x35e2,0x3a67,0x264c,0x2784,0x2ffa,0xb187,0xb1f5,0x3b5c,0x3120,0x2ea7,0xbfdb,0xb31e,
    0x1f6b,0x31b1,0xc131,0xbfe9,0x3c8b,0xb426,0x31b7,0xbcef,0x323b,0x3ac3,0xb870,0x32d3,0xb767,0xb830,0xb94f,0xb28c,
    0xb6e8,0x351c,0xb5b1,0xb939,0x398f,0x3399,0xb7a4,0x2926,0xb48f,0x3c1b,0x3945,0x2fa5,0xb5ab,0xa9bf,0x3a4b,0x3831,
    0xab0c,0x2c59,0x3720,0xb4ea,0xb4ad,0xb05f,0x226d,0x326d,0x382a,0x3c5d,0xb246,0xa820,0x382d,0xa502,0x2f1c,0x22b6,
    0xb7e8,0x303d,0x345b,0x341c,0xb30a,0x3475,0x3a78,0xa782,0xb350,0xbcd3,0x30fc,0x3013,0xb766,0xbaf8,0xbb20,0x3c0f,
    0xac4b,0x3167,0xbe89,0x3da3,0x38a0,0xb045,0xb28f,0xad8b,0xbca4,0xbdd5,0xb017,0xb83d,0x3411,0xb718,0x3852,0xb438,
    0xb011,0x32c4,0xa94c,0x3219,0x29d5,0xb439,0xb56a,0xb422,0xb352,0xb991,0xb038,0xac35,0xb249,0x314d,0xaea1,0xb14b,
    0xb64b,0xb645,0xb578,0xb569,0xa8d5,0xb5e4,0xb17c,0xb20a,0xb202,0x36db,0x3202,0xb2ab,0x389c,0xb305,0xb1b0,0xb4e2,
    0x31ca,0x3053,0xb51d,0x38ee,0xb56d,0x3052,0x381b,0xa93f,0xafe4,0xbfbe,0xb60c,0x3a65,0xb33a,0x3898,0xbcba,0x3a17,
    0xb040,0xb072,0x360c,0x315a,0xa5e0,0xb188,0xb1d4,0x3600,0xb642,0x30b8,0xa557,0x2857,0xb579,0x385e,0x3554,0xa9ac,
    0xbd84,0x381c,0xb1f5,0xbab5,0x3826,0x2b7a,0x3674,0xaf50,0xb40a,0xb4a0,0xa812,0xb929,0xb00b,0xb79c,0x9df5,0x34eb,
    0x2c7c,0x38f1,0xaaa8,0x328b,0x3ba8,0xb156,0x3173,0xa5ee,0xbce7,0x33c6,0xb853,0x3105,0x396c,0xb909,0xb863,0x2fca,
    0xb2e3,0xb65e,0x32a5,0xb4e4,0xb83b,0x3a59,0xb572,0x9e69,0xb2eb,0xba74,0xb8dc,0xb0d0,0xb6c0,0xc005,0xbd63,0x3c8a,
    0xb0ce,0x21d1,0xb440,0xaa65,0xb367,0xb261,0xb0ef,0x3ab5,0xb2d1,0xb961,0x39a7,0xa983,0xb891,0x3aca,0x3c4f,0xb46b,
    0x385b,0xb87e,0x38be,0xb0e4,0xbc9c,0xb8b1,0xa8c4,0x2df8,0xb183,0xb766,0x3bde,0x25e3,0xb24e,0x1a43,0x3894,0x35e8,
    0xb1f5,0xb5ee,0xb024,0x34f3,0xad9d,0xa451,0xabcf,0xb50d,0x3734,0xb0a7,0x2ccd,0x9d85,0x3582,0x3451,0x3cbb,0x31d4,
    0x35de,0xaf24,0x3158,0x3701,0xaaed,0x3121,0x3b58,0xa43e,0xb684,0x2b9f,0x387a,0x3856,0xb630,0xb0bb,0xb001,0xb4d5,
    0xac0f,0xb071,0xb621,0xb720,0x38ed,0xb42f,0xa401,0x379b,0xb53c,0xb3b1,0x31d4,0xadf9,0x2d3b,0x3405,0x33fe,0xb4ed,
    0x3be5,0xb06e,0x39fb,0x3025,0xb9c9,0x389c,0x37f2,0xaf9b,0xb117,0x38a7,0x2d58,0x3225,0x34b4,0xb619,0xb8d9,0x3008,
    0xb6ed,0x37cb,0x3606,0xb1d7,0x3552,0x2d61,0xb231,0xa99b,0x3cb0,0xbb47,0x3820,0xb03b,0xb82a,0x3a94,0xb2aa,0xb589,
    0x34c9,0x30b9,0x380e,0x3731,0xb4f5,0xb5e1,0xb7ab,0x2f73,0x2df5,0xbaac,0xba35,0xb469,0xafad,0xb0a4,0x3ea7,0xb7b9,
    0xb59f,0xbac5,0xba85,0xb0f9,0x3b39,0x2db1,0x29a7,0x34e1,0x3a46,0x38c2,0x383c,0x2ae6,0xba5e,0xb853,0x35c9,0x30a9,
    0x3022,0xb17e,0x3e81,0x3869,0xa898,0xb93b,0xb266,0xb1d7,0x2e3f,0xb82f,0xb773,0x2e83,0xaaf9,0x3981,0xbaab,0xb490,
    0xb6e8,0xbc69,0x3c45,0xb554,0x38d2,0xb162,0xad03,0xb937,0x3886,0xbe41,0x2a30,0xac1e,0xa9f6,0x3935,0xb774,0xb122,
    0xaf61,0xb620,0x321c,0xba00,0x3233,0xb0f7,0x38d1,0xac82,0xb3dc,0x2f33,0xb3b3,0x2553,0xb373,0xb415,0xb87a,0xaa1a,
    0xb65f,0x2f01,0x2fa4,0xb6b5,0xbac3,0x26ad,0xadfc,0x3032,0xb986,0x394c,0x2eaf,0xb288,0x3792,0x308d,0xbf6a,0x3065,
    0x3845,0x38e5,0x3399,0x37b9,0xb5fd,0xb12a,0xba5d,0x2ee5,0x31ee,0x397e,0xb181,0x2daf,0x2c85,0xb2e2,0x35a8,0xb596,
    0x3074,0x308b,0x354c,0xbbea,0xb971,0x2544,0xab22,0xb510,0xb5a4,0x2a4b,0x2a9b,0xb069,0xb840,0x38c9,0x2d6e,0xabdf,
    0x36e1,0x37a4,0xbb8c,0xb09a,0xb651,0xac8b,0xbca3,0x2d3c,0xb3e8,0xbabf,0x3961,0xb7df,0xb5a7,0x397d,0xbc42,0x33ba,
    0x2d58,0x2b39,0x3461,0xbc51,0xb040,0xb14a,0xa302,0xb079,0x35fa,0x3c3f,0x3b0d,0xb2fb,0xb286,0x349d,0x34f3,0xb802,
    0xb978,0x349b,0xbd69,0x34b0,0xb650,0x3b4b,0x3af0,0x2877,0xb1c3,0x381d,0x23f0,0xb144,0x9eb8,0x2bfb,0xb6e1,0xb8a9,
    0xad63,0xbb6b,0xb8ef,0xab5f,0xbaf3,0x3105,0x2fc7,0x39cd,0xbaf0,0xb14c,0xaa88,0x3227,0x3913,0xb198,0xb6bf,0x3436,
    0x3839,0x255b,0xa32a,0xb405,0xb5d7,0x3757,0xb991,0x9e3c,0x2280,0xa54a,0x308c,0x3544,0xb4f6,0xb77b,0xb8a8,0x2492,
    0xad52,0x35ad,0x3938,0xac67,0xa93a,0xb1bb,0xb2e3,0x3055,0xb1a6,0x3c2b,0x3853,0xb086,0x2619,0xb410,0x34b9,0x316d,
    0x389e,0x2e46,0x3220,0x3882,0xb25f,0x321c,0xbded,0xafbc,0xade7,0xb340,0x3369,0x333c,0xb33a,0x3e6a,0xb661,0xb1f2,
    0x321f,0xb6fa,0x3a9c,0xbba3,0x2d9f,0x2efc,0xaec9,0x3a54,0xb4c4,0x3401,0x389d,0xae27,0x3775,0xb849,0x3843,0xb1b0,
    0xbb12,0xb858,0x31a8,0x3409,0xb4ce,0xb5ae,0x3033,0xb02f,0xaa22,0x3335,0x3953,0xbd2b,0x2702,0x33e4,0x38f4,0xb755,
    0xb485,0xb84e,0xb7e3,0xab26,0x2811,0x2a51,0xafc3,0xa8ed,0x3b93,0x35ad,0xb9bc,0xb21d,0x3851,0xb990,0x2968,0xb09a,
    0xbae5,0x39d9,0xb4de,0xb9ad,0x3b0d,0x33c1,0xae05,0xa61b,0xaee0,0x3061,0x3796,0xb1b8,0xb395,0x3733,0x3c13,0xb8ba,
    0x30c0,0x3446,0x345a,0x341f,0xb248,0xb1ec,0xaf53,0xa76b,0xb483,0x34d8,0x3a55,0x34be,0x3c6e,0x2ea9,0x3952,0xa819,
    0x3645,0xb921,0xbbdd,0x3560,0xb022,0x348f,0xba9f,0xb0ff,0x283f,0xb79c,0xb912,0xb448,0x205a,0xb603,0xb04a,0xb4a9,
    0xb551,0xb248,0x31fb,0xb042,0xbeed,0xb487,0x29e7,0x35e8,0x3555,0xb88f,0x3270,0x28ba,0x2272,0x3314,0x3012,0xb217,
    0xb50b,0x3def,0xbc7c,0x36ba,0xb45a,0xbc8a,0x373b,0x32fb,0x2e26,0xb06c,0xb278,0xbd96,0x2780,0x39a5,0xacf3,0xba01,
    0xb3a2,0xa8e2,0xb896,0xb7f3,0xba9a,0x2787,0xab3a,0xb4cf,0xb4c6,0x37b7,0xb508,0x2ea9,0xb8df,0xb0e3,0x3d97,0x2913,
    0x30ee,0x31f9,0xba20,0xb9be,0xac49,0xb0b2,0x3286,0xaf5d,0xb1dc,0x3978,0xbc39,0xb9a0,0xb361,0xa8ec,0xbacb,0xbc92,
    0xb194,0xa166,0xbae6,0xb2ab,0xbaac,0xb271,0xac7f,0xb726,0xb921,0xb8d5,0xb95c,0xb1b3,0x3bfc,0xb891,0x3aea,0xaf61,
    0xb812,0x38f0,0xbae0,0x3241,0x36b2,0x337a,0x327d,0x1a70,0xb09b,0xb186,0x36b9,0x2ce0,0x2a5e,0x356b,0xb013,0x376a,
    0xa856,0x3c22,0xb9fd,0xb533,0x2c74,0x2f92,0x2e9f,0x363c,0xb8de,0xb380,0xb135,0xb4a2,0x2cd5,0x33c9,0x344e,0xb013,
    0xaf87,0x35ad,0xb716,0x210e,0x3844,0xb2eb,0xb59e,0xaf33,0x29d7,0xb613,0xa660,0xbcf7,0x306b,0x386c,0x34de,0xb842,
    0xb08b,0x3bc2,0xa616,0xbcc5,0xbef8,0xa8ba,0xa778,0x2fa0,0x35b9,0xbb9a,0x2f3c,0x3094,0xbd5f,0x3b30,0xba07,0x2b88,
    0xb696,0xaadd,0xb993,0x341c,0xbc0c,0x3c88,0xafa2,0x329f,0xb015,0x3b90,0xb70d,0x28eb,0x1e4f,0xb4c6,0x3c30,0xb8eb,
    0x2da5,0xbc05,0x34cf,0xb140,0xbaf6,0x3487,0xaf3c,0x3cca,0xb460,0x389b,0x3a97,0x29d8,0x3b95,0xb03e,0x313e,0x3093,
    0x381e,0xb406,0xba41,0x39c6,0xb73f,0x3409,0xbc7b,0xb08c,0xb3c9,0x3727,0xb6c8,0xafac,0xb3cc,0xabd8,0x3deb,0xb34d,
    0xb20c,0xb68a,0xb341,0x2f50,0xbd48,0x1cd3,0xae12,0x32ea,0xb75f,0xbcf0,0xaa17,0xb7e9,0xab2f,0xbaff,0xb003,0xb416,
    0xac65,0x2fe1,0x388e,0x39e6,0xbc45,0xae26,0xb6ea,0xb047,0xaf58,0xbe93,0xb506,0x3c78,0xa9e9,0xa646,0x3913,0xbd31,
    0x3579,0x3861,0xb967,0x3baf,0xbad2,0x9ca4,0xad03,0x3d36,0xb87b,0xc027,0xb482,0xa26c,0xb2bc,0xbc24,0xba41,0x9e27,
    0x33e9,0x32ee,0x3b55,0x36f9,0xae40,0x2efb,0xadda,0x2a16,0xa50e,0xb45b,0x2d24,0x3a76,0xa54e,0x3715,0x33bf,0xbeb2,
    0xa258,0xa84e,0xa4a5,0xb527,0xb937,0xb376,0x2b46,0xb4d8,0xb5f3,0xb924,0x33be,0x9b9d,0xb418,0xbbf5,0xb6d9,0xabe3,
    0x3175,0x34df,0x364b,0x311e,0xb835,0xb6b7,0xb678,0xa1a9,0xacd7,0xb1b8,0xbc03,0xa86e,0x272a,0xa8c3,0xba30,0x36ec,
    0xa635,0xb012,0x31bf,0x3a8f,0x2c7e,0xb4fc,0xab09,0xb86d,0x3a50,0x380b,0x3405,0xa811,0xb9b0,0xb4f4,0x33d6,0xa903,
    0x28a1,0xb763,0xb8a8,0xb249,0x38e1,0x346e,0xb6da,0xb1ec,0xb892,0x389e,0xbaab,0x3851,0x2920,0xb49f,0x2d8b,0xba57,
    0xb45e,0x2e40,0x30fa,0x3701,0xbeaf,0x2491,0xa097,0x350b,0x3969,0x2c93,0x2c91,0xa467,0x3660,0xb5b1,0x38c7,0xb6fe,
    0xb893,0xb9e2,0xb9ed,0xba5d,0xaca8,0xa92b,0x2957,0xaaaf,0xb4a7,0xacee,0xb46d,0xb5ec,0xaaeb,0xb9ce,0xb74c,0xafda,
    0xb4e6,0x07cf,0xb9c8,0xacb6,0x347e,0x3006,0xb434,0x2d29,0xb467,0xb624,0xb7dc,0xadd7,0x3877,0x3848,0xba96,0x30c7,
    0x2ed7,0xb9af,0xbc50,0xb3a8,0x372d,0xb633,0x3015,0xb093,0xb4be,0x3b05,0x2b8e,0xb8bc,0xb76c,0xba1b,0x3579,0xbd34,
    0xb3a1,0x39f5,0xb7ff,0x301a,0xb52a,0x27c1,0x234d,0x3522,0xb55d,0xbae5,0xb088,0xb051,0x3313,0x35f2,0x20ca,0xb177,
    0xb319,0xb482,0x322a,0x376e,0x3833,0x3772,0xbc5d,0xa88c,0xb321,0xb4de,0x2a93,0xa9d5,0x2a8d,0xb6ea,0x3453,0x3830,
    0xae95,0x393a,0xbc5d,0x1d82,0x2c39,0xb558,0xb2be,0xb11c,0xb525,0xb276,0x3019,0xb039,0x2e28,0xa813,0xb4a8,0xb21a,
    0xb142,0xb8a3,0x3231,0xb190,0x287d,0x3d1c,0xbbdd,0xa94a,0xb165,0x3667,0x2cf5,0x30fa,0xb047,0xb993,0x32a3,0x2a78,
    0xb7d7,0xb14a,0xb6e8,0xa446,0xb687,0xb048,0xb369,0xb9a8,0x3350,0x3628,0xb944,0xb3ad,0xb2b7,0x310a,0x2548,0xb222,
    0xb42b,0x32f4,0xb904,0xb61f,0x3175,0xb821,0x3823,0xae0c,0x214e,0xb7e9,0xade6,0xb0a3,0xa4be,0x3653,0xb963,0x9d68,
    0xb1c0,0xb07a,0x245d,0x33c7,0xb885,0xb33a,0xb202,0xab1b,0xb48e,0x32f7,0x2d3b,0xafa7,0x30fc,0xb854,0x3a89,0xa89d,
    0xbc4e,0x3a9b,0x3ab8,0x3b7c,0x211c,0xb004,0x3d3a,0xae93,0xae58,0x3807,0xbb38,0x24d4,0xb0b3,0xba79,0x286a,0xbce1,
    0x2de5,0xbe19,0xb9e6,0x3f9b,0xbe38,0xb11b,0x293f,0x3779,0x2e41,0xb3c0,0xba41,0x30f6,0x3c7c,0x3b0f,0x20e0,0xb4a3,
    0xb324,0xb358,0xab85,0x3ae5,0x3235,0x24ab,0xb450,0xb04c,0xad00,0xbae3,0x3584,0xb4b7,0xb4e6,0x358a,0x3ab6,0x2ae1,
    0x2cdb,0x35b5,0xbfc5,0xb297,0x206f,0xb492,0xa91a,0x3b1e,0x371b,0x37b8,0x3ba4,0xb1f8,0xb32c,0xbca2,0xb529,0xb0d8,
    0xb0f5,0x3a4e,0xb373,0x363b,0xb387,0x3b37,0xbb09,0xac34,0xb3c9,0xbc69,0x3cf0,0x3bc0,0xb2a0,0x3656,0xbc36,0x3aac,
    0xb11d,0xb9cf,0xb51b,0xb643,0x3d89,0xb551,0xb432,0x3459,0xb955,0xa1c9,0x3a6e,0xb307,0x3956,0xb335,0xb6f4,0xade6,
    0xbcc0,0x2ef0,0xba64,0x39d3,0x3c0e,0x3b90,0xad3e,0xb26c,0xaaba,0xb982,0xb57d,0x3861,0xb649,0xb4e6,0xb8f6,0xb264,
    0xb1cb,0x3dae,0xbc3b,0xb485,0x3775,0xb459,0x2910,0x3e93,0xb8c7,0xbacc,0x232e,0x953b,0x28d3,0xb7fb,0xbc75,0xb0e5,
    0xb9bd,0xb7de,0x31f1,0xae67,0xa60c,0xb0c7,0xbb17,0x9f69,0x2b3c,0x309d,0x3062,0xb41f,0xb216,0x3510,0xb029,0xbc2f,
    0xac48,0xb85c,0x30fc,0xbb95,0xc1cb,0xb225,0x2464,0xb12c,0xb833,0x3a8d,0xb09a,0xa215,0x3844,0x39cf,0xb42b,0x2d3b,
    0x36fc,0x395d,0xbc69,0xb533,0x3285,0x9f9d,0xb96a,0xaf94,0xa877,0xba77,0x35ee,0xb661,0x31aa,0xba99,0xb8b5,0xb087,
    0xa438,0x999a,0xac9f,0xb451,0x3817,0x3075,0x24dd,0xb9e8,0xba9d,0xbc11,0xb6ec,0xad2a,0xbd78,0xb829,0xbd11,0xb019,
    0x37b8,0x393a,0xba6f,0x399c,0xb590,0x29f3,0xb31e,0xa9f4,0xb191,0xaf67,0xb93a,0xb6c5,0xb4e8,0xbd49,0xbb5e,0xba02,
    0xb0c0,0xb0f2,0xbe8a,0xb9b5,0x366a,0xa269,0x240b,0x2be3,0xb98d,0xb618,0xb5b5,0xac4c,0xbcc7,0x3a73,0xa906,0xafe8,
    0x318e,0x2c3c,0xb453,0xb3c7,0x2ce2,0xae33,0xb6de,0xb688,0xb0b8,0xb4cd,0x28a4,0x2e98,0xb522,0xacf8,0xb3b4,0xad39,
    0xb48d,0x3200,0xaee4,0xb5c8,0xb684,0xb4db,0xb2b6,0xa7c1,0xb2e5,0xb1b6,0x3211,0xb6b7,0xa9e0,0x2323,0x9724,0xb675,
    0x3810,0xb513,0x3300,0x38c8,0x39d3,0xb4ef,0xb1e7,0x335f,0xb65c,0xa9bf,0x3295,0xb802,0xb15c,0xb2b8,0x37aa,0xb1fa,
    0x34a4,0x3899,0x335b,0x369e,0x3389,0x3508,0x2c84,0x379a,0xb105,0x352e,0xae44,0x38d0,0x3a39,0xb4e1,0x3627,0xb267,
    0x38eb,0xa125,0x368e,0xafb8,0x38c2,0x397a,0x3999,0x32aa,0x3985,0x3462,0xba59,0x39a5,0xb65a,0x3605,0x3292,0x38fa,
    0x20c5,0x3158,0xb6f7,0xb731,0xb873,0xaf92,0x38f2,0x2cd2,0x356b,0xb3c5,0xb411,0xac0c,0xb67b,0x35b3,0x37a6,0x320e,
    0x35ca,0x3748,0x3e83,0x386c,0x382b,0x321c,0x35ce,0x38be,0xb801,0x3b0c,0x2d64,0x32c3,0x3b9b,0x2514,0xb099,0x387b,
    0x39c4,0x337a,0xb54c,0x3348,0xb881,0x35f1,0x3c09,0xb0f2,0xb4df,0xb6d0,0xb8b3,0x34bc,0xb965,0x358f,0xb478,0x30a6,
    0x28fb,0x37c5,0x3581,0x17f4,0xb4cb,0x35f7,0x3217,0x3481,0x2881,0x374e,0x344a,0x30d7,0xa9ff,0xa3d7,0xb7af,0x39c9,
    0x37f6,0x381b,0xb494,0x3973,0xb02a,0x29d4,0x3a0f,0x3d0f,0x3d0c,0x3605,0x3106,0x28a3,0x2c55,0x3cb0,0x3a22,0x378b,
    0xb269,0x359a,0xaecf,0xb92d,0x3843,0x34ef,0xa8b2,0x300c,0xb0af,0xaabe,0x2d9f,0x3c15,0xb3a9,0x38e1,0xb6ad,0x350a,
    0xac4a,0x3906,0x3a5a,0x344c,0x327e,0x8d0b,0xb945,0x344e,0xb012,0x3593,0xba69,0xbb34,0x3622,0xb10b,0x99b5,0xb6b4,
    0xb8b1,0xb63e,0xb839,0xb244,0xbc57,0x1486,0x359a,0xb839,0x33f1,0x24c3,0xb56c,0x3564,0xac8d,0xac5f,0xb9d5,0xbd77,
    0xbc3a,0x3846,0x38c8,0x3cbf,0xbb96,0x25be,0x37c6,0x35fe,0xc038,0x3497,0x3a65,0xb3a6,0xbbd6,0x2ba7,0x9cd8,0xb715,
    0x25d5,0xbf29,0xb195,0xbc78,0xb806,0x390d,0xba08,0x3c54,0xac15,0xa613,0x3436,0xb45e,0x3406,0x366a,0xae0c,0xac4e,
    0x35a4,0x369e,0x3b79,0xae17,0xb4e7,0xb61a,0xb649,0x3692,0x3aa7,0xa40e,0xb9a3,0xb716,0xb792,0xb748,0xb80e,0xac18,
    0x3ab4,0xb5fd,0xb2f2,0x3488,0xb791,0xbb95,0x3152,0x30de,0xbc17,0xb9d8,0xb472,0xb736,0x321d,0x303c,0xb11a,0xbbf6,
    0xad12,0xab93,0x3035,0x38b6,0xac44,0x359f,0xb756,0x3b7d,0x3485,0x3909,0x33be,0x353e,0xad71,0xb2a0,0xb5cf,0xadc1,
    0x347f,0x3819,0x3a21,0x3a38,0x31f1,0xb47f,0x3920,0x3728,0x3a36,0xb6f0,0x3606,0x3b50,0xacc8,0x3a8f,0x3648,0xb7a9,
    0xadbb,0xb83d,0xbada,0x35c7,0xbd6e,0xade4,0xbd36,0x2f6c,0x2fc5,0x30e5,0xb832,0x319e,0x3be8,0x3570,0xb37f,0xa107,
    0xb4f2,0xb83f,0x35b6,0x32df,0xba5f,0xb2c8,0x20d8,0xbc37,0xb4cd,0xb91e,0xb781,0xae1f,0x342c,0xb7b1,0xb9f0,0xb7af,
    0xb44a,0x305b,0x32be,0x38f7,0x36d2,0xa517,0xafde,0x3947,0x2c03,0xa08f,0x3962,0xb5ba,0xb0b5,0xb5cd,0x34d1,0x3131,
    0xaa0f,0xb194,0xb51f,0xb5c9,0x39ca,0x34db,0xbc2b,0x38b4,0x2c67,0xbc1e,0x367f,0xb9ea,0x2fd7,0x344a,0xbdcd,0x2eb2,
    0x3b17,0xa592,0xb965,0xaea7,0xbb72,0x30c4,0x3c0f,0xb402,0x2efb,0x38ff,0x3b18,0xbb21,0xb82c,0xa9e7,0xb677,0x306f,
    0x353e,0xb84a,0x37b8,0x3584,0xb6f1,0x39d6,0xb907,0xaa13,0xb84c,0xbc9a,0x38ff,0xb128,0xad20,0x383c,0xb94f,0x3110,
    0xb7a5,0xb8b9,0x383b,0xac32,0x38ce,0x35b9,0x39bb,0xbdee,0xb1d2,0x3b8c,0xb608,0x30cd,0xbf2f,0xb139,0x36c4,0xa2d7,
    0x3108,0xb212,0xb496,0x2d58,0xbd9e,0xb871,0x3140,0x3152,0x3742,0xb32d,0xb749,0xbc80,0xb1f8,0xa8a9,0xb688,0xb37f,
    0x27a3,0xb4a4,0xb828,0xb7a4,0xb736,0x38c9,0x37c7,0xb9bd,0x2cad,0xb4eb,0x3369,0x2f9f,0xb0bc,0xbbad,0x32d0,0xb558,
    0xb5e1,0xb61f,0xb581,0xba0c,0x2f8e,0x34ff,0x3b4e,0xb357,0xab69,0xb549,0x1b39,0xb825,0x392b,0xb8bd,0xb5f5,0xb4ce,
    0xb398,0x31eb,0xb94f,0x316c,0xb8ba,0xb9d6,0xb8e3,0xb4e8,0xb968,0x336b,0xba68,0xb77d,0xb893,0xbc2b,0x3956,0x3591,
    0xad5f,0xaf0e,0xa86b,0xba90,0xb542,0xb537,0x19f2,0x33bd,0x3b77,0xb1ab,0x3584,0xa285,0xb977,0xb50c,0x320d,0x3563,
    0xbc6f,0x3460,0xbc0d,0x31a1,0xaf8e,0xb1b6,0x2ebe,0xb9e2,0xb767,0x3330,0x3644,0xb5f2,0xa0bb,0xa57b,0xbb81,0x3816,
    0xb2aa,0x2b9e,0xb923,0x390c,0xb135,0x3854,0xb1ec,0x2ae9,0x30f8,0xafce,0x351e,0x3513,0xb818,0xb5a3,0xae50,0xba3f,
    0xb03c,0xb40c,0x33d9,0xb971,0x3830,0xaef4,0xb464,0xb4fd,0xb849,0xb325,0xba22,0xb9b5,0x33f0,0x25c0,0xb233,0x3582,
    0xb3ce,0xbc53,0x3cad,0x2673,0x32fa,0xb8e6,0xb265,0xb190,0x38b6,0xba7b,0x358d,0x342f,0x2c77,0xb117,0xbaeb,0x3c2a,
    0x32ef,0x27b5,0xbb9b,0xa351,0xb4e8,0xa851,0xb9c9,0x2eb1,0x3883,0xb46e,0x3955,0xb9d5,0xb2c1,0x378a,0xaee5,0xba87,
    0xb842,0xb825,0xb46e,0x3746,0xb295,0xb8d3,0x3359,0x32e2,0xadeb,0x38da,0x3933,0xade9,0x3a4d,0x3858,0x3023,0x3595,
    0x315a,0xb8ce,0x2d05,0x3312,0xbe1e,0x3d22,0xae12,0xb4e2,0x2f86,0x3686,0x3543,0xb80b,0x3aac,0x3340,0xb4aa,0x3aec,
    0xb951,0xbf02,0xbd71,0x2f11,0x35b9,0xb22c,0xab04,0xab80,0xae19,0x3cf3,0x3a0d,0xb7b2,0x3c0c,0x39be,0xa441,0xba66,
    0x35f1,0xb913,0x3573,0xafbd,0xad38,0xb323,0xbd1c,0x30ee,0x2fa2,0xbbed,0xb330,0x347d,0x2076,0xba15,0xac77,0x2bc6,
    0xb058,0xbad4,0xbac1,0xb6f3,0xb8b1,0x3472,0xb5f1,0xb2c5,0xbcb8,0xb5a6,0xa852,0xac73,0x3be6,0xb153,0xb681,0xbb23,
    0x3645,0xb4cd,0x38c0,0xb903,0x39ec,0xaeef,0xbaeb,0x32af,0x3057,0x3aa1,0x356d,0xb31c,0x345f,0xb88b,0xb8e6,0xbafc,
    0xbc42,0xb2d7,0xb46e,0xb3ff,0x3823,0x38ed,0xaa0e,0xbb1e,0xb33b,0x37e3,0xa3cf,0xb763,0x270b,0xa524,0xb8ee,0xad4e,
    0x3bdb,0x1d7f,0xaf78,0xb41d,0x322e,0x1dd8,0x38c0,0x37b1,0xb221,0x2ed7,0xb730,0xaa26,0xb36d,0x36b6,0xb86a,0xbc1e,
    0xb5ce,0xb4d0,0xb94e,0x3793,0x332c,0x3454,0x3709,0x2e75,0xb466,0xb405,0xba90,0xb32a,0x3559,0x3839,0xb432,0x3409,
    0xb87e,0xad00,0x2be3,0x39b5,0xb35b,0x3b3c,0x38c2,0x33eb,0xbe9c,0xb086,0xb007,0xaf79,0x3747,0xb73b,0xb48f,0xb888,
    0x363c,0xbdf3,0xa8e8,0xb8c7,0xa9d1,0xb9d2,0x2ebe,0xb482,0x30a3,0xb81c,0x3d59,0x3137,0x3dbb,0xb662,0xbbf0,0x3883,
    0x36e6,0x3adf,0x35ab,0xb42f,0x3a9b,0xb4c1,0xad38,0xbbf7,0xb5d7,0x1d80,0x2d08,0x3ea4,0x2d29,0xb294,0xb545,0xb8ed,
    0xb826,0xb54b,0xb788,0x36b8,0x39cb,0x38fe,0xb092,0xb302,0xb9ef,0xb791,0xbe35,0x3011,0x3b9f,0xb844,0x383a,0xb6f3,
    0xb722,0x3785,0x385e,0x358e,0xb917,0x3862,0x31c3,0x32de,0x3840,0x32d5,0xae8b,0xb1cf,0xb36c,0xbc4a,0xada8,0xb48b,
    0x3917,0x365d,0xb697,0xbc74,0xbd74,0xbe99,0xb68e,0x3157,0x301e,0x328a,0xb7b5,0x3b68,0x2d00,0xb83a,0xbcab,0x1f7f,
    0xb903,0x3a92,0xba80,0xb82e,0xb4af,0x37fd,0xb9d3,0x3264,0x2d92,0x29af,0x33e3,0xbad5,0x3923,0x3886,0xa419,0xa894,
    0xbbc3,0xbdac,0xbbbf,0xbbc4,0xbc7d,0xb9e8,0xb412,0xb100,0xbd0f,0xb66e,0x27b6,0x2dec,0xb5dd,0x3164,0xb5b7,0xb68b,
    0xb6e6,0xa128,0xb606,0xb538,0x2c19,0xb89d,0xac52,0xbf47,0xbae3,0xbc64,0x3bab,0xb72d,0xbe35,0xb980,0xbb30,0xbd5b,
    0xba9e,0xbac6,0xb036,0xb5d6,0xb0ed,0xbc0e,0xb935,0xb6cf,0xc069,0x38ad,0xa8f1,0xb8a3,0xae97,0xb6f9,0xb4a6,0xaecd,
    0xc00c,0x364e,0xbc99,0xbd0f,0x3675,0x3310,0xb8cf,0x3a64,0xb2b9,0x390e,0xbc60,0xbce3,0xbe74,0xb406,0xb8de,0xb77d,
    0xb1a8,0xbf67,0x3bdc,0xb969,0xaca1,0xb512,0xb843,0xb0e2,0x340b,0xab6e,0xb3a1,0x3b2d,0xb93c,0x3205,0x328a,0x3457,
    0xb91b,0x35e2,0x3b9a,0xbf0c,0xbdd3,0x35f5,0xafe8,0x2243,0x3b73,0xb3bc,0x2a8a,0xb271,0x3bb8,0xb8bf,0x38f1,0xb1ae,
    0xb034,0xb0b6,0xa9be,0x2acd,0x312e,0xb177,0x2e88,0xa3bd,0x2e76,0xb025,0xaec9,0x1c48,0xafcc,0x1df4,0xaf7a,0xb211,
    0x3074,0x26e6,0xab97,0xac0f,0xb1bd,0xa822,0xadb0,0xb04e,0xae5a,0xb4f1,0x3256,0xa751,0xb015,0x2888,0x2297,0x2a26,
    0xb146,0xb0ac,0x2a1f,0x1e46,0xae9c,0xacc7,0x2f62,0xb2a3,0xaa6f,0xa54e,0x2e28,0xae2b,0x2f7a,0xb1cb,0xa610,0x9bed,
    0xaa40,0x2ff9,0xb344,0x3010,0xad61,0xac35,0x2c30,0x2d12,0xa7ac,0xb250,0x2234,0xafdf,0x2ba4,0x28d3,0x30b8,0xab28,
    0xab3b,0x29a5,0x2950,0x2e12,0x3197,0x2c8a,0xb401,0x333b,0xad47,0x2c7d,0xb181,0x0836,0xa6b6,0x32f1,0xb0aa,0xb141,
    0xac78,0xb01c,0xac34,0x3093,0xac7d,0x33be,0x2378,0x2895,0xace3,0xa4c1,0x3017,0x2e7c,0xae3d,0x2e7b,0xaaab,0x28a6,
    0xb2d8,0x2df0,0x2a91,0x3145,0xade4,0xacbd,0xad5e,0xa5f7,0xa91a,0xaf8d,0x2d05,0xb0d0,0xa82a,0x3067,0x27d9,0xa95f,
    0xa7cb,0x3020,0xb006,0x2bcd,0xa99e,0xb042,0x2995,0xb1c0,0x2887,0xa0dd,0xb0ef,0xaa9c,0x30e4,0xaac5,0x3318,0xafee,
    0x2dae,0x3064,0xae2c,0xad44,0x2d38,0xb60c,0x28cb,0xb00c,0xb616,0x2c31,0x3426,0x283d,0x2c5c,0x30b9,0x2a98,0x302e,
    0xa58d,0x30e2,0x34db,0xb4f3,0x3089,0xa2cd,0x3117,0xb4ff,0x3437,0x2472,0x28c2,0x317d,0x2ff8,0x2d10,0x2ee7,0xb070,
    0xb6b9,0xb199,0x2b75,0xa9d8,0xb48c,0xb24b,0xb21c,0xacf1,0xb4bc,0x2e07,0xa543,0xb53b,0xb6a3,0x31d4,0xa4cb,0x33ff,
    0xb105,0x298c,0x3008,0x3559,0x2cdc,0xb531,0x2eed,0xb76c,0xb0fc,0xaf89,0xb0a2,0xa7f8,0xb0c7,0x2d64,0x309b,0x29bb,
    0xb0f8,0x2a3e,0x3316,0xabb7,0x2e39,0xad26,0x314d,0xadc1,0xb2cd,0xa9d9,0xb187,0xb294,0x34ba,0x2bf9,0xb4f4,0xb4bb,
    0x23ae,0xb159,0x288c,0x3175,0xa2a0,0x34cd,0xb15d,0x2504,0x300b,0x2ef5,0x25f7,0xb5b2,0xaf2a,0xab94,0xb09b,0x31a6,
    0x31f9,0xa748,0xb260,0x2b8f,0xaca1,0x0b8b,0xb0e6,0x30d1,0x319f,0x99d9,0x2555,0xaf0c,0x2c8b,0xb02a,0x3282,0xb227,
    0x32a1,0xab0b,0xb0f4,0x2dbe,0x275e,0xafdc,0x2c39,0xac36,0xaff8,0xb000,0xb312,0x3562,0xb384,0x30a0,0x2ca7,0x2c49,
    0xbb10,0x37c0,0x3b48,0xb94b,0x3d04,0xb151,0xb6e2,0x3c29,0x3704,0xbad4,0xbe3e,0xb5ec,0xaa06,0xbdc6,0xb64d,0xbd14,
    0xb084,0xaf77,0xba86,0xb4eb,0xb04b,0xbcb4,0x3b73,0x3956,0xb8ab,0xb43e,0xb8a6,0x2531,0x3345,0x39ec,0x3cbd,0xbc50,
    0x33a8,0x3840,0x2e27,0x38cb,0x3bac,0x2cac,0x3c16,0x318d,0x3586,0x2f8f,0x3aa5,0xc08c,0x3399,0x34ad,0xbcc3,0x3917,
    0xb548,0xbc94,0xbc19,0xb944,0x3856,0xb92b,0x3401,0x2ead,0x394a,0x2d35,0x3bf8,0xab1f,0x34a2,0xa4fb,0xba8a,0xa3bc,
    0x3ad2,0x3a33,0xb746,0xb3ad,0xbbe7,0x3978,0x31b2,0xbcfd,0xbc64,0xaafe,0x214a,0x3955,0x3aed,0x3c81,0xb934,0x3d15,
    0x3c6b,0xbccd,0xb88f,0xb8c0,0x3c61,0xb5e6,0xbb33,0xbe2f,0xb684,0xbc43,0xb9b6,0x3a3d,0xbad7,0x2bdf,0xb4b9,0x3694,
    0xb045,0x3210,0x34c2,0xa808,0xac33,0xad7b,0x3619,0xb7d7,0x3040,0xb389,0xbcd1,0xb18f,0x3841,0xbb0a,0x3c66,0x393b,
    0xb032,0xb7a8,0x2f4a,0xadfc,0xbb99,0xb573,0xb4f6,0x375a,0xbc54,0x332c,0xb162,0xb1a2,0x2bea,0x304f,0xb85a,0x3898,
    0xb24a,0x383b,0x371a,0x30cb,0xbbac,0xb192,0xa580,0x30c1,0xa979,0x390d,0xb9d8,0xacb4,0x34d6,0xac51,0xb806,0x3279,
    0xa90b,0xb42a,0xb855,0x3d4a,0x3610,0x33b9,0x3aa8,0xb545,0x301d,0xb388,0x3476,0x38f9,0x3bbc,0xb4cd,0x32fe,0xb512,
    0xbc0d,0xb4b7,0x37b4,0x30b6,0xb747,0xaa3d,0x343c,0xb56b,0xb0eb,0xb8e5,0x2ac4,0x3556,0x3103,0xb582,0x3908,0xb795,
    0xb9ba,0x2d4c,0x3691,0x3d0a,0x1b7f,0xb557,0x361d,0x34e3,0xa60b,0x3767,0x3511,0xb32f,0x3535,0xaa63,0xb751,0xb7c8,
    0x26a0,0x38b6,0xb035,0x3905,0x3ac5,0x3855,0x3c23,0x3d2d,0x2f3c,0xb765,0x3466,0xb052,0x2d98,0xbb17,0xbc64,0x2c75,
    0xb528,0x38e7,0x197a,0x3c74,0x37f6,0xb4f7,0xabf4,0xb38f,0x3152,0x3a7c,0x37c9,0xbb36,0x34e0,0x37f4,0x2e07,0xb39f,
    0x2d55,0xb866,0x33ef,0xb444,0x2fe6,0xb670,0xb796,0x3dab,0xb53b,0x3437,0xb542,0x3d5f,0xba6d,0xb5ad,0xb5ba,0x32bd,
    0x2273,0xb6fe,0xb496,0xb112,0x399b,0x3c21,0xb119,0xb86c,0xba9e,0x3a6b,0x2da2,0x9bbf,0x3b19,0x2bcd,0x357c,0x2fc5,
    0x2b12,0xb573,0x3164,0x3c11,0xbc08,0xa619,0x3ba4,0xb733,0x3872,0x3460,0x3b84,0x2e83,0x3b64,0x32b1,0xa503,0xb8f6,
    0x3761,0xac3f,0xba60,0xb919,0xb805,0xbb1f,0xafa9,0x30ea,0xb1e7,0x2a69,0x353f,0x3277,0x3929,0x3604,0xb957,0x3c39,
    0x38a9,0xa8b0,0xa802,0xb8e4,0x3aca,0xbb05,0x35fe,0xb63c,0x2dcd,0x36a6,0xb6ff,0xb0cd,0x2f81,0x3a1c,0x3290,0xbd31,
    0x3cd4,0x2ed9,0xafbb,0x386c,0x2ca1,0x3964,0xbaeb,0x2ffb,0xb8d0,0xb11f,0xb852,0x303a,0x3a4f,0xb215,0xb406,0xb7d0,
    0x3638,0xb83e,0x3a05,0xbc62,0xa8d7,0xb7a0,0xb92c,0xbc71,0x3554,0xb96a,0x3482,0x3879,0x3401,0xb304,0xbc9a,0xb8a3,
    0x292e,0xacd5,0xb771,0xb7a5,0xb2d7,0x39e2,0x397c,0x35de,0xa9e7,0xa9cf,0x38bf,0xb3f7,0x3914,0x3b2e,0xb46d,0x3a5c,
    0xb194,0xb0bb,0x38ae,0x3e30,0x3589,0xbd0c,0x395e,0xb7fa,0xb200,0x39e6,0xac8c,0x301b,0x37ef,0xb5ed,0x281e,0xbc45,
    0x38d3,0x39c5,0x37a5,0x3164,0xac4a,0xacdf,0xb01e,0xa2c4,0x3869,0xa0c2,0xa6c7,0x30b2,0xbe6d,0xb3e9,0xaff8,0xb901,
    0x2750,0x3478,0x2d07,0x321a,0xb27d,0xa52d,0xb3c3,0x2dda,0xa315,0xb3c8,0x3308,0xabd2,0xabf6,0x2208,0xb21d,0xa442,
    0x2d1d,0x2b90,0xb2e6,0xae50,0xb546,0x338f,0x2fd4,0xb164,0xac65,0xabba,0x31f6,0xb1e1,0x3625,0x3393,0xb422,0x2d93,
    0xb821,0xb34b,0x1f57,0xaa52,0xaa68,0x2fef,0xaa6f,0xb32e,0xb38b,0x3238,0x370e,0xaeac,0xb251,0x3090,0x33c5,0x926a,
    0xaee5,0x3074,0xb467,0x33f2,0x2d73,0x2c68,0xb40e,0xb5d6,0xaa35,0x360e,0x2655,0xb30f,0x30ad,0xad17,0x2893,0xb6c2,
    0xabd9,0xb532,0xb1f1,0x2fd6,0xa00f,0x2446,0xb0a6,0x34b6,0x2aec,0xb2bc,0x3033,0x35dd,0x2d4a,0xb0b0,0xb423,0x2309,
    0xb07c,0x3575,0x18c9,0xb640,0x328c,0x2891,0xa823,0x3a0d,0xa92b,0x95d6,0xab5d,0xb505,0xa141,0x9c2a,0x242b,0x2345,
    0x9e93,0x340f,0x357d,0x3597,0x282f,0xb1eb,0x223f,0xb307,0x32b7,0xb036,0xa65c,0x34bc,0x31d6,0x2dd1,0x3261,0x32db,
    0x36a5,0xb2e0,0x2b7f,0xb387,0x311c,0x31d7,0x313e,0x2c0e,0xacd8,0x2ce7,0x306e,0x30ef,0xb617,0x311d,0x2dd2,0xaa1e,
    0xb039,0x3e48,0x3c32,0x2ebe,0x3751,0xbd7a,0x35d0,0x3401,0x37bc,0xa16b,0xb731,0x3149,0x348b,0x3811,0xbc3c,0x3ac7,
    0x3625,0xaf04,0xb4b9,0x2e90,0xb098,0xb855,0xbcbf,0x2a0b,0xa7f9,0xb1da,0x362c,0xb9bd,0x37f8,0xb8e0,0x3224,0xacaa,
    0xb6ec,0x37c6,0xb88b,0xb7ab,0xafcd,0xb03b,0x3775,0xa7ea,0xb565,0x3bdd,0x4061,0xb41c,0x2b99,0x3059,0xbcc8,0xbc21,
    0xb9f5,0x347a,0xb100,0x27d2,0xb958,0xb230,0x309c,0x224e,0xbb2a,0x39fa,0xb81f,0xb3c8,0x31d6,0x3ce7,0x3f8b,0xb008,
    0x3120,0xbaa1,0xb9a3,0xb629,0x320b,0x34eb,0x3783,0x3d06,0x30d3,0xb48e,0x2b11,0x3db9,0x968d,0x2f5e,0x421c,0xa8bb,
    0x28a6,0xa71d,0x37d0,0xa83a,0x353c,0x2cd8,0xaf33,0xbcb6,0xa89e,0xb0de,0xba83,0xb771,0xb516,0xbc96,0xb47f,0x3c1b,
    0xb51f,0xba1b,0xb50c,0xb401,0xb222,0xbae8,0xb1ad,0x3832,0xb027,0xbe3f,0xbb11,0xb253,0x2b40,0xae50,0xa601,0xb95a,
    0x3416,0x1da5,0xb6e4,0xb765,0x3131,0x2d0c,0x2c12,0x360c,0xbc66,0xb644,0xb4d3,0xb339,0xbb42,0xbe5f,0x2fc4,0xb425,
    0xba28,0xb922,0xb3cc,0xbe6a,0x2f90,0x36a0,0x39cf,0xbc23,0x3527,0x3360,0xb5de,0xbb57,0x393b,0xb16d,0xbb11,0x3213,
    0xbc60,0x3f08,0xb611,0xbf4a,0x392f,0xbd98,0xaabf,0xb71f,0xb8ba,0x3305,0xba90,0xbbf0,0xbb79,0x3444,0xa55c,0x361c,
    0xb64d,0x3d17,0xbb96,0xb76a,0x3835,0xbce9,0x3d1a,0x3442,0x365e,0x379a,0x2efe,0x3c07,0x2fc9,0xb88a,0x36e6,0xb5fc,
    0xb8e2,0xbd98,0xb8b6,0xbc92,0xbf5f,0xb336,0xac42,0xafc2,0x338b,0xb0f1,0xb55a,0xbcdf,0x354e,0xbe4b,0xba68,0xbc78,
    0x3857,0xbd19,0x314c,0xb607,0xb0d9,0x3d84,0x3ddc,0x2e65,0xb90c,0xb465,0xb543,0x3a9a,0xb46c,0xbb9e,0xbeb4,0xbe55,
    0x36cf,0xc0b9,0x3916,0x3837,0xbd06,0xbb1e,0xbc8a,0xb561,0xbb1a,0xb839,0xb618,0xb81e,0xbacc,0xb92f,0x3a5b,0x37bf,
    0x3299,0xb5e3,0xbca4,0xb8a3,0xb1f4,0x3085,0x3c78,0xbd78,0x3c60,0xbb29,0x3f8b,0xb83e,0xbb0c,0x3180,0x3b84,0x3880,
    0xbb7d,0x36f0,0xbba2,0xbae9,0xb5eb,0xbcf3,0xbfd2,0xba8d,0x3c46,0x3f41,0xbd18,0xa36c,0x3939,0x366f,0xb7e7,0x38e6,
    0xa5dc,0x3dce,0xb27c,0xb747,0x389f,0x2ea5,0x34e5,0xaf23,0x3e19,0x38bc,0x2de8,0x3ad6,0x358a,0x36ad,0x37c7,0x2519,
    0xb5cb,0xbd14,0xbf9e,0x32c8,0xbde7,0x3e5e,0xb945,0x28d6,0x9b64,0x393d,0x3bb3,0xb64e,0x36f4,0x3994,0x335e,0xb678,
    0xbb4f,0x37a6,0xb81c,0xb86a,0x3894,0xbfd7,0xba7b,0x2fc3,0xb969,0xbc90,0xbae6,0xb51f,0xb098,0xbc8b,0x30f6,0xba5f,
    0xbabb,0x30bf,0xb6cf,0xb30e,0xb1f2,0xb875,0x2d3d,0x3c29,0xbd56,0x3716,0x3616,0x363e,0xad5d,0x3b24,0x35bf,0x348b,
    0xb46f,0xb6aa,0xbbe6,0xc0c5,0x3479,0xb49c,0xb815,0x3cc9,0xb8b4,0xbaf2,0x28a0,0xc027,0xba86,0xb019,0xc005,0x34a1,
    0xb6de,0xbebf,0x3524,0x3172,0x36c4,0x2f96,0xbcda,0xb641,0x31de,0xb537,0xb6f6,0xb819,0x3a14,0xab9f,0x35fd,0xb3ab,
    0x36fa,0xbcf1,0xbebf,0x34f3,0xb846,0xb14c,0xc009,0xb2cf,0x3726,0xb62b,0x3866,0xb568,0xbe39,0xb2da,0x2eb0,0xa8b0,
    0xb829,0x26a5,0x360f,0xab7e,0x332e,0x34a6,0xb6cd,0xbe25,0xbcd5,0x30c7,0x30b7,0x314f,0xaf1f,0xbd0a,0xaadf,0x32d8,
    0xacb2,0xb252,0x1dbe,0xb207,0xb404,0x3087,0x297e,0x247d,0xb080,0xb186,0xaf9e,0xb37e,0x37dc,0x3668,0x30d9,0x26ca,
    0xb351,0x2fc4,0x322e,0xaca5,0xa540,0x32ad,0x333e,0xb3e5,0xb061,0x285c,0x2526,0xb407,0x2fc8,0xaa27,0xaddf,0xb086,
    0x3414,0x316d,0xaad8,0x30cc,0xabcc,0xb47c,0x2faa,0x2262,0x3733,0xa40d,0xb155,0x3226,0xb12b,0x19a3,0x2ff6,0xaefd,
    0x30b6,0x2e73,0xa6bf,0xb467,0x2c0c,0xabdd,0x333a,0x9d4f,0xb4a2,0xafb6,0x3319,0x322d,0xb30d,0xb373,0xb04c,0x2e5b,
    0x2db3,0x35bc,0x361b,0x2adb,0xb0fb,0xb062,0x22bc,0x3271,0x2afe,0x30d1,0x1f53,0xb68f,0xb7f4,0xa6bd,0xb43c,0xb6dd,
    0x969b,0xb36c,0x3556,0xb463,0x33af,0x31c4,0xb3e5,0xaa02,0x29c6,0x3088,0xb4e9,0x2f4e,0x3731,0x3206,0xb4e5,0xaa04,
    0x27a5,0xb07c,0xad36,0x2eb3,0xb52e,0x2115,0xadb9,0x3675,0x0f17,0x2beb,0x258e,0x2ee7,0x1fb4,0x2954,0xa4c1,0xaceb,
    0xb8e3,0xb3e3,0xaf04,0x3523,0xaff6,0xad4e,0xa394,0xb190,0xb4f1,0x2a41,0x2fb8,0xb32f,0x2c95,0xb46b,0xb388,0x3493,
    0xbb0e,0x34a1,0x38d5,0x374a,0x31c8,0x3b19,0x2d8f,0xb9f8,0x34de,0xb3d1,0x3b12,0x366e,0xa9e5,0xacb4,0x3c8c,0x37c1,
    0xa832,0xb665,0xa7a7,0x3152,0xb879,0x383e,0x3913,0xbab0,0x376c,0x3d7c,0x3c0d,0xb27d,0xb5db,0x3c98,0xb850,0x29fe,
    0xbcdc,0xb7f4,0xae4d,0x35b6,0xbc6b,0x2fc2,0xb756,0x30ab,0xbb4c,0xace9,0x3bea,0x33e9,0x3a30,0xb84f,0xae5e,0xbd58,
    0x31e8,0xb025,0xb4e5,0x35dd,0x37be,0x2f13,0xb259,0x382c,0xba05,0xb105,0x2df4,0x360b,0x3de7,0xb765,0x3e0f,0x3852,
    0xb541,0xbbcd,0xbb03,0xa442,0xb7cc,0x250a,0xac8b,0x321c,0xb87f,0x36e8,0x373b,0xb702,0xb263,0xac12,0xbb9c,0xa097,
    0x3b35,0x2e4e,0x34e5,0x382b,0x38e7,0xb2eb,0x35cd,0xb644,0xb867,0xb8f2,0x2d6a,0x3a3f,0xb694,0xb986,0xaf13,0x302a,
    0x2f69,0xb937,0xb552,0x3360,0x355a,0xb473,0xb8b0,0x3801,0xb83b,0x3424,0x3718,0x3347,0x2ba6,0x2e75,0xb8bb,0x1bcd,
    0x2d11,0x35dc,0xb680,0xb6a9,0x3542,0xbb9b,0xbc2a,0xb457,0xb2ad,0xade3,0x3885,0xb72c,0xb58d,0x34f4,0x3127,0xbc81,
    0xbd2e,0x316c,0x3d2f,0xb82e,0xb04c,0xb9c0,0xb072,0x343b,0xb408,0xb554,0x2742,0xb499,0x3c23,0xb755,0xb19e,0x3a16,
    0x31bb,0x3d01,0x2c54,0x35b0,0xb1d1,0xb9ff,0xb933,0x39d0,0x2e5c,0x3443,0xbcff,0xb82c,0xbaf4,0x3115,0x317f,0x3b48,
    0x2ded,0xb812,0x2e7e,0x34c5,0xb642,0xb899,0x3614,0xb750,0xb8ab,0xacd0,0x3e56,0x165e,0x39a0,0xb647,0x3997,0xb251,
    0x377f,0x334f,0xb28a,0x3861,0xbeaa,0x300a,0x3592,0xbcf7,0x3604,0x2f32,0xb731,0x36b4,0x3836,0x2f75,0xb1ff,0x3728,
    0xb6a9,0xb508,0xba7f,0x35fb,0xacf4,0x3ab5,0xb13e,0x35fc,0xbc87,0xb1a2,0xb5c9,0x354c,0xb917,0x3672,0x3d1d,0xbbeb,
    0x3409,0xb9c1,0xb8e5,0xb6fa,0x2dd5,0xb7bb,0x2d7d,0x32f0,0xb95d,0xb27c,0x2b09,0x36ac,0x2c4d,0xbae6,0x340b,0xbab9,
    0x3992,0xbc47,0xb87e,0xb206,0xb9a5,0xba02,0x3cec,0xbc12,0x398b,0xb799,0x2951,0x3054,0x3976,0xb03a,0xbc1f,0xa74a,
    0x39d7,0x3699,0xb7fe,0xb489,0x374a,0xb4b9,0xb0cf,0xb313,0xb1ba,0x3330,0x1e66,0xac29,0x3734,0xb9ef,0xb557,0x3090,
    0x3793,0x3ca9,0x2c13,0xb56f,0xb8e0,0xbd0e,0xb41a,0xad40,0x3337,0xb524,0xb80d,0x39f9,0x39ec,0xbc9e,0xb871,0x362e,
    0xb892,0xa5e3,0xab29,0xbb10,0xabf6,0x35ba,0xbb20,0x385f,0xb74d,0x3962,0xb9fe,0xb76b,0x38b2,0xad18,0x3d15,0x3a9d,
    0x3429,0xbc9b,0xb661,0xb842,0xb241,0xac42,0xad89,0xa44c,0xac1c,0xbdac,0x3761,0xb664,0xb80f,0xbc85,0x3731,0xb5a9,
    0x2adb,0x2e9b,0xbbbf,0x38ae,0xaec6,0xb93b,0x22db,0xb8df,0x377b,0x2858,0xb0e8,0xba07,0xbfe4,0xb31e,0xb9e0,0xae67,
    0xbbb8,0x3409,0x275a,0xb5c7,0xb67c,0xba51,0xad4a,0xb42e,0xbf9d,0x3078,0x3901,0xb9d8,0x3c3c,0x3803,0xba61,0x3664,
    0xbc24,0x2f0f,0x2cec,0xbacb,0xb88e,0x373b,0xbca1,0xb0a2,0xb985,0xb29d,0xaeef,0xbc0c,0xb245,0x377c,0xbc8d,0x305a,
    0x30d3,0xb87b,0x38f7,0xb8c3,0xb5c5,0xb543,0xbc1b,0xb2c0,0x34f3,0x3854,0x3734,0xb6a7,0xb80d,0xb945,0xb37d,0xb634,
    0xbb8e,0xbc7a,0x3c7b,0xba2f,0xb990,0xb1c1,0x2c86,0xb973,0x2f66,0x3a5f,0xb9d3,0xb747,0xb916,0xb802,0xb897,0x2c32,
    0xa441,0x3dda,0x2f45,0xae6b,0x38dd,0xb9d4,0x3c0a,0xb6a5,0x3e24,0x26b6,0xb90d,0x3e85,0xb5c9,0x30ca,0x36b0,0x3ebf,
    0xba4b,0xb9fb,0xbd3f,0x3ab4,0xbd35,0x3aa2,0xbd3f,0xb343,0x3031,0xa7db,0x3cf0,0xbb23,0x3447,0x3932,0x9f83,0xad16,
    0xb753,0x3b6f,0xb936,0xbc69,0x3b69,0xbdbe,0xb570,0xb65a,0xb98e,0xbda4,0xbe8e,0x3049,0xb6ad,0xbda2,0x351e,0xbd37,
    0xb526,0x2ac2,0x3446,0xacfe,0xaa04,0xba44,0xb280,0x3dbd,0xb563,0x3d37,0x3e08,0x3c00,0x3dcc,0x40b0,0x2ec6,0xa2e4,
    0xbd4c,0xbe32,0xbb57,0xbd96,0x33c7,0x3933,0x3ae8,0x3fa5,0xb569,0xba88,0xbc2e,0xbd77,0xb7e9,0xac6e,0xbe8a,0x3b95,
    0x3a36,0xbb45,0x3f6d,0x35c7,0xb8e3,0xb7f7,0xbd6f,0xba26,0x3a92,0x3525,0x3865,0xbd3c,0x3ba5,0xbce5,0x3c01,0x2a66,
    0x3e6f,0xb626,0xba5b,0x3acf,0xb7d3,0xb7c7,0xbd02,0xb069,0x377b,0xb75d,0xb0bf,0x3443,0xc06c,0xa2c6,0x2de2,0xb1c5,
    0xbb2a,0xbd9c,0x3966,0xb8c3,0xb63e,0x399d,0xb117,0xbfce,0xbd7a,0x3533,0x3d39,0x367a,0x35b2,0xbb83,0xb323,0xba78,
    0xb38f,0x2f62,0xb069,0x2936,0xb06b,0x31a9,0x34c7,0xb0a7,0x2fba,0xb26a,0xaa67,0xa083,0xb20c,0x21d7,0x32e7,0x29a7,
    0xb3bb,0xb28e,0xacd4,0x2a86,0xb2b3,0x963c,0xa044,0xb462,0xafdc,0x2d44,0x2bf2,0x2cc1,0x33a3,0xa2d3,0xb42d,0xb3e6,
    0x3493,0xb0c9,0xb364,0x2d4b,0x32e5,0xab64,0x20b8,0x33eb,0xa94a,0x2fc1,0x2e6e,0xafdd,0x2c0c,0x321a,0xa52b,0x30dc,
    0xb29c,0xad30,0x2c2b,0x3141,0x3214,0x28ae,0x1f9f,0x2b90,0xac47,0xb04f,0x3381,0x2ceb,0xafcf,0xa86b,0x21d4,0x2421,
    0x2b86,0xab74,0x3159,0x3281,0x1564,0x314c,0xb192,0xaec5,0xb51a,0x3277,0x3497,0x321b,0xad41,0xb22b,0xa47a,0xa691,
    0xafb2,0x2d01,0xa579,0xb314,0x2ae8,0x2e41,0x354c,0xb1ee,0xa0bb,0xad7e,0x2c21,0x310c,0x31af,0xad9e,0x30cb,0x32ca,
    0x2d2a,0x3576,0x9a90,0x2710,0x30ff,0x2d3d,0x2c3d,0x2d7a,0xb2c2,0x3464,0xb1ca,0x2ff8,0x1e66,0x2cb9,0x2d66,0xb282,
    0x2ab5,0x2c81,0x30d2,0xaec8,0xb449,0xae6a,0x2e16,0xb25f,0xb0e6,0x313b,0x2c40,0x20e2,0xac20,0x371f,0x3544,0xb50e,
    0xb03a,0xb271,0xb1ed,0x3150,0x2c65,0xb0e0,0x2e13,0xac3c,0x304e,0xace2,0x225a,0x300e,0x20c8,0xb33f,0xb38b,0xb257,
    0xaf81,0xa0f2,0xb433,0xac44,0x3022,0xb369,0x2d7c,0x2d36,0xb00d,0x2d6d,0x9cdf,0xb196,0xacc1,0xa72e,0x311a,0x226e,
    0x3102,0x2a0d,0xa840,0xaf19,0xb2e8,0x2eab,0xb230,0xb040,0xb201,0x2e4b,0x2eec,0xaf5d,0xa079,0xa4e1,0xa5c8,0x2861,
    0xaa28,0x30b7,0x2ee0,0x32bc,0x1ce7,0x299b,0x2c02,0x319b,0x2b0b,0xb006,0x30ea,0x2f63,0xadce,0xb1ab,0xac70,0x2eac,
    0xaf0e,0xaa30,0xb064,0x31a1,0xacf7,0xb1a6,0xaee7,0xb21c,0xa193,0x2c60,0x31dc,0x284e,0x3364,0x3274,0x31aa,0x31c2,
    0xa973,0xa89e,0x29a5,0x2969,0x2f4f,0xb086,0x29ad,0x2fd8,0x2ed6,0x2c1a,0xb0b6,0x2da0,0x314d,0xb380,0xaf7f,0xad73,
    0xa9e6,0x2ecb,0x2c48,0x2cec,0x252d,0x2309,0xb2fe,0xb096,0x30c9,0xac44,0xa03e,0xab1f,0x2842,0x2ab3,0xac94,0xa65e,
    0x2ebf,0xae42,0x2959,0xa094,0xaf00,0x2f45,0xa82e,0x3016,0x2bfc,0xa139,0x2f0a,0xafef,0x300b,0x2ce7,0xa8dc,0xad1a,
    0xb756,0x3269,0x34ee,0xacf4,0x3bac,0x38d1,0x2ebb,0xa79e,0x2917,0x3026,0xa528,0x365a,0xb2e1,0xad3f,0xba7f,0xb886,
    0xa527,0x385a,0x3800,0xadd0,0xaf07,0xb6fe,0x36c2,0x9bc3,0xa5df,0x3c5f,0xb0d7,0xb6a7,0x372e,0x36d5,0xb8a1,0x3d5d,
    0x364e,0xa92e,0xb731,0x348e,0x31bd,0x346d,0xb425,0xaf8b,0xb757,0xb415,0xb7a1,0x329f,0x344e,0xb17e,0xbdd4,0xb9d2,
    0xb901,0xb31e,0xb801,0xa333,0xb74f,0x345d,0x324d,0xb57a,0xbeb5,0x3225,0xb1b6,0xad3f,0x3953,0xbc1f,0xb76b,0xb89b,
    0xb4cf,0xb849,0xb7f8,0xb89a,0xb407,0x3736,0x2b25,0xb6d2,0x34b4,0xb938,0x3416,0xb0f4,0xb87d,0xb505,0xb9b9,0xb90e,
    0xb701,0x3978,0x3ae7,0x36f9,0x3d43,0x3474,0x376e,0xb0e9,0xb493,0xb86b,0xab12,0x3dbc,0xb4e8,0xaeb3,0x2e26,0xaab7,
    0xb654,0xb57c,0xb6ca,0xb4bb,0xb880,0x37eb,0x3abc,0xb446,0x3177,0xbcb4,0xb1b0,0xa02a,0x36d1,0x3916,0xb4b7,0xb41e,
    0x31d3,0x3ce4,0xbddb,0x31c5,0x3844,0xaaf5,0xb897,0x380a,0x3d47,0x365e,0xb061,0x359f,0x300a,0xb7c5,0xb7bc,0x336e,
    0xb811,0x39af,0x3a2a,0x38ce,0xb999,0xb23f,0x3aaf,0x2fb5,0xafc3,0x3c7e,0x2bad,0x3884,0xb9f3,0xb98d,0x3902,0x35ca,
    0x387d,0x2e6f,0x2e19,0x3c9f,0x31bf,0x325f,0xae4b,0xb225,0x390e,0xa54a,0x3592,0x3ab0,0x3a04,0x33a6,0xaa76,0x3895,
    0x3b18,0xb997,0xa92f,0xb8c0,0x9d6e,0x3d49,0x37fc,0x2211,0xb227,0xbce1,0x3a8d,0xb822,0xb677,0xb9ed,0x39bc,0xb9a0,
    0x3b58,0xb4ef,0xb06b,0x3ab7,0xb05d,0xbc6d,0xb450,0xa8af,0x3509,0x356e,0xa83d,0xb1ae,0x3a6a,0x2ff2,0xb7e2,0x337c,
    0xa9c1,0x389b,0xb649,0x35c1,0x3822,0x3520,0xb27a,0xb822,0xbd5a,0xb6d3,0xad87,0xb4e3,0x3981,0xb9a3,0x2ed9,0x3742,
    0x2259,0xbadd,0xb712,0xb311,0xb57f,0x3b4b,0x3838,0xba56,0xb524,0xb561,0x329d,0x38db,0x3369,0xb5cf,0xb488,0xa99e,
    0x2f37,0x341c,0x3acc,0xb330,0xb466,0x2fda,0xaceb,0xb2c8,0x2fc5,0x3585,0x3644,0xb7be,0x2c02,0xa933,0xb792,0xaa87,
    0x381f,0x35f2,0x368f,0xb5a5,0x3a98,0xb419,0xbaf1,0x2cf7,0xb33d,0x3bdf,0x391b,0x38fa,0xb95d,0x1d98,0x3853,0xa9d7,
    0x3532,0x3975,0x2d31,0xb480,0x203e,0xb8b0,0xb497,0xb42f,0xbac6,0xba32,0xbb67,0xb3a7,0xbbf1,0x3ea3,0xbabd,0x383e,
    0x3b44,0xb029,0x2b19,0x3568,0xb73d,0xba1f,0xb79f,0xb698,0xb533,0xbe86,0x3c33,0x288d,0xb45f,0x2fb2,0x364d,0xbd40,
    0x31ab,0xb0a0,0xb7bb,0xb683,0x384e,0xb279,0xbc89,0xb5a7,0x3642,0x3c35,0x3f82,0x34fe,0xb089,0x3c52,0x26de,0x3790,
    0xaba3,0xb830,0xb579,0x3b07,0x3702,0xb809,0xb290,0xb85e,0xb475,0xb0b3,0xbf0f,0x2e0e,0x36e0,0x3969,0x3a1c,0x3b93,
    0x38f3,0xb43e,0xba17,0xbdd0,0x2bed,0xb738,0xa767,0x31dc,0x3884,0xb6cf,0xb50d,0x3adb,0x314a,0x3e3a,0x3d86,0x37b6,
    0xbc11,0x3235,0x36b3,0xb877,0x3524,0x9e36,0xb979,0x311c,0x3993,0x3887,0xb742,0x3914,0xbbe6,0xb80b,0xb233,0x36e4,
    0xb8d1,0xbdae,0xadfe,0x3121,0xb78f,0x9e10,0xbca2,0x3b9e,0x3c28,0xb672,0xbe8c,0x38d0,0x3683,0xbbaf,0x307c,0xb74e,
    0xb602,0xb96f,0x3d63,0xb044,0xb32f,0xb62a,0xb867,0xb077,0xafa0,0x33e6,0x304a,0x3c89,0xb023,0xba63,0xb725,0x32ce,
    0x38ec,0x285e,0x381e,0x3678,0x3cd4,0x38c2,0x311e,0x2867,0x3038,0x220a,0xb296,0xb705,0x9f36,0xbb04,0x2d3c,0xb6b0,
    0x3146,0x3597,0xb896,0x2c56,0xa8b5,0x3a0f,0xbba5,0xb621,0x3798,0x3a78,0x3a5b,0x39b9,0x2d28,0xae28,0xb407,0x358c,
    0x314c,0xb2f6,0x35a0,0x9d41,0x198f,0xb484,0xb906,0x383f,0xb7d0,0x2c27,0xbaa5,0x34cb,0x2f4a,0x2dfd,0xb74c,0x2833,
    0x383a,0x3661,0x3921,0xb008,0xad39,0x38ab,0xb2ff,0x35f4,0xb6ff,0xb231,0xb958,0x3498,0x3bfb,0x37e1,0x3b5a,0xb209,
    0x3893,0xbc65,0x3b96,0xb0a0,0x37e2,0x9bc0,0x18e0,0xbc47,0x333b,0xb7be,0xb83a,0x2997,0x338b,0x35d0,0x34ab,0xb656,
    0xb480,0x33a5,0x3788,0xb63c,0x24b3,0x2cc8,0xb077,0x3444,0x34e0,0xb787,0x335a,0x39d5,0x362b,0x3099,0x36c3,0x30b3,
    0x3830,0x394d,0x2075,0x3bd1,0x3870,0xb707,0x38ef,0x3762,0x9c9a,0xb322,0x334b,0x343b,0x3629,0xb911,0x3799,0x3322,
    0x3806,0x3905,0xaa58,0x35cb,0x3c46,0x3493,0x304d,0x3285,0xad50,0x332d,0xb928,0xb28a,0x3d59,0x3249,0x353f,0x39d5,
    0xb314,0xb629,0xb074,0x2ec7,0x2a2c,0x982f,0xaca3,0x2feb,0xacee,0x343b,0x2c1e,0xaf79,0xadfd,0x30e9,0x2aa3,0x98ab,
    0x3430,0x3119,0x3020,0xb433,0x3264,0xb151,0xb22e,0xa96d,0xaee1,0xace4,0xb4ff,0x2f87,0x2900,0xa4ed,0x30f4,0x3473,
    0x332f,0xae2c,0x27c4,0x2ff0,0x170c,0xb150,0x3998,0x9bca,0xb26c,0x2e2e,0x2ea5,0x331f,0x3327,0x28b6,0x2937,0xb167,
    0x2a72,0xadbd,0x2fa9,0x2fb5,0x28cc,0x2b64,0xb1f8,0xaa0d,0xb50a,0x3527,0x33b1,0x2a34,0x3054,0x29af,0x2890,0xb00b,
    0x30bd,0x3220,0x29df,0xabf3,0xb5d1,0xac99,0x2e13,0xb54a,0xafb4,0x3809,0xb63a,0x2883,0xad2b,0x34d3,0xacfc,0x33c6,
    0xa00a,0xb3c3,0xb6ae,0xb1f9,0x308c,0x2cbb,0x3110,0x3189,0x3125,0x2c69,0xaef6,0xac9d,0x297f,0xadc9,0x36eb,0x2a0b,
    0x2c43,0x3190,0x2e7e,0xb48b,0xb410,0xa77d,0xb0c9,0xb190,0x34f0,0x3024,0xb570,0xb21e,0xb3cb,0xb229,0xb0fb,0xac14,
    0x2ede,0x3040,0xb204,0xb017,0x30fd,0x3285,0x3288,0x2e75,0x2f52,0xaf3e,0xa68f,0x24bc,0xaad6,0xb1e1,0xb30f,0x9d97,
    0x2dd5,0x32c4,0xb0cd,0xb019,0xb886,0xaa8a,0xb3ef,0xa74e,0x32a2,0x3c75,0xb769,0x369f,0x3541,0xa9a8,0x2d52,0xb153,
    0xb8ea,0x3bf1,0xb950,0xb552,0x301a,0xb71d,0xad02,0xb680,0xb90c,0x3814,0xb9b0,0xb3e8,0xb3e1,0xab12,0x278e,0xb719,
    0xa004,0x3514,0xb05c,0x33c4,0x3215,0xb0dd,0xb5e9,0xb109,0x32ef,0x2fe1,0x3a5a,0x284a,0xb4c2,0x2744,0xb518,0xb1d8,
    0xb6bc,0xbb5e,0x369c,0xb92a,0xb33a,0xb359,0xa1a8,0x2f1f,0xb487,0x3573,0x3371,0x31e7,0x335a,0xb0cd,0xb2e8,0x3ade,
    0x2c39,0xb3f1,0xbd30,0xb67b,0xb1e2,0x3a09,0x31bb,0x2c20,0x3d14,0xb9f1,0x3380,0x3477,0xb63e,0x34e3,0xb30b,0xb489,
    0x3414,0xb880,0x2e14,0x37c5,0x36cb,0x33ba,0xb850,0x3204,0x33f7,0xb8e7,0x2df1,0xba53,0xb92b,0xaf35,0x38c3,0x32de,
    0xb0c7,0xb896,0xb68a,0x2107,0x1d2f,0xbb99,0xb773,0xb84c,0x3b56,0xb919,0x2d0d,0xb91c,0x3a1a,0xb2c3,0x3832,0xb240,
    0xb638,0x31da,0x339b,0xb7ee,0xac21,0xba3f,0xb6fe,0xba2c,0xbab7,0xb848,0xb837,0x34d9,0xb958,0x2b0f,0xb9d5,0x38b4,
    0xb34b,0xb6a4,0xa479,0x2bdf,0xb875,0xb4e6,0x3912,0x226c,0x32f6,0xba27,0x37f7,0xbac8,0xb614,0x34b6,0x3833,0xb73c,
    0xba37,0x345d,0x36df,0x3981,0x344d,0x3806,0x33c1,0xb738,0x36bd,0x32cb,0x351e,0xb757,0x3a9d,0x375d,0xb97d,0x3a2d,
    0x30c6,0xb854,0x3242,0x2f24,0xbaa1,0xb5b6,0x35e6,0x26e5,0x303c,0x35ac,0x3004,0x30cb,0xb87c,0xb456,0x3ce0,0xb868,
    0x2c11,0xb67c,0xb868,0xb16f,0xb638,0x3386,0x35ef,0xb2f2,0x2d1f,0x37ee,0xb8b2,0xb3ee,0xb927,0xa8a1,0x3857,0x3bd8,
    0x2978,0x3a65,0xb3bc,0x355b,0xb7d4,0xb5b8,0xb999,0xb44b,0xb905,0x3558,0xafc5,0x26b7,0x3598,0x3779,0xb8bd,0x3405,
    0xb91f,0x2837,0xba26,0x3c0c,0x38b1,0xb32e,0xb578,0x3463,0x3bf6,0x27be,0xbb76,0xb502,0xb4de,0xb865,0xb18f,0xb6b2,
    0xb5c3,0x2e6d,0xb167,0x2b62,0xbc27,0x315b,0xb810,0xb77c,0x3426,0x3ab1,0xb290,0xb493,0x3a51,0xb797,0xb450,0x325a,
    0x38f1,0x339c,0xb4a8,0x3e7a,0x3996,0xbd48,0xb5a3,0xb7cf,0x3bab,0xb5bd,0xb8c3,0x2eca,0x3aed,0x33f3,0x312e,0xb452,
    0x391c,0x30b8,0xbd01,0x3603,0xadd4,0xbcb7,0xb4ef,0xb42b,0xb401,0x36b9,0x3273,0x3b88,0xa964,0x3c7c,0x3a61,0x3809,
    0xa7ac,0xb809,0x3934,0xb557,0xb812,0x3c9d,0xb5d6,0xb03d,0xbcc6,0xaf14,0x3027,0x3a0b,0x36e3,0x3187,0x36bc,0x3673,
    0x37bb,0xbbb2,0x3c5f,0xb863,0x1e80,0x3a0a,0x379d,0xad31,0xb472,0xb4df,0xb9fe,0x2503,0xad6c,0xb864,0x3444,0xbaf4,
    0x339e,0xb652,0x39a1,0x296d,0x2ca3,0xb210,0x3cbe,0xbba7,0xb4db,0xbc64,0xb249,0x387d,0xbc66,0x3ab6,0xb876,0x3e34,
    0xbdd4,0x3997,0x3b8d,0x2d1f,0xb5c3,0xbadf,0x36cd,0x3e8e,0xb946,0xb0e2,0xb9df,0xb9cd,0xacc7,0x2084,0xbc07,0x3594,
    0xb596,0xb9e3,0x3858,0x3466,0xa723,0xb65e,0xb86e,0xa801,0xaed8,0x3b71,0x37bf,0xbda4,0x22d4,0x3cf3,0x360c,0x9be3,
    0xa78a,0x3157,0x34f9,0x3d57,0xb561,0xb730,0xb96d,0x3433,0x2fe2,0x361f,0x3891,0x365d,0xbc14,0xbd1a,0x2b1b,0xb244,
    0xb73b,0xb70e,0xb410,0x28d2,0xb8cc,0x2e85,0x2f5d,0xb097,0x3528,0x3c15,0xb71b,0x34bd,0xb87e,0xb28e,0xb3d8,0xb7a4,
    0xb176,0xaa64,0x2e4d,0x2dea,0xa517,0x3607,0xaaea,0x357c,0xb486,0xad75,0xac5e,0x2ce2,0xae2b,0xb0b6,0xb441,0xb43c,
    0xa9c4,0x2f48,0xadf8,0x2d99,0x2037,0xad7b,0x2e23,0xaf03,0xb156,0x3552,0xaece,0x2cc8,0xb0b5,0x35f1,0x323d,0xb1e4,
    0x244f,0xb02f,0xb31a,0x3488,0x2d29,0xac64,0xb3de,0xb150,0x1892,0x2a22,0x2cac,0x2f3b,0xb4cf,0x33ab,0x2f89,0x3309,
    0x2c67,0x3423,0xb402,0x319e,0x2d26,0x2c78,0xb15b,0xb4e0,0x320b,0x2f48,0xa8d3,0x9e40,0xb06e,0x2f46,0x2c32,0x34a9,
    0xa0a1,0xb0f1,0xa033,0x30da,0xb52d,0xb0c4,0xb429,0xb06f,0x2cc4,0x3040,0x3484,0x20d8,0x36c5,0xac14,0x28c1,0x26b2,
    0x2f9a,0x3330,0x3624,0xac8f,0x9e31,0xb3f6,0xb282,0x29e0,0x3007,0xb2d8,0xb407,0xb24c,0x2ee9,0xb111,0xb2be,0xb02c,
    0xad3f,0x29a5,0xa013,0xa1b5,0x2e50,0xa551,0xb388,0x3679,0x2e35,0x1d0c,0xaa5a,0xae86,0x297b,0x3012,0x33a8,0x3770,
    0x2d47,0x31e7,0x31b2,0xb03a,0x8fa9,0xaeb8,0x2dc6,0xafbf,0xb368,0xac03,0x2496,0xb20c,0x2e5b,0x284b,0xaf23,0x2827,
    0xb559,0xb837,0x3952,0x3915,0x3595,0xab64,0xad6e,0xb7d9,0xb563,0x1d86,0x39de,0xb96f,0xa21f,0x3879,0x2ddd,0x3814,
    0xb86c,0x3405,0x3c7b,0x3bca,0x3037,0xb49d,0x37b5,0x380e,0xb4e2,0x32a4,0xb618,0x3629,0x3232,0x3067,0xb403,0xbcd2,
    0xb7ea,0x3a87,0x3871,0x3824,0x34b5,0x356f,0xb21f,0x369d,0x3a67,0x383a,0xbc2f,0x3473,0x2cc1,0x31d2,0x3ba1,0xaea5,
    0xb7a3,0x3473,0x35ee,0x385c,0x381e,0x3958,0x3892,0xb64d,0x3561,0xbb50,0x30a7,0x39f3,0x3643,0xb06d,0x3e53,0x39fc,
    0x366c,0x38c6,0x37ea,0x3362,0x314b,0x3bf2,0xaf70,0x3381,0xa6e2,0xb5fe,0x367e,0x37af,0xb251,0x3adc,0xbba6,0x32ef,
    0x3db3,0x39db,0xb6c2,0x3d00,0xb70e,0xac3c,0x3652,0x2c97,0x382f,0x3833,0x3541,0xb49d,0x2744,0x38f5,0x3b61,0xaf4c,
    0x35d2,0x3316,0x3007,0x3855,0x3101,0x3c2c,0x385d,0x310c,0x2ecb,0x3880,0xb450,0x2a20,0x341c,0xb21c,0x3144,0x38d6,
    0xb71c,0xa069,0xad7d,0x3c42,0xb764,0x2ea0,0x39e4,0x39ac,0x35e3,0xb523,0x3054,0x2b8a,0x3bdb,0x2516,0xad74,0x3310,
    0xaedc,0xac57,0x324b,0xb238,0xad28,0xac5d,0xa8e6,0xb142,0x2f0f,0xac8f,0xafb3,0xb262,0x340f,0x366b,0x2e61,0xad3d,
    0xae63,0xb9cf,0x34c8,0xb548,0xad09,0xb0d5,0x3012,0x3408,0x33f3,0x2d29,0x2ecf,0x295d,0x1d40,0x9714,0x3331,0x3019,
    0x37cf,0x2c89,0xa81f,0x2cf5,0xadc8,0xb47c,0xacf2,0xb571,0x3514,0x2a9e,0x2df6,0x2fb9,0x314e,0x32b4,0xaf6e,0x1bc7,
    0xb563,0xb6fd,0xb6c7,0x2726,0x35c5,0x351e,0x3486,0x2cf9,0x24ff,0xb08b,0x34c6,0xb4a2,0x37e2,0xb138,0xb43c,0x29d6,
    0xb191,0xb06d,0x377a,0x2e47,0x3275,0x2e01,0xb181,0x355a,0xb25e,0xb265,0xb657,0xb213,0xb101,0x31ef,0x1d37,0x3579,
    0xb0c2,0x3892,0x3646,0x32f2,0x3288,0x3771,0xb82d,0x3724,0x2d7d,0xafef,0x2144,0x355c,0x3415,0xb1f1,0x3667,0xb34c,
    0x3497,0x34f7,0xb67a,0x197b,0xa1d7,0xb529,0x2bbf,0x2f80,0xb4b7,0x339e,0x2eab,0xa8ad,0x3586,0xaff5,0xb4de,0xac89,
    0xb568,0xb813,0x338d,0x387d,0xb558,0xb214,0x320d,0xb344,0xafed,0xaf66,0x251d,0xaae3,0x2def,0x33b3,0x3424,0x2f0c,
    0x34eb,0x3002,0xb6eb,0xb3b3,0x36df,0xbb32,0xb11d,0x3a39,0x2bfd,0x2e82,0xa205,0x371f,0xae9b,0x3257,0x342a,0xb4ad,
    0xb573,0xb038,0xb380,0x2e2e,0xb341,0xb5ed,0xb603,0x29fe,0x3226,0xa9f2,0xb432,0x3802,0x3552,0x3692,0x35ad,0xac4b,
    0x343f,0x384f,0xb202,0x2893,0x27a7,0x3459,0xb080,0x2129,0x3070,0xb6ae,0x3885,0x30c3,0xad6c,0x2f86,0x3273,0x367b,
    0x388a,0xac88,0x3083,0xb805,0x2fed,0x3889,0x3775,0x261c,0xb7a2,0x2ef0,0x2c67,0x30c6,0xaffa,0x288b,0xb07b,0x31ca,
    0x33af,0xb4bf,0xa9e6,0x32f7,0xb7e0,0xaf16,0x2ea6,0x21af,0xa5d8,0x3503,0x37ff,0xad45,0xb3e4,0x3502,0x31d8,0x2e14,
    0xad64,0xb980,0x2663,0xb202,0x259c,0x36e7,0x2c01,0x36a8,0x256b,0xa070,0x317c,0x30cc,0x3896,0x965c,0x2e60,0x272b,
    0x30e9,0xb047,0x2e2e,0xad3a,0xaf31,0x2e01,0xb4bb,0xaa1f,0x365e,0x37ef,0xb057,0x3011,0xb62c,0x384e,0xb61b,0x2909,
    0x24bc,0xaf6f,0x3773,0xb06d,0xa343,0x380d,0x3535,0x2250,0xabe1,0x3277,0x29f8,0x3443,0x3413,0xb209,0x32a4,0x35fb,
    0xb5b1,0x3476,0x2c85,0x2c3a,0xa77c,0xb558,0xaec4,0x377b,0xadd2,0xb77b,0xad1e,0xb2e3,0xa987,0xb789,0xb819,0xb428,
    0xabae,0xa813,0xab5d,0x383e,0xb03b,0xb54f,0xa237,0x299f,0x3062,0xaa30,0xae5d,0x2e24,0x22cc,0x237c,0xb15d,0xa506,
    0xb4c6,0x3482,0xaeea,0xa5e4,0x3132,0xb307,0x239a,0xb29a,0xb3ac,0x3362,0x3407,0x272b,0xae33,0x20c9,0xa834,0x37e5,
    0xb397,0x333a,0xb1ed,0x345b,0x20c1,0x375c,0xab91,0x328b,0x30e8,0xb04b,0xad4b,0x2a81,0x31e1,0xad47,0x2079,0x2cab,
    0xb4fd,0x390c,0x3884,0x34d7,0xb46e,0xb65d,0x33ee,0x3047,0xa72e,0x246f,0xb905,0xb0cf,0x3838,0x38dd,0xb257,0xb30a,
    0x1d85,0xa45c,0xb5ad,0xaca6,0x3440,0x2891,0xb615,0x3470,0xb471,0x2f8d,0x2e6a,0x2c0b,0x34f5,0x3207,0x9bf5,0xb910,
    0xa058,0x31d5,0x32de,0x3003,0xae84,0x3697,0x81dc,0xaee0,0x3277,0x338c,0xb19b,0x35b5,0xabeb,0xa300,0xa5b2,0x3351,
    0xb222,0xa395,0xb0d1,0xb1ca,0x301a,0x2dbb,0xb699,0x375c,0xb60b,0x2c88,0x27f1,0x33f6,0xb379,0x2f58,0x2487,0x3260,
    0xb8ac,0xb0db,0xb477,0x2e05,0xb790,0x33ce,0x3607,0x2e12,0xb2c8,0xb0a4,0xb1eb,0xb5fd,0xb49d,0xa4dc,0xb34b,0x3551,
    0x2ff2,0x341c,0x2eef,0x2e90,0x352c,0xb03e,0xb6c3,0x3815,0x32cd,0x2826,0xb1a0,0xadcf,0x30b6,0xb26a,0xb181,0x2421,
    0x23e6,0x357f,0x2ba2,0xa5c0,0x30bb,0xb7e0,0x34df,0xb1da,0x2537,0xaefc,0x34bf,0xb5d2,0x352c,0x3494,0xb95b,0x3865,
    0xb6d1,0x346e,0x28d3,0x3386,0xb7dc,0x255f,0xb1d6,0x3651,0x1e64,0x3367,0xae1b,0x3545,0x3965,0x349b,0x1c53,0x2d49,
    0xb3ac,0xb8b2,0x349a,0xb240,0xaf3a,0xb308,0x3482,0x379d,0xb948,0x354e,0xb3c7,0xa7c0,0xb528,0xb083,0x29f7,0x2c1b,
    0x3518,0xaddb,0x3432,0x3639,0x2970,0xb239,0xb217,0x326f,0x3834,0xa684,0xb0e4,0xb540,0xad3a,0x261f,0x2463,0xb770,
    0xb166,0xaba3,0xb1a3,0xb810,0xb878,0x2bba,0x3370,0xb796,0x3716,0xb396,0x3278,0xabb7,0x32ce,0x244c,0x2e98,0x34a5,
    0x3251,0x334b,0xb478,0xb3a6,0x3239,0xaea5,0xade3,0xb54a,0xb3b3,0xb04c,0x2076,0xacde,0x37a0,0xb51d,0xb83f,0x2a13,
    0x37bc,0xb174,0x3093,0xae7c,0xa323,0xb832,0xb7c0,0xaadb,0x34d6,0x3053,0xaf13,0xb16b,0xbafa,0xaf6c,0xa308,0xb6b8,
    0x3493,0xb8fc,0xafa8,0x32f2,0xb85a,0x2c7f,0xa9c2,0xb530,0xaee3,0x32b5,0x97fe,0x320f,0x3608,0x3799,0x2e68,0x304e,
    0x3393,0x31d7,0x3685,0x3103,0x310e,0x3357,0xa99e,0x383b,0xb320,0x988d,0xac29,0xa87f,0x2ea5,0xb415,0x2545,0xb44d,
    0xb04d,0x3827,0x3650,0xa8ca,0x3113,0xb3b4,0xb7ae,0x2e4c,0xa90a,0x3213,0xb38d,0x3730,0x323d,0xaf27,0x2e9c,0x34ed,
    0xb5d5,0xb612,0xa84e,0x30be,0x3692,0x32d6,0xb1ba,0x303e,0x2a6a,0xb5ab,0x370e,0x3a21,0xb864,0xb042,0xb8f7,0xa58a,
    0x2caf,0xaf58,0x93ac,0xb04f,0x3420,0x35c1,0x38fb,0x20ca,0x38b8,0x3104,0xaf13,0x393d,0x308c,0xb58f,0x2fcb,0x2d0a,
    0x37cc,0xb986,0xb2c8,0x35a1,0xb49b,0x32b9,0x3186,0x36a9,0x2e08,0xb726,0xa826,0xb498,0x2874,0xadfa,0x2a67,0xac3e,
    0x3079,0x1e2f,0x3047,0x390f,0x384f,0xb0fe,0xb92e,0x36f0,0x3332,0xafc1,0xb2d1,0xb627,0xb80e,0x2e79,0xb8c8,0xb7bd,
    0x368f,0xaa8e,0x30d4,0x2d4d,0xb300,0x2313,0x3645,0x2ec7,0x29e6,0xb2e3,0x3861,0x3448,0x32cb,0x2857,0x36b2,0x3637,
    0xac7f,0xb0ec,0x9f41,0xb4a2,0xa800,0x348c,0xaaa5,0x34d6,0xa8a4,0xb159,0xac30,0x30bc,0xb484,0x9afc,0xb598,0xa6c1,
    0x28a4,0x361e,0xada6,0xb603,0x1f1b,0xb7c0,0xb643,0xb2d5,0xb91e,0xb250,0x3a41,0x363d,0xaa73,0x3755,0x24a1,0xb185,
    0xb5da,0xb1a2,0x3292,0xb465,0x3445,0x28ec,0x333e,0xb829,0xb46d,0x332a,0x3156,0xb80a,0x35be,0xad7b,0x285f,0x2f61,
    0x3312,0xb773,0x35f1,0x35f1,0x258a,0xad6c,0xafdb,0x38d2,0xb1a7,0x358e,0xb622,0x3157,0x31f7,0xa9e4,0x3558,0x3594,
    0x3597,0x237b,0x3750,0x3697,0x3160,0xb841,0xb815,0x3222,0x360c,0x3176,0xa924,0xb12c,0x345e,0xb54c,0x34e7,0x2cee,
    0xb017,0x33c5,0x2e2b,0x331a,0xac30,0xb84e,0x31ea,0x2ddf,0x3181,0x2e4e,0x33be,0x2f2e,0xb1a6,0xb1cf,0xb446,0xb210,
    0x3480,0xb5d0,0x1c6a,0x36de,0x35be,0x35a7,0x2da2,0x344c,0x3954,0xb40a,0xb2a2,0x24d2,0x3349,0xb4aa,0xac5f,0xb5ce,
    0x34b8,0xb319,0xac2a,0xb409,0x3076,0xb66e,0xb2c9,0x340c,0x3047,0xafb2,0x2fd0,0x3453,0xb1d7,0x2f48,0xac4a,0xb2dd,
    0x2ea4,0xb5a3,0x2e2d,0x3105,0xb12e,0xaf31,0x3410,0xb1ef,0x2ed8,0xadb5,0x308d,0x2d6d,0xb4a6,0xb42e,0x33bd,0x9e0b,
    0x2e43,0x38e4,0x3451,0x2330,0x343f,0x30e6,0x39a3,0x341f,0x2fd7,0x3695,0xb030,0xaf00,0xb98f,0xa44b,0xb07c,0xb04c,
    0x350a,0x3141,0x33ad,0xaa33,0x2907,0x34ad,0xb43b,0x36b6,0xb649,0xad83,0xacee,0x9deb,0xb85d,0xb86b,0x30da,0xb67b,
    0xb09a,0x385d,0xa191,0xb0ef,0xb4d7,0xb842,0x3928,0x0dc9,0x2ee3,0x2299,0x2e70,0xb55e,0x32bb,0xb4e7,0xb401,0x395d,
    0x3090,0x2af8,0xb346,0x3577,0x380f,0xb29a,0xb7de,0x39c6,0xb831,0x30a8,0x300a,0xba84,0x354d,0xb05c,0xb9fb,0xb3d2,
    0xb2be,0xb073,0xb3f6,0x32c0,0xb39f,0x348f,0x3086,0xb614,0xad13,0x2373,0x31cb,0x35f6,0xb674,0x35ae,0x2d3c,0xa820,
    0xb432,0x336a,0x3337,0xb4b1,0x30bf,0x2788,0x30ca,0xb785,0x3117,0x1ccc,0xb0dd,0x3393,0x3576,0xb584,0x2bd4,0xa4d9,
    0x3258,0xb17a,0xafb9,0x2fd3,0x34d4,0xb4fc,0xb568,0x3358,0x348d,0x3216,0x2ef7,0x2232,0xa96f,0xb100,0x1f4b,0xad80,
    0x3408,0xb182,0x2191,0xb126,0xb473,0x2c72,0xb026,0x2c21,0x34f8,0xabea,0x2f23,0xa65d,0x3314,0x2ae8,0x351e,0x3170,
    0x2a7d,0x3714,0xb82e,0xb39c,0x346f,0x2e4e,0x3563,0xb67b,0x2d04,0x33aa,0x387d,0x31e9,0xb3ff,0xaac2,0xb421,0xb317,
    0x37b3,0xb435,0xb522,0xace5,0xb14b,0xad33,0xaebf,0x2cdf,0xa989,0xb03c,0xb1f0,0xb73a,0x242d,0xb2d1,0x32ed,0xb6ac,
    0x315c,0xadde,0xa41f,0xa95c,0x3222,0xb871,0xb8c3,0xa266,0xaed5,0xb2e5,0x3663,0x30d3,0xb41e,0x3559,0x381f,0x35b8,
    0xb3cf,0x2dad,0xb28d,0x2694,0x1e2a,0xae56,0xad58,0x36b6,0xb233,0x28ed,0xa47f,0x2428,0x3180,0xb64f,0xa535,0xb3a2,
    0xb33a,0x37a5,0xb0d5,0x2c8a,0x328a,0x348e,0x3833,0x3498,0x3098,0x3439,0xb4cc,0xb41b,0xb827,0xb499,0xafed,0x334a,
    0xb4ef,0x34d2,0x346c,0x37ca,0xab4f,0x2720,0xb495,0x3183,0xabdf,0x2988,0x306e,0xaf0d,0xb33b,0xa9ba,0x3553,0xb316,
    0xb158,0x3278,0x2a7e,0xb5c4,0xb344,0x3633,0x29a8,0xb55b,0x2d3c,0xb335,0x3040,0x314a,0x32d8,0x3395,0xb11a,0xaee0,
    0x2c31,0x378c,0x3632,0x26ba,0xb3fa,0xae09,0x2bc2,0xb06b,0xaef0,0x3540,0x34de,0xb466,0xaf49,0x25ba,0x322f,0x2344,
    0x38c5,0xb71e,0x2d1f,0x29d2,0xade2,0xb0b8,0x3b58,0x31a7,0xb37f,0x300b,0x39fc,0x383f,0x3055,0x345a,0x300d,0x2ea3,
    0x374c,0xaffa,0x30b9,0x356b,0x3431,0xb1b0,0xb799,0x3697,0xb9b7,0xb0a2,0xaff5,0xb926,0xb5b6,0xa47d,0x391a,0xb5ee,
    0xa923,0xa82c,0xae93,0x35c8,0xb3ac,0x35d7,0xb44b,0x2eab,0x3971,0xb359,0x2e2f,0x3922,0xa4cd,0x3494,0x3432,0xb4ad,
    0x315d,0x325b,0x2df1,0x2175,0x344c,0xb3a2,0x1ba8,0xb75e,0xa58e,0x33e1,0x2ba1,0x2d14,0x3997,0x27fd,0x2cd2,0x3307,
    0xb469,0x35b6,0x38ae,0xad84,0x316c,0xb652,0x2eda,0x9f1b,0x362d,0xae6d,0x3173,0xa9bd,0xad3f,0xa99d,0xafb3,0xb5e3,
    0xaf4f,0xb777,0x3234,0x3692,0xb07f,0x2ce9,0xb871,0x2e79,0xb4d0,0x2fdd,0xae48,0x3a8b,0x3543,0xb75b,0x301f,0x2cc4,
    0xb89b,0x30de,0x34c2,0x383c,0x32ad,0x3255,0x373c,0xb233,0xb735,0x2df4,0x34a5,0xad0e,0xa868,0x37c5,0xabc1,0xb477,
    0xb13e,0xb557,0xa5c5,0x3401,0x3984,0xb0da,0x341a,0x3444,0xa939,0x2bb0,0x2fca,0xb79b,0x35cc,0x30f2,0xb456,0xb483,
    0x30d3,0xb046,0xb204,0xb7c5,0xb4b5,0x2f0c,0xb540,0xade0,0x2a52,0xb55b,0xac7e,0x1632,0xb6a4,0x3a5d,0xb171,0xb276,
    0x33c6,0x321a,0x35e7,0x32ca,0xb330,0xb1b5,0x37dc,0xad5d,0x31ef,0x2ea0,0xace8,0x3444,0x35e2,0x3049,0x315a,0x3706,
    0x1573,0xb729,0xb3d0,0xb59c,0x2cc3,0xb4eb,0xa958,0xb413,0x26fc,0x32b0,0x344a,0x27a1,0x3772,0xae8c,0x287a,0xb5b4,
    0xa3de,0xb4de,0x3881,0xb732,0xb79a,0x3596,0x3441,0xb819,0xb441,0xac4e,0x2df0,0xb222,0x302b,0xad2c,0x2ef5,0x37c4,
    0xab40,0x2f81,0x30be,0x3467,0xb2c4,0xaef4,0x31f3,0x35f8,0x9c91,0x320f,0xb09f,0xb64b,0xb205,0xa63a,0xb874,0xa821,
    0xb412,0xac6d,0x2579,0x3563,0x3407,0x2d2e,0x2c02,0x3299,0xa8d5,0x2013,0xb29b,0x3869,0x3482,0x28d5,0xad97,0xb608,
    0xb360,0xb29d,0xafc6,0xabb0,0x2c1b,0x30dd,0x3542,0x3443,0xb287,0xb4da,0x380f,0x27d2,0x36fa,0x2e74,0x31c9,0xacb1,
    0xbbb5,0x8c5d,0x3716,0x36a5,0xb295,0xb4ad,0xac9e,0x2fcd,0x3135,0xb03d,0xa507,0xb558,0xb0a6,0x2d8a,0xaaca,0x3213,
    0x30a5,0x2bb6,0x32d8,0x0d24,0xac59,0xb48e,0x38c9,0x2688,0x38b3,0xb78d,0x3357,0x3426,0xb4f1,0x3986,0x3048,0x30f1,
    0xb325,0x387e,0x31a7,0xac9f,0xa9e5,0x383a,0x30a8,0xb29f,0xae91,0xaa82,0x327b,0x2ed1,0x358a,0x2b9d,0x31ad,0xab3a,
    0xb997,0x3748,0x3af7,0x2e79,0x2ab8,0x35ad,0xb5ca,0x390c,0x9e03,0xb806,0xb1c6,0xb900,0xae98,0xbb93,0xb4a1,0x399a,
    0xac6a,0x3861,0x32de,0x35e3,0x3444,0x2000,0xa948,0x3198,0x23cd,0xb1de,0x2cb0,0x2d38,0xb41b,0xae2c,0x2873,0xb8de,
    0xb40b,0xa859,0x3628,0x36bc,0x34ff,0xaf39,0x2b89,0x34f9,0x276d,0xb44c,0x2ea7,0xb313,0x2e3b,0xadb0,0x282d,0x3014,
    0xb43f,0x2dc8,0x338d,0x37b1,0xafba,0xad81,0xb262,0x2ee3,0xac25,0x1a4e,0x24ab,0x2699,0xb0a9,0x2d96,0x339e,0x2da8,
    0x296a,0xb17d,0xb6f1,0x3274,0x29e5,0xb7fc,0xb974,0x2ad4,0xb103,0xab26,0x2131,0x33d9,0xb560,0xb531,0xaf16,0x2c5f,
    0x383b,0xb22b,0xb499,0x31bb,0xb271,0xb42b,0xa004,0xb06d,0x34f3,0x3124,0x2efc,0x2431,0x2df5,0x2aae,0xb532,0xb045,
    0x3048,0xab6c,0xb4a7,0xb895,0x2d3f,0xb19c,0x3023,0xb27d,0x9f7d,0xba47,0x2b79,0x38fb,0xab81,0x300b,0xa4a2,0x2bb3,
    0x9d66,0xb1cf,0x9929,0x2dc6,0xafc5,0xb3d9,0x2e1d,0xb5d3,0xb13c,0xb2ba,0x3157,0xb837,0xb4a3,0x2e2e,0x3446,0x2e26,
    0x3357,0x369e,0x336d,0x2a65,0xaec7,0xa44d,0xb50c,0xb8bf,0xae63,0xb218,0x2ccd,0xb22c,0x37ce,0x30d8,0x26ae,0x38d8,
    0x2eaa,0x34d5,0xb37d,0x378a,0xb070,0xa3af,0xb674,0x3664,0xb5bf,0xb47e,0xade8,0x2a79,0xad0a,0xaed5,0xae7a,0x3571,
    0xb3cf,0xa63d,0x2d40,0xb677,0xb41e,0x12eb,0xb741,0xadf4,0x3995,0x331d,0xb1d2,0xb6c5,0x324e,0xad2b,0xa1e7,0x3418,
    0x2e49,0x2ddc,0xb22e,0x3553,0xb200,0xacfa,0xa82c,0x2d9d,0x3122,0xb033,0xaf4b,0x3556,0xb89d,0x37b5,0x92f3,0x2ca3,
    0xa594,0x0f81,0xa77d,0x1b31,0xb6ee,0xb5c8,0x9c12,0xb5c7,0x30f5,0xb448,0x2f71,0x2d66,0x2e92,0x3051,0xa638,0x0855,
    0x25d5,0xad0a,0x358b,0xb9bc,0x342a,0x3305,0xb18f,0xb52d,0xb0ac,0x23bb,0x3241,0xb1e7,0x2a40,0xb041,0x272a,0x2861,
    0x357c,0xb7c0,0xae8e,0xb200,0x34ab,0x3483,0xa998,0xacc6,0x37aa,0xb71e,0xb1cd,0x3030,0xb82b,0x33a2,0xae5b,0xaff7,
    0x2be0,0xb217,0x96d1,0xb607,0xb4cb,0xac3f,0xa7dd,0x2b9f,0xb3ec,0xad5c,0x8968,0xa362,0x21fe,0x3210,0x3439,0x2e52,
    0x323d,0x29e9,0xaec1,0x1ed9,0xa8fa,0xabaf,0xb356,0x3685,0xb4d8,0x3089,0x18c0,0xb50f,0x33dc,0xb78d,0x34e4,0xb69a,
    0xb4f4,0x2b37,0x3271,0x3546,0xb128,0x33f1,0xb492,0xb262,0x2c1b,0x303b,0x306a,0xb419,0x3021,0x3074,0xb180,0xb188,
    0xa627,0x2a5e,0xb457,0x2d0e,0xb73d,0x29c2,0x2f4e,0x3397,0xb3e6,0xa845,0xb869,0xb444,0x3817,0x3318,0x33b8,0xb420,
    0xb74b,0x370e,0x2ff2,0x2d41,0xa7eb,0x3560,0xb38d,0x2dd0,0x31ff,0x9b22,0x2f60,0xb404,0xa4a1,0x2fac,0xb4df,0x3283,
    0xa86e,0xa9fb,0xb0ab,0x3445,0x338f,0xb861,0xb3b1,0x25df,0xa886,0xb555,0x34f6,0x34ab,0x36c9,0x332d,0x31e5,0x34bc,
    0xb477,0x2d78,0x2d8d,0x32d0,0x2fc3,0xaefc,0xb884,0x33af,0x2b98,0xa683,0x34a9,0xb63d,0xb0b6,0x3176,0xad51,0xb136,
    0xab0a,0x2ba5,0x3888,0xaae1,0xad14,0x2f7a,0x3295,0xb491,0xafc7,0xb218,0x3389,0xb5e5,0x2a89,0x375d,0x2e57,0xac86,
    0xb5a7,0x2917,0x34c7,0xad35,0x9d05,0x3486,0xb498,0x2f73,0x91ff,0xb9d6,0xb10c,0x318a,0xb145,0xafac,0x3834,0xb071,
    0x3618,0x33a8,0x2f8e,0xab6e,0xb217,0xb7ee,0x2c97,0x2bb9,0x32f0,0x350c,0x36ce,0xb215,0xb091,0xb4d0,0x2e69,0x33ca,
    0x307d,0x2eab,0xae74,0x3603,0xb101,0xb606,0xb4bf,0x36f8,0xb092,0x3017,0xade6,0xb19c,0xb41a,0x1dfa,0x3505,0x2dd5,
    0xb193,0x3536,0xb123,0xb048,0xb31c,0xaf7a,0xa5ab,0xb760,0x3029,0xb5a9,0x2f19,0x340c,0xb2d8,0x35c6,0x3105,0xa771,
    0xb4be,0xb46f,0x3102,0xb701,0xb1e0,0xabac,0xb196,0x2d12,0xa585,0x2922,0x2cd5,0xaea9,0x2c13,0xb822,0x289a,0x3302,
    0x349d,0x34b3,0x2e99,0x32a7,0xb1db,0xb002,0xb902,0xb2dd,0xaa70,0xb299,0x395f,0xb4c3,0xad14,0x376e,0xb2b7,0xaa80,
    0x2d63,0x9a36,0xb453,0xac92,0xb567,0xa413,0x36de,0x375f,0xaa2f,0x3489,0x2844,0x2ea3,0xb52b,0xb0f6,0xa98f,0x32ea,
    0xb89d,0xb5af,0x3705,0xae2f,0xadee,0x3193,0x2a04,0x3533,0xb80a,0xb314,0xb041,0xa835,0x2c2e,0xaa41,0xb1d2,0x2f9d,
    0xb32c,0x2ff7,0xaafa,0x344d,0x3499,0x2477,0xb1bf,0x3615,0x2a04,0x3047,0x2d35,0x346f,0x268d,0x9d03,0xb280,0xafb0,
    0xb594,0x35f9,0x2b70,0xb321,0x3461,0xb192,0xb511,0xb321,0xb4eb,0xace3,0xb337,0xaac8,0xb9aa,0xb274,0x2047,0xae41,
    0xb395,0x20b2,0x3719,0x35af,0xae8c,0x333d,0xb540,0xa7b4,0x3576,0x2e47,0xac64,0x1c0e,0x308e,0xb7b7,0x297a,0x3106,
    0x3121,0x2d39,0x302c,0x3344,0xb5a7,0xa0f6,0xb104,0x30d2,0x3096,0xb390,0xb9ed,0xabed,0xb5a3,0x3176,0xab45,0xb135,
    0xb2c5,0x3209,0x24dd,0x38bb,0xae0f,0xb160,0xb0c2,0x3550,0x32f9,0xae4c,0xa1b7,0xb12a,0xb71e,0xa9d6,0xa087,0xb574,
    0x3b6a,0xaf91,0x39cc,0xabf8,0x354f,0xb9de,0x269f,0x33ab,0xa8ad,0x3214,0x3776,0xb245,0xbe34,0xb4e6,0x31d6,0x3b89,
    0x36a3,0x352c,0xb5e8,0x2acc,0x2b2d,0x309c,0xb81c,0xb54f,0x2d5c,0x35e4,0x25d1,0x3b02,0xb420,0xb300,0x32ba,0xb0bd,
    0x37d4,0x265d,0x390a,0x984b,0xb28f,0xb692,0xb68c,0x36a1,0xaee0,0xabf2,0x3a56,0xb37e,0xb650,0x3407,0x32e2,0x3b20,
    0xb115,0x3b24,0xb411,0xb2c1,0x3360,0x378d,0xb930,0x36d6,0xbac5,0xb4b1,0xb12a,0x3dd6,0x35cb,0xb2d3,0xaf3f,0x33ad,
    0x21b4,0xb17d,0xaecc,0x326a,0xb6ab,0x37d5,0xac08,0x33fe,0xb227,0x3581,0xa919,0xb705,0x392b,0x2d15,0xb771,0x3300,
    0x3007,0xb521,0x344f,0x2e90,0x3566,0x31da,0xa876,0x3c11,0x3918,0x3107,0xb674,0x308e,0x3536,0xb58b,0xb77c,0xb4a4,
    0x34a2,0xb80d,0xb277,0xaba2,0x327e,0xa406,0xb6ad,0xb25a,0x3333,0xa9e3,0x30a7,0xb0fc,0xb7f7,0x37f2,0xb2d1,0xb145,
    0xaa73,0xad69,0xb3f4,0xb922,0xa8f6,0x34ea,0x2cb6,0xad9d,0xb563,0x2e10,0x1cae,0x2caa,0x30b7,0x34d3,0x3076,0xae53,
    0x3522,0x31ce,0x3387,0xb734,0xabb8,0x32ea,0xa136,0x2fd6,0xa0aa,0xa9c9,0xb585,0x35a4,0x3900,0x26c5,0xaeef,0xa4d7,
    0x2deb,0xb635,0x350b,0x2743,0xa6b6,0xa0b8,0x349f,0xb49b,0x30e1,0xae25,0x24d5,0xa75e,0xb68a,0x35c9,0xafcd,0x9f8d,
    0x3a1d,0x3846,0x2ceb,0x3248,0xb323,0xa2e5,0x3159,0xb493,0xb29d,0x2daf,0x3852,0x3591,0xb4ca,0x2d79,0x304c,0xb283,
    0x3473,0xb8c4,0xa991,0xa815,0x3629,0x3d13,0x30f4,0xac94,0xae8b,0x30c3,0x33e4,0xb18f,0x29ac,0x2c1e,0xb7c8,0x31b9,
    0x8947,0x39cf,0x362f,0x3401,0xb655,0x3842,0x39eb,0xaf6b,0xb107,0x32f4,0xb430,0x3767,0x33fc,0x3838,0xb358,0xb66e,
    0x25dd,0x2aa1,0x3878,0xb9b9,0x3a17,0x371a,0xb796,0xb85e,0xb544,0x2e11,0x35a2,0x37a0,0xb026,0x3373,0x35a1,0x3059,
    0x3405,0x33c5,0x347c,0x3233,0xb70a,0xb112,0xaa96,0x3550,0x2e35,0xaf40,0xb099,0x3470,0x32d9,0xac31,0xb08b,0xa994,
    0xb0d7,0x3819,0x3225,0xaee7,0xad96,0x344c,0xb10e,0x3014,0xa379,0x2cb4,0xb4bc,0x323c,0xa914,0x3522,0xae4f,0xaee9,
    0xad85,0x30ef,0xb5d4,0x2a33,0xa6ce,0x33c8,0xb04a,0xb3ac,0x37ed,0xb54f,0xb16e,0x373b,0xb271,0x2851,0x2b4d,0xab59,
    0xb113,0x21e3,0x26b2,0xac9c,0xad57,0xb3f5,0x2d26,0xb22c,0x33a8,0x3301,0x2ed4,0xb54d,0x36da,0x9ad0,0x3496,0x2fd0,
    0xb1e7,0x3a07,0x37f6,0x3215,0x36f4,0x352b,0x310d,0x364f,0xacae,0xaf13,0xb17a,0xaa87,0xac35,0xb9ec,0x2291,0xa5e1,
    0x297f,0x32fc,0x3596,0x386b,0x302d,0x3191,0xb830,0x354e,0x374c,0xaa31,0x9c3c,0x2fed,0xb78a,0xb519,0xadf5,0xb359,
    0x365a,0x32e2,0x3827,0x2e33,0x3477,0x29bb,0x29a9,0xae16,0xb6b1,0x3548,0x2f93,0xac8a,0xa3ca,0x341b,0x2987,0x3520,
    0xb145,0x348b,0x2e49,0xafa9,0xb0f7,0xa8e6,0xb039,0x34e2,0xae5f,0xb15e,0xb191,0xb43b,0x35b2,0x34e6,0x375a,0x3559,
    0xb7c0,0x3459,0x3520,0x33d3,0x33c4,0x32fe,0xb7c4,0x336e,0xb746,0xac81,0x34c5,0x2edd,0x34c5,0xb5b4,0xb3e3,0x3625,
    0xb8a5,0x2d3a,0xb658,0x25a5,0x231c,0x2c0d,0x3466,0xb9fb,0x31a8,0x312f,0xabf9,0x3156,0xb5dc,0x3515,0xb669,0xacb5,
    0xb064,0xb81d,0xb61f,0x28fc,0xb0ab,0x318b,0xb5a8,0x2682,0x2b0f,0xa2f0,0x2ed9,0xb518,0xb560,0xa9d5,0xb111,0x32eb,
    0x374e,0xb404,0xacf8,0xb148,0xb577,0xb570,0x319a,0xafcb,0xb106,0xab8a,0x2406,0xa9a4,0x3531,0xb062,0x2ab4,0x9b5e,
    0x2d69,0x3553,0x340a,0xadc5,0xb559,0xb15a,0x36d2,0x2c8e,0xb21d,0x2f91,0xaf4b,0xb743,0x3413,0xa549,0xb1b4,0x37b2,
    0xb0ec,0xac9c,0x2746,0xa9b1,0x30c3,0x2e50,0xb73b,0x3778,0x2c0d,0xb4aa,0xb1b8,0x2eb2,0x3844,0xae5d,0x2c70,0xb0a2,
    0xb492,0x2abc,0x2e95,0xaf42,0xadd1,0x303c,0x3894,0x3714,0xb17e,0x3204,0x2e44,0xa942,0x2c78,0x9aaa,0xb425,0xafda,
    0xb671,0x9383,0x2fce,0x365b,0x312c,0xb334,0xb1ea,0x2c64,0x29a1,0x15a2,0xa959,0x3497,0xb063,0x351e,0xb0ae,0x2db4,
    0xb019,0x374b,0x378b,0x2632,0xae63,0x3474,0xa991,0x38e1,0x34df,0xad66,0x3124,0xb5c4,0xae5e,0x333d,0xa501,0x333a,
    0xb57e,0x2c58,0x34db,0x3829,0xb486,0xb381,0xb6ca,0xb1c6,0x2d17,0xb236,0xb080,0xb18a,0x3260,0xb159,0xb18d,0x3101,
    0x37f4,0x2b0f,0x2f91,0x2912,0x34cf,0xb7aa,0xb666,0xb411,0xb4fb,0xba0b,0x3917,0x3a49,0x38bf,0xa207,0x3628,0xb299,
    0xb44b,0x3258,0x2d1c,0xb620,0x3899,0x353e,0x3786,0xbb5f,0xb247,0xaf98,0x2d87,0x2910,0xb882,0x3663,0xb381,0x2a47,
    0x340f,0x380b,0x3053,0x31d4,0xac12,0x330b,0x2cbb,0x3483,0x37fa,0xb742,0xb232,0xb8b1,0x35c6,0x3288,0xb23d,0xb433,
    0xb70a,0x31b1,0x2b8e,0x2b82,0xab2a,0x3473,0xa4e8,0xb006,0x2fe8,0x2798,0x2125,0x2fa3,0xb600,0x33b8,0xad60,0x3412,
    0x3977,0xb653,0x3406,0xb3ef,0x3329,0xb102,0x34cc,0xb357,0xaf34,0x3162,0x3752,0x3603,0x341a,0x3d40,0x1073,0xb55b,
    0x2195,0xba5f,0x2bcd,0xbccc,0xac5a,0x3b47,0xb4fb,0xb3ad,0xb293,0xa61c,0x3412,0xb326,0x33af,0x2fb0,0x2a35,0x359f,
    0x2538,0x3548,0xace1,0x3435,0xb828,0xa578,0xb2ec,0xb113,0xae3a,0xb875,0xb889,0xb961,0x3822,0x362a,0xafc5,0xae4c,
    0xaf3a,0x316e,0x2ebc,0xa2e6,0x3572,0xb741,0x2da3,0xa891,0xb779,0x2fcd,0xadbd,0x31b0,0xb176,0x2eb7,0xacd6,0xaff7,
    0xa789,0xb139,0xb8f7,0xaba0,0xaca7,0xa996,0xb189,0x35b3,0xb2f9,0x3559,0x3840,0xa78f,0xba23,0xa6b4,0xa828,0x3239,
    0x32dd,0xb2fb,0xb40d,0x3ab8,0xb691,0xb25d,0xab79,0x36a7,0x36b8,0xaae1,0xb22f,0x31b9,0x3301,0x3227,0xae31,0xa2f2,
    0xb0ce,0xad8a,0xb482,0x224b,0xb1f9,0x37a2,0x35d0,0xaa75,0xb4ec,0x3899,0xb057,0x2565,0x32db,0x3515,0x301f,0xb420,
    0xb526,0x31d7,0x386a,0x383c,0xac0d,0xb89b,0x3656,0xb93f,0x33fd,0x1d6d,0xb2ea,0x3a5b,0x3a3f,0x995d,0x2ff0,0x281f,
    0x2524,0xb437,0x3874,0x36ec,0x302c,0xb840,0xb618,0x24d9,0xb821,0x3699,0x357d,0x2a93,0xb5d5,0x367c,0x301d,0x320e,
    0x3989,0xb17a,0xb0d6,0x3000,0x3420,0x2ad5,0x314e,0x35ec,0x327f,0x2299,0x2cb6,0x31e5,0x3669,0x350b,0x36bf,0xaf44,
    0x27fc,0x333a,0xabd5,0x3452,0xa96d,0xb496,0x3223,0x3934,0x30de,0x31f6,0xb660,0x30e5,0x3456,0x3710,0x2d88,0xb55d,
    0xa927,0xad5f,0x3588,0x382e,0x9709,0x3aad,0x278a,0xb787,0xb362,0x3526,0x300b,0x39a9,0x3815,0x2e20,0x315f,0x27e8,
    0x352f,0xb69f,0xad58,0x3146,0x2e84,0xb469,0xb860,0xb543,0x2f25,0xb717,0xb4c3,0x262f,0xb95f,0x3658,0x31af,0xb19c,
    0x34a9,0x2092,0xb264,0x2a88,0x3122,0xb269,0x3948,0xb402,0x3073,0x3430,0x32d3,0x3114,0x32c0,0xb4df,0x36b0,0x317a,
    0xb446,0x334b,0x2d2f,0x3053,0xb0c3,0x3389,0x37b8,0x3369,0xb33b,0xb66d,0xb17c,0xb2a4,0xafd4,0xb11a,0x30e6,0x3116,
    0xb47c,0x3773,0x30a2,0x33db,0xa5ac,0xa4ec,0xb5aa,0x37a6,0xa66d,0x2881,0xa693,0xabc1,0x32d7,0xa475,0x2cba,0xa953,
    0x9b99,0xad04,0xba3e,0x2bd5,0xabab,0xb4fc,0xad3b,0x380d,0xb5c4,0xb672,0xac3d,0x247e,0x30e0,0x3008,0xac78,0x2897,
    0xb0ad,0xb41a,0x3334,0xb081,0x3529,0xb65c,0x3818,0xbb0b,0x34aa,0xaccf,0xb032,0x3881,0x393f,0x34cd,0xab3d,0xaff9,
    0xaf2e,0xb45f,0xb781,0x3446,0x2cf5,0xb0ef,0x31ed,0xb2f8,0xb1b6,0xb4f5,0xa552,0x3417,0xb523,0xb299,0xa9d0,0x3505,
    0x2f3f,0x3389,0x2c05,0x31d3,0xb5b3,0x2e94,0xb170,0xab48,0x32f4,0x304e,0xa46b,0xb18c,0x3634,0x2a9d,0x2f63,0xb839,
    0xb891,0x3678,0x31f4,0x36f6,0xb2a4,0xb424,0x2dd7,0x3794,0xb63c,0x1e60,0xba26,0xba48,0xb314,0xaaec,0xb3de,0x34a1,
    0xafc3,0x30a9,0xa86a,0x3831,0x3007,0xb1f9,0xaca7,0x340b,0x3ac1,0xb113,0xb443,0x373b,0xb925,0xa87e,0x24b7,0xb5de,
    0x3570,0x2e3d,0x34f3,0x998d,0x35ce,0x2bfd,0x2802,0xad2d,0x3072,0xb5a4,0xb23a,0xb31a,0x33b0,0x3251,0xb5e2,0xa615,
    0x1e28,0xb756,0xac35,0x315f,0xb474,0x35c3,0xac73,0xb082,0xb2ad,0x332f,0xb14e,0x395d,0xb2d6,0xb018,0xac94,0x35d8,
    0x312d,0x1d7f,0x2875,0xa21a,0xa543,0x252d,0xb2da,0x263b,0xa837,0xa506,0x2888,0x380c,0x3609,0x3603,0x21f3,0xab5b,
    0xb648,0xb864,0xad0d,0xad0e,0xab6c,0x3020,0x2e15,0xaac4,0xb5cb,0x2a7e,0x26f6,0x3296,0x2f7d,0x2835,0xb553,0x3401,
    0x384c,0x362c,0x2d2f,0xb1e8,0x202d,0xb5f0,0xb04c,0xb634,0x2c6d,0xb624,0x32c3,0xb5a5,0xa6cb,0x36d2,0x3172,0xa92a,
    0x3615,0xb1d5,0xb337,0x2c48,0xb482,0x2e3b,0xba58,0xb19b,0xb86c,0x2d63,0xada5,0x33bc,0xb45f,0x34f0,0xb2f0,0x380f,
    0x3411,0x3372,0xac4f,0x357d,0x3352,0x3632,0x2587,0xaa3f,0xa912,0x9e86,0x3694,0xb071,0xac33,0xa88c,0xb4ef,0xa968,
    0xaef6,0xad1b,0x3435,0x3944,0xaf08,0xa491,0xacd7,0xb61b,0x2f32,0x3072,0x32f3,0xba7c,0xb2ea,0xad0b,0xab60,0x3383,
    0xb91d,0xabfe,0xad95,0xadd3,0xb216,0x3701,0x2db4,0xb701,0x29a6,0xb5ab,0x371a,0x3459,0xb6f5,0x30df,0x316f,0xb0ca,
    0x278a,0x39ca,0xab00,0xba09,0x3c68,0x350b,0x3499,0xb6f6,0x1401,0x31bc,0xacd6,0x293d,0x352c,0xb08f,0xad4f,0xb18d,
    0xb182,0x3524,0x9b1f,0x361e,0x2d29,0xa5f1,0x30d8,0x2fc5,0x2ade,0x2e5b,0xaece,0xb0f3,0xb438,0xb5ce,0xb741,0xb250,
    0xb4c8,0x30bb,0x3442,0x3770,0x350a,0xaaed,0xb742,0xadc6,0x35da,0xac57,0x262d,0xb3fe,0x34f8,0xb1bd,0x2bf3,0x2f9d,
    0xa7fa,0x332b,0x381a,0x3248,0x3366,0x3772,0x35ad,0x30a4,0xb435,0xb023,0x34a9,0xab13,0x2c35,0xae87,0x28c8,0xb1cf,
    0x2f1a,0x3452,0x2cc6,0x329a,0x3805,0x30f6,0xb74e,0x35ae,0xb2ca,0x3287,0x32bb,0x350a,0xb1de,0x2ca4,0x33f2,0xb0b6,
    0xb735,0x3642,0xb09b,0x33ea,0x34ea,0xa2a7,0x2e57,0x3251,0x33aa,0xb33d,0xb636,0xb497,0xb051,0xb0ab,0xb669,0xaa55,
    0x3255,0x3739,0x33c3,0x32ad,0x2a8d,0xaf72,0xa2c8,0x1a26,0x319f,0x2e7d,0x20e2,0x2b22,0xb6ef,0xb665,0x2d7c,0x2b13,
    0x2b35,0xaeba,0xb5ad,0xb0e6,0x3738,0x2487,0xb10c,0x346d,0x34d0,0xb68d,0xb4ad,0xaefc,0xad26,0x2ccf,0x3507,0xaad0,
    0xb652,0xac9a,0x9cab,0xb569,0xa38f,0xb620,0xb06b,0x3499,0x332e,0xab90,0xb0a3,0xb5c3,0x9ca6,0xac46,0x3508,0x3154,
    0xaf3f,0xadb8,0xaccb,0x2786,0x27c0,0x3991,0x2e3e,0x1f37,0x3538,0xb2be,0xb786,0x38c0,0xa7e4,0x35cc,0x31c4,0xb07b,
    0x3538,0x2a2b,0x2a8b,0xb6de,0x3292,0xb0cc,0x3367,0xb313,0x28aa,0x32e1,0xb03d,0x3923,0x2c49,0x2e39,0x2db0,0x34da,
    0xb715,0x31bb,0xb45b,0x3712,0xb035,0x2e3f,0x2972,0xaf44,0xb879,0xb92e,0xb340,0xb0ff,0x2e77,0xac32,0xb136,0x31ba,
    0xb61a,0xa8e4,0x35ec,0x2ad4,0x379c,0x3212,0x31fe,0x384b,0xadbd,0x3020,0x243c,0xb581,0xb2cd,0xb33a,0x3439,0xa3a3,
    0x3409,0x1600,0x2430,0xb4d7,0x2e18,0xb510,0xab77,0xb553,0x393c,0xa209,0x2c2a,0x376c,0xa520,0x2fbb,0x2db3,0xa1cf,
    0x2e1f,0x2dbc,0x339d,0x2ae5,0x309d,0x29fc,0x2ce1,0x315d,0xb948,0xb0f8,0xaa1b,0x3271,0xb4d6,0xb364,0x3405,0x3052,
    0x39e5,0x3091,0xb84e,0xb5f1,0x3300,0x302c,0xa4c0,0xb597,0x30c9,0xac32,0xaa2e,0xb620,0xb567,0x3113,0xb0dd,0xbaa1,
    0x339c,0xb52a,0xb44c,0xb6e7,0xb5ce,0x2cd3,0x39dc,0xb793,0xaec2,0x2e8b,0xb317,0x363a,0xaa0a,0xb56e,0x3906,0x346d,
    0x33e1,0xb68c,0x2985,0xb5c3,0xb80c,0x343d,0xb1c3,0xb596,0xb5be,0x9d30,0xb61a,0xae03,0xb03b,0x34c7,0x33c2,0x2b9c,
    0x377d,0xb3de,0x3310,0x9ecb,0x321a,0x382c,0x37d4,0xb3df,0xb524,0x209c,0x2d2f,0x31e0,0x36e7,0x33f5,0xb54f,0xa4e4,
    0xb71d,0x3713,0x367f,0xb05a,0xa73a,0x3434,0x3059,0xa939,0x2ff0,0xb14b,0xa192,0x9af5,0xb676,0xb2ba,0x32a3,0x38e9,
    0xb023,0x3722,0x2945,0xb088,0x3059,0x3513,0x2001,0x3470,0x3462,0x2fe0,0x2d1c,0x3867,0xb701,0xa9f9,0x33bd,0xb3d4,
    0xa723,0x2e3a,0xb810,0x2b0f,0xb03f,0x312c,0xac88,0x340e,0x94f0,0x2e7d,0xad08,0x30fb,0xb5a0,0x33f3,0xb3b8,0xa81a,
    0x3403,0xb474,0x2d8b,0xb517,0xb330,0x2c69,0x350a,0xafed,0x3426,0xac18,0x2498,0xa3e8,0xae0f,0xb0aa,0x3545,0x2f3a,
    0xb3cf,0xb0ca,0xaca5,0x376a,0x2aeb,0xb4c8,0xab5c,0x32b1,0xb059,0xb37e,0xb1b6,0xb92b,0xb558,0xb0a4,0x3011,0x2f9d,
    0xb407,0x31a2,0x3570,0x3462,0x31fd,0xb790,0xb0d5,0x34f6,0x3a64,0xb00a,0xb19d,0xb52e,0xb72f,0x3392,0xac3b,0xb503,
    0x3437,0xb2b3,0x2546,0x31a9,0xb1d5,0x33af,0xa93c,0xb73f,0x2cd1,0xb25e,0x2b5b,0x2e13,0xb51d,0x38f4,0x345a,0xad50,
    0xa96e,0x31ae,0xb3b4,0xb35d,0xa8b3,0xae99,0xb796,0xad4a,0x2829,0xaf76,0x333e,0xb5a9,0x331b,0xb36e,0x36ad,0x3375,
    0xab7f,0x36d9,0x1aaf,0xb922,0x3256,0x3293,0xb2d1,0xb7c2,0x37b0,0x2d69,0x342e,0x3896,0x3236,0x37c4,0xa3b0,0xb1f1,
    0xb0a4,0xa26d,0x3388,0xb438,0xa5f2,0x3542,0x342c,0x299a,0xb473,0x32af,0x240a,0xb052,0x3247,0x38fb,0xb0e2,0x31ab,
    0x370b,0xb7cd,0xba19,0x3038,0xb592,0x3697,0x33c1,0xb44e,0xacf1,0x26f6,0xb77e,0xb13e,0x3279,0x368d,0x31e4,0xb303,
    0x3239,0x30dc,0xb7b5,0x20e9,0x34a2,0xb85f,0x380d,0xb79d,0x3447,0x3339,0x2e45,0xb548,0xb400,0xa76d,0xb8a7,0x38fe,
    0x32dd,0x30ba,0x268c,0xb050,0xb327,0x332c,0xb759,0xad36,0xa409,0xb1f9,0x381f,0x342c,0x31a5,0x2684,0xb409,0x323d,
    0xb414,0xb66b,0x31e8,0xad9f,0xab82,0xb49e,0x9a38,0xb172,0xb43a,0x2c1d,0xab48,0xad27,0x3602,0x308e,0xb521,0x2df5,
    0x33af,0xaac3,0xa080,0xb037,0x2f0e,0xb2a9,0xb633,0x3204,0x30c2,0xad16,0xb41b,0x2fb1,0xa1e8,0x36b2,0xb5e0,0xb329,
    0x347f,0xb398,0x2b7c,0xb1df,0xb4a0,0xa9d4,0x3486,0xb686,0x36cc,0x1a7c,0xaccf,0xab95,0xb254,0xb35a,0x3116,0x2eb9,
    0x2e79,0xac30,0x3027,0xb1f7,0x2edb,0xaff0,0x35fb,0x345f,0x318b,0x29f6,0x3656,0xb38d,0xb58a,0xb007,0x3089,0x3245,
    0x305f,0x3448,0x3089,0x3ab6,0x9a9c,0xb094,0xb73a,0x3923,0x28b7,0xaeec,0xb362,0xb434,0x2a6f,0x2e7d,0xaf04,0x2c24,
    0xb0c3,0xb2bf,0xb082,0x2cc6,0x325e,0x3005,0xa4c0,0xad69,0x3450,0x2a0e,0xab6c,0x2c95,0x370e,0xafef,0xae15,0xb120,
    0xb1e0,0xb5aa,0x2d6b,0x2b00,0x37cc,0xa8f7,0x3707,0xa417,0x34c5,0x9f22,0x3142,0x2de2,0xad7d,0x3508,0xb61d,0x3491,
    0x35b5,0xa9cf,0x2d76,0xb869,0xb7c2,0xaaf9,0xadca,0xafcb,0xabfc,0xb910,0xb6fb,0xad55,0xb1f7,0x2ec6,0xa7b9,0x379c,
    0x3724,0x2990,0xac02,0xb8c5,0x2440,0xb62b,0xafa2,0xb33e,0xb6ff,0xa1f1,0x301f,0xb2bb,0x301f,0xb31b,0x2b10,0xaf32,
    0xb4bf,0x3897,0xafae,0x33c0,0x28aa,0x32ce,0x30cb,0xb458,0xabab,0xb1a5,0xa61f,0x227b,0xb2c8,0xa608,0xb508,0x1e09,
    0xaa4e,0xb40a,0x377e,0x3549,0xa252,0xb3a4,0xaffc,0x3463,0xb65d,0x3413,0xa90a,0xb181,0xae9a,0xb09a,0x3524,0xb1ee,
    0xb426,0xac80,0xb5a6,0x31d1,0x3930,0x2bfc,0xb4d9,0x3592,0xb40a,0x350e,0x38f8,0x3489,0xb9d8,0x2cd7,0x2399,0xb212,
    0xa257,0x2aa7,0xb542,0x2bc3,0xb17a,0xb990,0x3977,0x334b,0x3975,0x34e1,0xa62e,0x3378,0x2c5a,0x30ee,0xb641,0x3099,
    0x3472,0x2978,0x33e2,0x28c1,0xb1dc,0xb4ae,0xb57c,0xa854,0x386a,0xb390,0xb2d6,0xaec8,0xa938,0x2592,0x33d2,0xaa9a,
    0xb26c,0x3461,0x30fb,0xb0ff,0xb8ec,0x2fb0,0x2d57,0xb487,0xb5ff,0x2c6b,0xa3e9,0x32a5,0x20e1,0x359f,0x3889,0x3443,
    0xb644,0xb272,0xb2ca,0x9d90,0xa906,0x38b5,0xb4b1,0xb6fb,0x366a,0xb2b5,0x2f16,0xb258,0xb1ff,0x342c,0xb525,0xab2c,
    0xada7,0xb276,0x31f1,0xb44f,0xb209,0x3240,0x3088,0xb147,0xb136,0x358c,0x2d24,0x3209,0xac33,0x383a,0xb070,0x33b0,
    0xaf2b,0xb822,0xb813,0xb3c5,0x317c,0x362a,0xb373,0xac2d,0x38e9,0xb129,0xb4a6,0x3540,0xb2a7,0x34fc,0xb207,0xb372,
    0xaeea,0xb6d2,0xad43,0xb467,0xb344,0xaa1c,0x2943,0xb48a,0x3202,0x32b0,0x300c,0x349c,0x3454,0x3003,0x37e6,0x253c,
    0xb4b7,0x3b04,0x27e7,0x38ba,0xb924,0x3411,0xa0d8,0x3617,0xaa39,0xb63e,0xae34,0xb451,0x3a64,0xac0a,0xb50f,0xa889,
    0xb59d,0x3828,0x3427,0x3481,0x3044,0x34c0,0xa160,0xb3ea,0x38be,0xb154,0xb835,0x2efb,0xb57d,0xb108,0xac90,0xaf41,
    0x38f9,0xa8b8,0x31d1,0xb84d,0xae15,0xb147,0xb938,0xb646,0x345c,0xb419,0x3a4a,0x39c8,0x36fb,0x39d0,0x38a0,0x2b14,
    0x346c,0x2d28,0xb864,0xba9f,0xaf15,0x3010,0xb3ed,0xb4ca,0xb73f,0x3488,0x3450,0xb74c,0xb0cc,0xb4e8,0xacfa,0x3590,
    0xb689,0xb409,0xa8c2,0x333b,0xa369,0x2ded,0x211f,0x300f,0xaae8,0x36da,0xb548,0x318a,0x3292,0xb816,0xb585,0xb3f3,
    0xb6a7,0xac06,0x2d9e,0xb532,0xaef1,0xab99,0x31e0,0xa50b,0x31ae,0xb060,0xad1a,0xb8f5,0xb029,0x334d,0xb4a8,0x2f08,
    0x2fda,0x30c7,0x31d6,0x344e,0x93d5,0xb28e,0x375c,0xb08d,0x3215,0xb9cf,0xa116,0xb4bf,0x3868,0x306d,0xa5cf,0xb4c1,
    0xb75f,0x2f5b,0x31d4,0x3455,0x352f,0x28fa,0xaf50,0x26e7,0xb110,0x34c0,0x3103,0xb850,0xb526,0x391b,0x3268,0xb581,
    0x2722,0xb314,0xaf4b,0xaafc,0x2b37,0x3203,0x1caf,0x2b63,0x1889,0x323f,0xb345,0x327f,0x30c5,0x35a0,0xa556,0xb13a,
    0xb1cd,0xb66e,0xabdd,0xb420,0xb406,0xb3b2,0x36f7,0xa3d6,0x2ec6,0x2d77,0xa91b,0xaced,0xb3d8,0x341f,0xb406,0x85bf,
    0x2f09,0xb6e7,0xb8e5,0x2a4e,0xb4b2,0xb7f0,0xb737,0xb75f,0xb771,0x3a43,0x2fe0,0x27f8,0x35f5,0x36ab,0x33de,0x273f,
    0xb0c5,0xb72a,0x313b,0x2dca,0xb0b1,0xb70d,0x3345,0xb1e9,0x2f37,0x29df,0xa882,0xb9fa,0x396d,0x3a43,0xb23b,0x3167,
    0xaed4,0x342d,0x2e65,0xb6e9,0xb72b,0xb55f,0xb57c,0xb5f6,0x324d,0x348f,0x34b3,0x2eca,0x3176,0x2b64,0x355f,0xb1a0,
    0x35b7,0xac66,0x3539,0xb04a,0x296f,0xb29e,0x2c52,0xb6dd,0xaaf2,0xb446,0x2cb6,0xb86a,0xb041,0x2bfc,0xb318,0x34ae,
    0x364f,0xaa00,0xb1d4,0x2f5f,0x246a,0x2d32,0xb4b5,0xb097,0x38c8,0xb078,0xad7e,0x37f2,0xb562,0x2bcc,0x2edd,0xb28e,
    0xaeef,0xb1fd,0x2f04,0xb610,0xb519,0xae6e,0x344a,0xb603,0x2a60,0x2fcf,0xac71,0x2cff,0x2b35,0xa9af,0x3524,0x2f2b,
    0x2c26,0xb7d3,0xb08f,0xb413,0x2ddd,0x2f55,0xb18f,0xb59b,0x34c8,0xb0d3,0x341f,0xb3d5,0xac74,0x2e73,0x2ebe,0x311c,
    0x2e15,0xa8f0,0x3314,0xb5aa,0xb906,0x34e1,0xb658,0xaeb2,0xb5d6,0xac1b,0xad32,0x2eba,0x28b8,0x3547,0xb335,0x365a,
    0xb0d9,0xaf63,0xb1d7,0xaddd,0x30c9,0x3251,0xaa93,0xb2c8,0x1e22,0x34df,0xa8ec,0x355b,0x2fce,0xb30e,0x2e24,0xb58f,
    0x31d4,0xae61,0xb363,0xb5cd,0xb1d0,0xb03f,0x354d,0xb222,0xae45,0x2764,0x2cd8,0xa919,0x2bee,0x2935,0x30c4,0x260a,
    0xadbc,0x2421,0xa9a6,0xabec,0x2eb2,0x341d,0x170c,0xabb8,0xb00d,0xb043,0xad62,0xb42f,0x2410,0x2bc0,0x3487,0xa905,
    0xaaa0,0x22dd,0xb008,0xa952,0x1ad1,0xb056,0x2831,0xab33,0xa0f1,0xadc5,0xb2cc,0xb6d7,0xaa8e,0xaefe,0x378a,0xab21,
    0x28eb,0xaf6f,0xae27,0x2999,0x2e97,0xab7b,0x3516,0xa60d,0x366d,0x328c,0xac1b,0xaded,0x31e0,0x3487,0x309c,0xaead,
    0x2d32,0xb86d,0xae22,0x25c1,0x3120,0xacff,0xb348,0xa8b8,0xaeab,0xab79,0xb003,0x257e,0xa965,0x2dbd,0xaff8,0x3067,
    0xafe2,0x2942,0x2c62,0x2f12,0x31a3,0xa5a5,0xa6ce,0x2af5,0xadcb,0xae0a,0xb193,0xa597,0x9eac,0xaaf0,0x3372,0xa5dd,
    0xac6f,0xaf1b,0xac1c,0x1046,0x8901,0x3495,0x1c88,0xa84c,0x2a84,0x2b3d,0x2e0d,0xad6b,0xb5be,0x2ccd,0x9930,0x22d6,
    0x1ae3,0xb041,0x9f29,0xac1a,0xae71,0x307c,0x3111,0x9ed8,0x3273,0x2f3b,0xad43,0x2f27,0x2bb9,0xb40f,0xa0fe,0x2c4e,
    0xa960,0xb3b2,0xa6d9,0xa0d8,0x2c51,0x24c4,0x2d14,0xac67,0x9bd7,0x2cf5,0xaf3e,0x36d7,0x2b63,0xa7cb,0x305e,0x2861,
    0x2b34,0xac46,0x2c5a,0x2bf6,0x1c2f,0xacbe,0x291d,0xb009,0xa139,0x28a7,0x9d16,0x33a4,0xad15,0xaad2,0xa4d4,0xb0ef,
    0xb26a,0x308c,0x335a,0x285f,0xa5ed,0x24bf,0xa8b6,0xa108,0x2a18,0x25b7,0x2063,0x31f7,0x20e3,0x3035,0x29cb,0xa851,
    0xb1c7,0xabc1,0xac60,0x300b,0x35bf,0xb3c7,0x3140,0xb1af,0x32b6,0xb3f7,0x2c9c,0xac1c,0x1f47,0x2620,0xaef2,0xa047,
    0xb1fc,0x3030,0xa14c,0xb0db,0xb3d9,0xa8b0,0x2da7,0xa52a,0xb330,0xa4de,0xb530,0x2c3f,0xb4ac,0x31cd,0x2af6,0x2716,
    0xa98c,0x9dee,0x27f5,0x2529,0x9f9e,0x2f41,0xb208,0x22c9,0x2b71,0xb29a,0xaff6,0xb0b9,0xb147,0xb05e,0xae6d,0x298b,
    0xb414,0xb089,0xb244,0xaace,0xa8a7,0xa1a3,0xb029,0xb146,0xaee9,0xaa36,0x26fe,0x3074,0x315e,0xadc4,0x32c2,0xb402,
    0x2a9a,0x2f7e,0x2642,0xaf62,0xa8b0,0x2b81,0xaa9b,0xb036,0x2d47,0x2c76,0xadf2,0x2b25,0xb10d,0xae56,0xa5cf,0xb1bd,
    0xaec0,0xb10e,0xa6ec,0xaa13,0xb121,0xaa75,0xb17c,0x181a,0x2ba5,0xb1c4,0x2c2f,0xaf1a,0x2cce,0xb327,0xb403,0x9c15,
    0x278f,0x2ca3,0xb09d,0x2d03,0x34f6,0x2dce,0xac5d,0xac4a,0x331c,0xb039,0xab8e,0x2861,0x18b7,0xad29,0xac86,0xae9b,
    0xad63,0x1a3d,0x1be1,0xa2fc,0xb3fc,0xb4f8,0x2e62,0xb15f,0x3609,0x2273,0xab7b,0x29cf,0xa9ec,0x325c,0xb0f4,0xa7ef,
    0x29a1,0xa29c,0x24e8,0xa9e8,0x2c88,0x2b12,0x2a4c,0x2acf,0xa8dc,0x2cfe,0xb2a4,0x2b4d,0xb089,0xb2ed,0x32a2,0x9c53,
    0x20b5,0x33f5,0x2ba7,0xacbc,0x26f0,0x2103,0xaf28,0xa976,0xb19b,0x2e5f,0x321b,0xaeca,0x18b4,0x29bd,0xb19d,0xa4f3,
    0xaea4,0x24e7,0x234f,0xa303,0xb1f0,0xacd4,0x2b76,0x308d,0xb404,0xa80a,0x9e81,0x30ee,0xadd7,0xaecf,0x2e78,0x22bd,
    0xa4e4,0xae0f,0xafdf,0xb101,0xb2f0,0x1c71,0x2f1f,0x25cc,0x2683,0x2c85,0x2f78,0xaaa9,0x284c,0xb590,0x9f1a,0xa70d,
    0x319b,0x2bac,0x32e2,0xa73c,0xa959,0x2e3d,0x2f87,0xafb3,0xafae,0xa4d6,0xa3fe,0x29c4,0x1598,0x294f,0x333e,0xac83,
    0x2ccc,0x3669,0x2e7c,0xae11,0x9d83,0xb001,0xb3b2,0x9e55,0x2f5d,0xb0f3,0xac79,0x2b09,0x2d76,0xa03f,0xb17e,0xb078,
    0x2b1f,0xb067,0xa2ae,0xaa5d,0x311c,0xb281,0xb4c1,0x31a7,0x3456,0xb60c,0xaa9a,0xad57,0xa037,0x2eb5,0x2c0e,0x29f1,
    0x9bbb,0x25b8,0xa4a7,0x2aaa,0xa748,0xab7a,0x3619,0xb345,0xae40,0xaf35,0x305f,0xb66e,0xae36,0x261a,0x2ecb,0xa677,
    0xac62,0x3148,0x2963,0x241f,0x233c,0x2fc8,0xb4ae,0x2a68,0xb436,0x2c28,0x228b,0xa0fc,0x308e,0x319f,0x2fda,0xa0a5,
    0x3004,0xb0a5,0x2d97,0xb043,0xac05,0xaef1,0x264c,0x8f1f,0xaeef,0x21ec,0xaf08,0x32df,0x2bc2,0x3381,0x30f3,0xace2,
    0xaaf7,0x3087,0xb801,0x348f,0x30c8,0x35e2,0xad24,0xaa10,0x2fa8,0x3544,0xaee7,0x2d3a,0x2014,0x2cc1,0x3227,0xae5c,
    0x2d24,0xae6e,0x26b8,0x2e8b,0xb05d,0x2d8b,0xa676,0x2caa,0x2acc,0xad78,0x2c53,0x289b,0x3234,0x31db,0x3518,0x26cb,
    0x28d7,0xa296,0xa95e,0x241d,0xb223,0x27dc,0x306e,0xaa03,0x2eb4,0x2a00,0x9707,0xb098,0xb331,0xaf1b,0x21ce,0x2136,
    0x282c,0x28d4,0x2e9d,0xa3c0,0xa887,0x2ec1,0x1eed,0xaa5f,0xa504,0x30c9,0x2f89,0x35db,0x2f11,0x24eb,0x30ae,0x34cb,
    0xadb3,0x2041,0xa120,0x3166,0xa510,0x2ed6,0xab82,0x284a,0x3028,0x280b,0xa895,0x2c96,0x206f,0x270a,0xb12c,0x30d8,
    0xb008,0xaa61,0x3411,0x2ac9,0xb0a3,0x3071,0xad58,0x23a3,0xae21,0xa975,0xac0f,0xaad6,0xadfe,0xb074,0x30c2,0xa7bd,
    0x30aa,0xab17,0xadfd,0x2f63,0x33e4,0x30bb,0x2d44,0xa658,0xa71d,0x332e,0x3157,0x2147,0x9d5f,0xa802,0x2937,0xa0dc,
    0xaf3d,0x2716,0x99d0,0xad29,0xa9c7,0x2988,0x9ced,0xa9c3,0x3415,0xa83d,0x30cd,0x2d6b,0x341b,0xab54,0x2cfb,0xb1e4,
    0x2773,0xabf9,0x2add,0xaaaf,0xac71,0xb214,0x317d,0xaa36,0x2aa4,0xb5cd,0xae95,0x2dbf,0xb2b2,0xa598,0xb164,0xa3e6,
    0xa4d0,0xa25b,0xa783,0xabc4,0x2bc9,0xa47b,0xb498,0x3205,0xa9b5,0x2c85,0x2b74,0xb3cd,0xaf67,0xadd0,0x3558,0x2fbd,
    0x2db0,0x2dd8,0xb2d3,0x3075,0xab51,0x311b,0xafe2,0x3256,0xb4be,0xaf05,0xa9eb,0x2e24,0xb091,0xb4cc,0xa4cb,0xa879,
    0xa2b0,0x2e84,0xb06f,0x3273,0xad81,0x278d,0x2dad,0xa4d2,0xa068,0xb321,0xaf63,0xacd5,0x318e,0xb416,0xafed,0xa429,
    0xaf6b,0x2c7e,0xa81c,0xa563,0xa7ff,0xb3b6,0x2c49,0xa872,0x2c09,0xaa35,0xaa4d,0x2b48,0xa605,0x237c,0xb487,0xb2cf,
    0xb653,0x3147,0x2d2d,0xb1f9,0xace7,0x2def,0x2b02,0xa2b3,0x2c9f,0xa672,0xb766,0xa624,0xb04b,0x2b42,0xb029,0x2ba3,
    0x2b00,0x24f8,0x290e,0x2111,0x2ba2,0xb89a,0xb045,0x1efb,0x24e1,0xb48a,0xae5a,0x2b3f,0xa98d,0xaf85,0xb26d,0x1fac,
    0xabaf,0xadab,0xa30d,0xa66a,0x2c57,0x2d88,0xaac1,0x16db,0x20ca,0xb0c2,0x33e2,0x37c9,0xb5e3,0x2588,0x3193,0xb00b,
    0xab17,0x28f9,0x2c49,0xa749,0xab82,0xae01,0xb00d,0xad3b,0xb6af,0xafe9,0xa57b,0x95d3,0xacbb,0xb35b,0xab29,0xa788,
    0x2f14,0x2056,0xb011,0x3185,0x16b3,0xab33,0xb306,0x244c,0x2b69,0xa3f0,0x3495,0x2827,0xb011,0xae8f,0xaba1,0xa9bb,
    0x2e1f,0x1517,0xabc0,0xb350,0xa301,0xaedc,0xac15,0x2ceb,0xadd2,0x2da6,0xae94,0x2a0c,0x2293,0x2ec0,0xaec3,0xb1d8,
    0x26aa,0xaff6,0x273d,0x2f7b,0xaf39,0xa577,0xb299,0x2f3e,0xb3c4,0xb5d4,0xb643,0x2aa4,0xb240,0x3250,0x2537,0x2671,
    0x2b96,0x2cf8,0x14b8,0xa4f2,0xb17a,0xa466,0x2cfe,0xa989,0x2c18,0x3317,0xb27f,0x3365,0x352e,0x2b96,0x31be,0xaee7,
    0xa7a8,0xb158,0x3072,0x1731,0xa952,0x2680,0x3041,0xa54b,0xae3d,0x29ba,0xb431,0x2b0a,0x1669,0xb4c6,0xacee,0x3372,
    0xa830,0xa2ba,0x3022,0x3173,0x2b36,0x3359,0xb12b,0xabf5,0x2b0b,0x2644,0xa862,0xae5b,0x2115,0xabd7,0x313d,0xa87c,
    0x2d5f,0x35ff,0xb361,0xb231,0x1ca6,0x2d50,0xb742,0x9d82,0xa890,0x970a,0x358f,0xa588,0xac81,0x35de,0x27ec,0x2c73,
    0x9e08,0xa8c8,0x3242,0x33d8,0xa1d8,0x2488,0xb1a8,0xa2c1,0xadcb,0x332a,0x27c4,0xa4cb,0xa0e1,0x2684,0x3023,0xa9b1,
    0x348e,0xaf52,0xb051,0x237f,0x2e0b,0x354e,0xb074,0x2239,0xb41d,0x30e7,0x3339,0xadac,0x2b8f,0xb09d,0x2f2f,0xa853,
    0x2418,0x233b,0x2705,0x2cca,0x31b9,0x301e,0x2dad,0xad42,0x217e,0xb06e,0x2e73,0x3187,0xac45,0xa213,0x3132,0xa37d,
    0xb452,0x331f,0x2de7,0x2ec3,0xa90a,0x2d40,0x28b5,0x3203,0x28d0,0xaf1d,0x3093,0xa35d,0x3463,0x11ff,0xb0ba,0xab58,
    0x2e79,0x2ec6,0x32c2,0xac84,0x25d6,0x3083,0x2b09,0x3241,0x3439,0xb14c,0x2bcf,0xaa95,0x3138,0x2b73,0x3166,0xaf6f,
    0x2c6d,0x2d6c,0x2537,0xaf74,0xaeff,0x24ae,0x2f31,0xa48f,0xa53e,0xa8b5,0xaca4,0xa8ec,0xb0b2,0xb21a,0x2b3e,0xab66,
    0x2dbc,0x30bf,0xb1b5,0xafa3,0xaa09,0x32cf,0xb16c,0xa0e6,0xa9ac,0x2938,0xad85,0x2ffc,0x2471,0x2e32,0xafbe,0xb159,
    0xa580,0xacc5,0x2ebd,0xaece,0xb07e,0x3460,0xa635,0x2c9a,0x2f7f,0x2bfc,0x334b,0x286a,0xab4a,0xac9f,0x28c3,0x2a0f,
    0xa4a8,0xacaf,0x2739,0xa883,0x1544,0x36ef,0xaf1c,0xb1c0,0xb074,0x29f2,0x297c,0x2d0c,0x2a72,0x2e93,0x2d43,0x2a94,
    0xb2c3,0xaf92,0xb517,0xa542,0xa632,0xb229,0xad07,0xa7c6,0x9fb5,0xaaa2,0xac65,0x31a6,0x2b91,0x1d76,0x384d,0xa128,
    0x2766,0xb023,0x2173,0xb005,0x2d6d,0xb485,0x1b52,0xa8d4,0xb202,0xacf8,0xae74,0xa7e7,0x2285,0x3328,0x2a22,0xb18b,
    0xb0e2,0x32e7,0xb33c,0x2810,0x2104,0xa860,0x2daf,0xa1bb,0xb1df,0x31a2,0xb5d3,0x2e55,0x2fd7,0x32a2,0xb119,0x2cd1,
    0xb014,0x2907,0xb783,0xb3f8,0xb52e,0xac8c,0x29c8,0xafed,0xa9a6,0xb082,0xa068,0xab0c,0xa7ea,0x2014,0x2d97,0xac87,
    0x2945,0xa080,0xa56c,0x27f3,0xb37d,0x2b02,0xa8c7,0xabc7,0x2e8a,0x2af3,0x2d35,0xab4a,0x9cde,0xa441,0x33d5,0xb223,
    0xacb9,0x29b0,0x9da3,0xa9ce,0xada4,0x3531,0x32f3,0xb06c,0xb08c,0x2cac,0x1c9e,0x2f46,0xb1b3,0xa878,0x212e,0xa520,
    0x2422,0xa1ed,0xb40b,0x2d5b,0xab79,0x143c,0x2914,0x26f0,0x2625,0x31b8,0xb257,0xb389,0x304f,0x24c5,0xac14,0xad24,
    0xa69c,0xab58,0xadba,0x2a4d,0x3033,0x33db,0xb3b2,0x2adb,0xab7c,0x296d,0xa435,0xae5a,0x99db,0x355f,0x33d9,0xa70e,
    0x24e2,0xb0a6,0xac41,0x2e86,0x306c,0x32a8,0xaeed,0xa267,0x2c67,0x1f23,0xb1d0,0xaf53,0xa817,0x2359,0x2f10,0x2a4f,
    0xa7ab,0x31cf,0xb58e,0x31fa,0xa70e,0xabef,0xb103,0x2531,0xa8eb,0x2a78,0x3212,0x9c93,0xa72d,0x2a0d,0xac94,0x2bcb,
    0x30aa,0xaf85,0xa110,0x34be,0x299a,0xa954,0x2b59,0x2f8a,0x2f24,0xa56c,0xb124,0xb1a3,0x3144,0xb708,0x2f00,0xa76b,
    0x25e6,0xb1b2,0x2c77,0xa2a0,0x30e0,0xace0,0x2e72,0x28cc,0x98b2,0x3136,0x2da7,0x3498,0x2c45,0x26a3,0x9e3a,0x2c6d,
    0xb013,0x34a6,0xb0af,0xa404,0x2ece,0xa9cb,0x3013,0x31a1,0x32db,0x2acf,0x2cb5,0x2f14,0xad21,0xae5d,0x2077,0xae04,
    0xa256,0xa604,0xad03,0xadec,0xa4bc,0x2d6b,0x344c,0x343e,0x2c91,0x2f51,0xa905,0x2d8c,0x2d13,0xade6,0x2c8a,0xa68e,
    0xadb9,0x33a7,0x2cbf,0x3821,0x2de4,0x2c79,0x370c,0x9fe3,0x303c,0x1bfc,0x3551,0x2c64,0xa3c8,0x3433,0x28da,0xa61e,
    0x27dd,0xaea6,0x34ce,0x32aa,0xb1c9,0xb2b5,0xb0f7,0xb37f,0xac2a,0x9b3b,0x311a,0xad20,0x226c,0x2d81,0xb31e,0xac31,
    0xae45,0x23b6,0x26e6,0xb3b0,0xb10b,0x2e00,0x31f3,0x2cd0,0xaeee,0x1f7e,0xad5c,0x1b41,0xa97c,0x22ce,0x33f6,0xa7e6,
    0xa745,0x2942,0x1f10,0xac29,0x317d,0xaca6,0xb2c6,0xab13,0xa7fc,0x31ec,0x2a39,0x3593,0x3358,0xae82,0x25c6,0xa3f4,
    0x2e00,0x26cf,0xb642,0x1ce9,0xaa67,0xaa28,0x31f1,0xa9af,0x2b97,0x2df8,0x9d73,0x38fa,0x2110,0xaac1,0x35d3,0x9fce,
    0x3225,0xb267,0x29ea,0xa821,0x1e77,0xb061,0x20c4,0xb191,0x2850,0xa817,0x22b6,0xadea,0x2b2d,0x2ac5,0xb150,0x2c61,
    0x2b0d,0xadf9,0xb4cb,0x98cf,0xad4d,0x1a52,0xaf4f,0x998b,0xa599,0x2835,0x2d2e,0xb177,0xaf13,0x3496,0x1e51,0x2dde,
    0xae02,0xa2b3,0x30e5,0x35ca,0xa77a,0xb183,0xa81a,0x3246,0x221a,0x3518,0x2b80,0xb2d2,0x13e7,0xad86,0xace5,0x2973,
    0x33ec,0x20a1,0xafb3,0x264a,0x2eb3,0x24eb,0xa812,0xaf52,0x2dac,0xa06a,0x2dba,0xad1c,0x3100,0x2f7e,0x2eb0,0xa9f3,
    0x2803,0xa42e,0x22cf,0x2930,0x2c1e,0x324b,0xa4f0,0x2805,0xaaa5,0xb611,0x2da0,0xad99,0x30f0,0x3085,0xac34,0xac39,
    0xa82e,0x2956,0x12b0,0x25f8,0x27fb,0x2af6,0x265c,0x2b22,0x2cc7,0xb0c2,0x30b5,0x3277,0xb278,0xb0c5,0x3700,0xb08c,
    0x2b62,0xaee1,0x31fd,0x2bff,0xad6a,0x30c7,0x244a,0x2fab,0x2f99,0x2556,0xac78,0x24d0,0x29f3,0x3465,0x270b,0x2fc4,
    0xa64e,0x385d,0x3870,0xacba,0x2d5b,0x97d0,0x2ed3,0x93e1,0x29e3,0xaf34,0xae2a,0xb589,0x2ec4,0x276f,0x2710,0x311f,
    0xac05,0x2f19,0x3429,0x34ad,0xad6c,0xac29,0x9d71,0x2840,0xacdb,0xb025,0x275f,0x2d7e,0x184f,0xaf2f,0x2cbf,0x2b3f,
    0x1de6,0x22d9,0x2ac9,0x2d47,0x26d2,0x2a96,0x26ca,0x23d7,0x3194,0x2a9a,0x3109,0x29fc,0xb02c,0x2043,0xb7c1,0x9545,
    0x2ad3,0xab74,0x9f2e,0x293d,0xb147,0x28ee,0xae18,0x2953,0xa893,0xb1d1,0x295e,0xa9ef,0x3464,0x3045,0x34d5,0x2f4e,
    0x2814,0xb4bf,0xacde,0xa506,0xa4c3,0x1c75,0xac66,0x30cd,0x2d73,0xacef,0x2d8a,0x2f40,0xaffe,0x2dc9,0xb0d6,0x2dd7,
    0xad0f,0x0bbb,0x2dc2,0xb186,0xa08f,0x9d5d,0x3469,0xa5e2,0x2e8e,0x2b80,0x29fa,0xa773,0x280e,0x2f2f,0xb0e1,0xb165,
    0xaf72,0xb404,0x2cbd,0x2cd0,0xafb4,0xa9e8,0x21a0,0xa3e0,0xb4bc,0xaf1f,0xac94,0x2aa5,0x229b,0xb065,0x2a6c,0xa3f5,
    0x2fad,0xab3b,0xa78f,0xae3c,0xb0a1,0xb134,0x2b28,0xa9bf,0xad4a,0xb227,0xae67,0x2a43,0x20e3,0x0223,0x2d36,0xacdb,
    0xb65f,0xacdd,0x22f3,0xb4ec,0xad9b,0xa7b2,0xac0b,0x2b4c,0xa984,0x3000,0x2e09,0xac0d,0xb73e,0xb038,0xa9ce,0xaeab,
    0xa636,0x2ed6,0xa9b1,0xa883,0xb56c,0xafc4,0xb098,0x26da,0xaf1f,0xb090,0x2adb,0x2d4e,0x3075,0x3137,0x30e0,0xa81a,
    0xac8b,0xb3a8,0x30cc,0x2d30,0xa83e,0xa48c,0xacee,0xade6,0x2f33,0xa865,0x1ebe,0xaae6,0x9f4b,0xb1cf,0xb0f4,0xac8b,
    0x3083,0x2e4d,0x30d1,0x3436,0xa560,0x1592,0x3103,0xa942,0x3896,0x334b,0x93e9,0xa2e1,0x2eba,0x3041,0x375e,0xaef1,
    0x3304,0xb096,0xaf75,0xb14d,0x289e,0xac7d,0x294a,0x19ba,0xacca,0x9d13,0x27c4,0x2cc2,0x2704,0x2efb,0x201a,0xad5a,
    0x2fc7,0x2ebc,0x2c1d,0x31f0,0xac50,0xb2bc,0xac1c,0x3293,0x3200,0x2c21,0xa929,0x263d,0x274f,0x25db,0x32ea,0x2f84,
    0x2eec,0xb261,0x2ee1,0xae3c,0x2fa1,0x28c1,0x2a34,0x2a2f,0x216f,0xaf7d,0x325e,0xafd2,0x2ea3,0x2d01,0xace1,0xb242,
    0x2b9d,0x1f70,0x2af7,0xb02a,0xb08c,0xaf9f,0x2c32,0x3297,0xafe7,0x2c0b,0xafd4,0xa9dc,0xb422,0x2c0c,0x27f6,0x27b9,
    0x2985,0xafbe,0x2f54,0x2476,0x28e7,0x2775,0x2ad3,0x35c8,0xb02d,0xaa27,0x3324,0x3828,0x30cb,0x2697,0xa69b,0x2dff,
    0xaf65,0x2061,0x316b,0x301d,0x1936,0x2e19,0xab36,0xb148,0x3419,0xa87f,0x248e,0x2974,0xb2d6,0x30ea,0xab5d,0x21c7,
    0xac86,0x35ab,0x298d,0xb2af,0xb1d1,0x240a,0xb354,0xa131,0xb284,0xac11,0x33f5,0xb36b,0x2ee5,0xadc7,0xae24,0xac62,
    0x24de,0x2fb4,0x354a,0x9f7f,0xad88,0x3400,0x3417,0x2dd9,0x30bc,0xb0bf,0xa9f0,0xaacf,0xa095,0xa245,0x2bf5,0x3089,
    0xae71,0x2d1c,0x1e32,0xaa4d,0xb2ad,0x2b4c,0xa9d7,0x20f2,0x3298,0xb056,0x24e5,0x300b,0x2e43,0x2f53,0xb138,0x304f,
    0xa93c,0x2a17,0xab53,0x1f37,0x34ee,0x2f4b,0xa875,0x2d35,0xaf63,0x34d8,0x2063,0xb05d,0xaf52,0xaa04,0x2634,0x2369,
    0xa5f0,0xb0a2,0xa7bf,0xa993,0xaccc,0x9b53,0xb0b0,0xb534,0x9dee,0x2c6d,0xa580,0xb5d3,0xb427,0x2e59,0xb01e,0x31bc,
    0xad02,0x3145,0xb228,0xb254,0x2646,0xaf94,0xb437,0x303c,0xb283,0x9d3b,0xadc3,0x2c6c,0xae8a,0xb4af,0xb31b,0x2814,
    0x9fa8,0xb83b,0xb1c9,0xb065,0x3229,0x2c3d,0x2d30,0x0e3c,0xb022,0x1eca,0xaea2,0x3053,0xb2a3,0x34ec,0x2905,0x2c5b,
    0x30a4,0x24f3,0xadc9,0x2eed,0xaf14,0xafcc,0xb39d,0x28b5,0xa167,0x305f,0x2dad,0xafc9,0xa072,0x2401,0xb3ad,0x3230,
    0x2a3e,0x303b,0xaedb,0xa0f4,0x2d1b,0x218c,0x2ae0,0x323b,0x32cf,0xadd7,0xb3b6,0xa775,0x2d55,0xaf72,0x3540,0x2c50,
    0x2681,0x9b60,0xa4b7,0x3430,0xafbf,0xb1d0,0xac3c,0x30b9,0x2ccd,0xb5b2,0xb154,0x1775,0xb3ff,0xac81,0xb2bf,0x2d68,
    0xb4b5,0x16bb,0x355f,0x28aa,0x27c6,0x2f43,0xaf29,0xad83,0xac93,0xa926,0x345b,0xafd0,0x2fc1,0xaf8f,0xb3e8,0xb118,
    0xb1e9,0x2ed6,0x2864,0xafa5,0xb084,0xb0e9,0xb2c2,0xa7f7,0x2cd0,0xa8a8,0x2c50,0xa85f,0x20a0,0x314d,0xad3d,0xa9b2,
    0xb049,0xacc7,0x2d6e,0x2c8c,0xb0c9,0xa0d7,0x2871,0x1b09,0x953e,0xad6b,0xa62a,0xae38,0xa48f,0xb020,0xae5e,0x9da4,
    0x2c6b,0x2c92,0x9f19,0xae29,0x299f,0xb645,0x2cb6,0xa7b1,0x2c25,0xaccc,0x26a3,0xabea,0x2423,0x296f,0xb0f6,0xaf75,
    0xb0ea,0xa05c,0xa15b,0x3020,0xb1be,0x2e85,0xadf7,0x27b7,0x343c,0xb064,0xaa02,0x1bae,0xad58,0xabb7,0xab58,0x3088,
    0x2446,0xb098,0x2d8c,0xadd1,0x1936,0xb4dc,0x29c8,0x2c7b,0x1fcb,0xb340,0xb067,0xb068,0xa980,0x26d5,0x2eaf,0x2a66,
    0x2abf,0xb019,0x3103,0x970e,0xad26,0xace1,0xac8c,0xb353,0x2de2,0x2cc2,0x2c75,0xae1a,0xaadc,0x2c6d,0x320c,0xac5b,
    0xa84c,0xa748,0xb0b0,0x2f47,0x2554,0x25eb,0xae77,0xa786,0xb214,0x171e,0x3037,0x2c70,0xae73,0xb62a,0x2c9d,0x3042,
    0xb460,0x9f63,0x2e10,0x3195,0xb116,0x2d1a,0x3038,0x1fcb,0xb130,0x9b4b,0x2167,0x2ef0,0x9fa8,0x2b6e,0xac5e,0x26f3,
    0xadb8,0x2bb7,0xb196,0x3603,0xb166,0xb478,0x2fec,0xb1f7,0xa93d,0xa84e,0x2ca6,0xa367,0x9d32,0x21ba,0xa7dc,0x2d59,
    0xb40e,0x30a4,0xa4be,0xb317,0xaad4,0xb096,0x2cd9,0x309e,0xb44a,0xb275,0x285b,0x94d4,0xaee7,0x2a63,0xa29e,0x27ec,
    0x2a61,0x25be,0xa368,0x2d5e,0x2168,0x358b,0xaeb5,0x33ee,0x2997,0x21b3,0xad64,0xaf0a,0xadcd,0xad9b,0x323e,0x26fd,
    0xa362,0xa8a8,0x12f5,0xa144,0xa8b7,0x1f97,0xadb8,0xa1f1,0xa05d,0x2822,0xaa77,0x3540,0x353b,0xa86d,0xb607,0x241f,
    0xaff1,0x29de,0xb0cc,0xad3a,0x2f17,0xb0ce,0x2d4b,0x2fd9,0x30b4,0x25f0,0x2df7,0x3074,0x9c2c,0xa750,0xb10f,0xaf7c,
    0x230e,0xada2,0x33ed,0xadf5,0x2db3,0xae57,0xb1b1,0x1db8,0x3066,0x23c4,0x305b,0x3435,0x26fa,0xb094,0xadf0,0x2ff9,
    0xa70e,0xa43d,0xaf14,0x364d,0x272f,0x334f,0x2c3d,0xac9a,0xadf1,0xa794,0xac45,0x2d1f,0x2128,0xab10,0xb030,0x2fcc,
    0x2c9a,0x2038,0x2e45,0xa8a8,0xa5b4,0x25ca,0x29fe,0xab73,0xb2af,0x2722,0xa63f,0x2958,0x325f,0xab04,0xaae9,0x2296,
    0xaa4a,0xa549,0xabf8,0xa94c,0x36db,0x3017,0x2e3a,0xa632,0x28a7,0x29e2,0x294f,0x3051,0x311d,0xa556,0x30da,0xadee,
    0x2b0e,0x2ed1,0x2e0b,0x2ce4,0xafbb,0x2cc9,0x2623,0xae84,0x3222,0x25c5,0xa4a5,0xb4df,0x2f7c,0xacb6,0xb511,0x3173,
    0xabd5,0x208a,0x2c62,0x26ed,0x2d1a,0xad55,0x30a3,0x3263,0x1dd9,0x25d3,0xad11,0xad7f,0x3353,0x314d,0x2426,0xa0c5,
    0x27ef,0x2e36,0xae68,0x2c5f,0x264b,0xa8a6,0x329c,0xa834,0xb3ba,0xa71e,0xaf9c,0x3390,0xad5f,0xa88e,0xa0d0,0xa52a,
    0xa13b,0x2ce3,0xb345,0x2963,0xb180,0x37cd,0xad3e,0x2acf,0x3144,0x343b,0x2f7a,0x29f8,0x9f23,0xac7b,0xa757,0xaa6c,
    0x1bb7,0xac15,0xa2c7,0x3398,0xaad6,0x2b26,0x9ee5,0x1c5b,0xb0a3,0xaee8,0x2b4a,0xa973,0x35cb,0xb10f,0xad62,0xb05c,
    0xab93,0xac97,0x275f,0x2132,0xb5dd,0xacee,0xb326,0xb1ad,0xad2d,0xb0dc,0x2e5c,0xad43,0x9f6c,0x2ec7,0x2aa1,0x3090,
    0xac58,0xacbb,0x32d3,0xacf2,0x175d,0x296d,0xb4c1,0xafd7,0x9c1b,0xae66,0x2db2,0xb225,0xae2a,0x30a0,0xb789,0xad3b,
    0xae0b,0x24f9,0x3271,0xb1ed,0xaee3,0xb2ac,0xb32a,0x2a01,0xa833,0xaf35,0xa178,0x2b5e,0xab09,0xb627,0xa4c2,0xad8d,
    0xad50,0x317f,0xa42b,0xb40d,0xa38e,0xa9b4,0xb207,0x20d9,0xb096,0xb135,0x285d,0xb177,0xa35f,0xafa8,0xaf7d,0xaa88,
    0x31e9,0x2d66,0xa42e,0x238a,0xb148,0x2fbc,0x283b,0xab8b,0x2260,0xadd7,0xa50e,0xab23,0x9e39,0xad31,0xabc8,0xb1da,
    0xab24,0x2c30,0xadd9,0xad3e,0x2840,0x2daa,0xb083,0xaad0,0xaace,0x9f68,0x2da8,0x1d25,0xb291,0x2b5f,0xb142,0x21bc,
    0x24ba,0x3235,0xa869,0x317d,0x3362,0xb21c,0x2c8c,0xa1ef,0x2762,0x2e18,0xb015,0xb1c0,0x225b,0xb198,0xb46f,0x2517,
    0x2c8b,0x28ee,0xaa80,0x2d34,0xb044,0x9c8f,0xa8e7,0x19b2,0xac71,0xa159,0x3106,0xb08e,0xac61,0x265b,0x2dc7,0xb23f,
    0xadf6,0x29b4,0x33d8,0xaf43,0xaa80,0xacc0,0xac71,0x2d9b,0x319a,0x2383,0xaeb9,0xa1d0,0xaa4d,0xb286,0xa167,0x245a,
    0x2e01,0xb1ec,0x35d2,0x31ee,0xad23,0x9ccc,0x2f37,0x9556,0x9d14,0xab3c,0x2499,0x31c4,0x315d,0x20fb,0xa8d3,0xad63,
    0x2c97,0x1f52,0xa0f9,0xb876,0x3599,0xb401,0x3002,0x2fc6,0x2df2,0x2fb0,0x3088,0x286b,0x2a4b,0x2c78,0xab2c,0xadff,
    0x30b9,0xa3bb,0xab61,0xa699,0xa488,0xa46f,0xad92,0x9b44,0xb244,0xb126,0x2473,0x2f0b,0xb30a,0xadf6,0xb4c1,0xa53b,
    0x9dd0,0xacce,0xa683,0xae4e,0x2b45,0xb1b5,0x26dd,0x33d5,0xa672,0x3529,0xb120,0xa6cc,0xa318,0x2af2,0x34e5,0x1574,
    0x249b,0x2e83,0x3170,0xa6d8,0x28dd,0x26f4,0x2f20,0x2afe,0x2b4c,0x311d,0x30a0,0x2c56,0xa854,0x9cfd,0xb5a5,0xab7b,
    0x2468,0x2d06,0x31e8,0x2538,0xb028,0x27b8,0xae3e,0x291c,0x340f,0x1cd4,0x30c8,0xa37e,0xa52d,0x2e58,0x2d84,0x325b,
    0xaa6c,0xae12,0xae37,0x286f,0x293f,0x223a,0xb0b0,0x9e49,0xafbc,0x3028,0x2d50,0xacd1,0xac39,0x31ac,0xb02e,0xaf11,
    0x2d44,0x2cd9,0x285d,0xb1d1,0x2819,0xb0d1,0x288e,0xaddf,0xacb0,0xb005,0xa426,0x20d4,0x25fb,0xa5b1,0x2021,0xaa5d,
    0x32c7,0xad04,0x22bd,0xad39,0x3299,0x28f5,0xa814,0x25a8,0xaf26,0x1adf,0x31f0,0xad8b,0x208f,0x254d,0x298e,0xa93a,
    0xab05,0xa0c3,0xac90,0x1c60,0xac32,0x33e3,0x377d,0xb2b0,0xb3f9,0x2128,0x34c5,0x3266,0xa458,0x2409,0x2d8b,0x2dcb,
    0x2a45,0x2c1f,0xad62,0xa35c,0x2b07,0xa846,0xa5db,0xaad4,0x2327,0x31f6,0xb4ba,0x34d6,0x3042,0xa932,0xaed3,0xab89,
    0xac41,0x2a40,0xa81f,0x2d33,0x325d,0x3353,0xa90a,0x2faf,0x269e,0xa390,0xaf2b,0xad44,0x2757,0x309a,0x2653,0x2cf8,
    0x299f,0x2c11,0x2533,0x2f44,0xaa5d,0x2d22,0x9a15,0xa494,0x29b8,0x26b9,0xace8,0xaf35,0x21c5,0x2d80,0x2bc7,0x2f92,
    0x31a9,0xac6c,0xa7ab,0xa6f9,0xadff,0x3538,0xaa78,0x3293,0xb118,0x2520,0x2cf7,0xa359,0x9e46,0x2951,0xa1b0,0x2436,
    0x22ed,0x311c,0xa48b,0xa1a8,0xadfd,0xaedd,0xa51a,0x2bc7,0x2328,0xa294,0x2846,0x2af0,0xa623,0xaec7,0xa760,0xa84d,
    0x123a,0x2ec1,0x26a6,0x2a81,0x3259,0xaf94,0xb097,0xae28,0x3437,0x2ce6,0xb27f,0xafc9,0x2ee3,0xb08a,0xb1d0,0x2375,
    0x3030,0xb470,0xb41d,0x915f,0x9c12,0x20ef,0x29b9,0x2c61,0xad39,0xa49e,0xa845,0x2e93,0x146a,0x2c02,0x386e,0xad70,
    0xadab,0x2590,0x28fd,0x9985,0xab93,0xb0cc,0xaa75,0xb62d,0x3402,0xa9f7,0x2c44,0x9ac5,0x1b75,0x2a04,0x313f,0xb0f8,
    0xafb3,0x2c68,0x31ba,0xb154,0x292c,0xb307,0x30b5,0x9d12,0xaca8,0x2ac8,0xac7e,0x2c68,0x336e,0xaee4,0xa890,0x21cb,
    0x2e4f,0x2902,0x31aa,0xa58b,0x27bc,0x3305,0x2ddb,0x2948,0x2871,0xa5d1,0x24ea,0xa505,0xa5ac,0x2b69,0xa572,0x2895,
    0x32e6,0x3035,0x2d3c,0x2cbd,0x3067,0xa960,0xa851,0xaf68,0xb49c,0xa71e,0x2854,0xa82a,0x32df,0xb50b,0xb351,0xa488,
    0x277b,0x2d74,0x9943,0xb226,0xad66,0x2d9c,0x30e7,0x2eec,0xa69a,0x333e,0x252e,0x365d,0xaa01,0xa74c,0x239c,0x9c9f,
    0x32a5,0xae8b,0xad1f,0x2a0d,0xa932,0x2f65,0xa8fb,0x2826,0x25a2,0xaa27,0xa912,0xb02c,0x2ee9,0x2478,0xb41e,0x276e,
    0x2921,0x1e5a,0x25b5,0x3079,0x2e9c,0x2f75,0xafe4,0x95a2,0x348c,0x29ae,0x2970,0xa938,0x2a1c,0xb04a,0x3106,0xa891,
    0xa823,0x2547,0xa9ae,0x2c2a,0x2b67,0xa6d7,0x3157,0xa5cb,0xaa7d,0xa447,0x259f,0xadba,0xaeef,0x27f1,0x2c39,0xacba,
    0x2db9,0xace9,0x23ad,0xb011,0xafde,0x333f,0xac21,0xb060,0xadbb,0x30b0,0x2a94,0xa637,0x2695,0x1dd7,0xb107,0x1775,
    0x28eb,0xb09b,0x27fc,0xa919,0x288f,0xa8f0,0xb43e,0x2a5d,0x28ba,0x9e9a,0x332b,0xa886,0x2ce1,0x2d01,0x35a0,0xb3f5,
    0xa7dc,0xae18,0xa83a,0x2900,0x302f,0x2c31,0xb457,0xaf1a,0xaa27,0xaccd,0xa675,0xa869,0x27e1,0x2b9b,0xb192,0x25e7,
    0xaf60,0xa65f,0xb0da,0x961f,0xa9e7,0xadb8,0x3020,0xa532,0xaa4f,0xa826,0xa249,0xb061,0x2849,0xb1fd,0xa8e0,0x3361,
    0x2956,0xb61e,0xa890,0xa69a,0x2a80,0xb795,0xb1c4,0x313a,0xaf62,0x2cd1,0xad3e,0x2116,0x2eaf,0x247b,0x30b6,0x245e,
    0xac1e,0xae98,0xb393,0xa837,0xaa02,0xac0d,0x3484,0x2106,0xaa78,0x2798,0xac96,0xacb6,0xae33,0x31d9,0xaa26,0x2f54,
    0x2d4f,0xb08a,0x3558,0xaae6,0xadb4,0x94f5,0x1c75,0xb349,0x2c8f,0x2f9a,0x2d07,0x2d6d,0xa49d,0xae13,0xa67b,0x2bff,
    0xabc3,0xb549,0xaa1d,0x335e,0xb284,0xad7b,0xac36,0x2a2f,0x3259,0x2778,0x2ff7,0xad83,0x35e9,0x2b22,0x2fa5,0x1566,
    0x2c43,0x3107,0x263c,0x9f5d,0xb5ec,0xad23,0xb438,0xa81e,0xad92,0xaf35,0xadcd,0x2da9,0x30b4,0x2c66,0xb4d3,0xa24d,
    0x2dc7,0xac0c,0x2cb2,0xa05e,0x2ab2,0x2095,0x2d48,0xac12,0x2c3c,0xab8f,0x2878,0x28e9,0x305b,0x318c,0xaef2,0x2e19,
    0xb068,0xaf08,0x30bf,0x2e29,0xaace,0x2ec4,0xacd8,0x2a6d,0xb3ea,0x2f15,0x2c68,0x2cf1,0xa30f,0x3555,0x2e63,0x3020,
    0x321b,0x305b,0xa937,0xb1d0,0x25a2,0xa944,0xb552,0x1d8c,0x2b41,0x2933,0xb46a,0x3206,0xa4cf,0x2ccb,0x2ccc,0x253d,
    0xa678,0x1ddb,0x9ae8,0x1842,0xae73,0x1979,0x20fd,0x320f,0xa913,0xac17,0xa3cb,0x218d,0x9b0b,0x1036,0x28eb,0xad0f,
    0x3108,0xa8c4,0x29aa,0x352f,0x2b25,0x305f,0x1d27,0x250e,0x327a,0xa9bd,0xb10d,0x2f5f,0xb118,0xb0bb,0x258b,0x31ff,
    0x218b,0x2b9d,0xa865,0x2bda,0x9f65,0x2efe,0x3121,0xa39c,0x241d,0x3666,0xa234,0x341e,0x314d,0xa3ad,0xa4ee,0x219b,
    0x311a,0xa845,0xb61b,0xa587,0x1a91,0xa88d,0xb1ce,0x3238,0xaebf,0xa4f9,0xb381,0x358b,0x3118,0xa21c,0x3592,0x31ae,
    0x2967,0x35b5,0xacb2,0x23d2,0xb031,0xa661,0xb083,0x228b,0x3306,0x251d,0xaef9,0xaabc,0x9809,0x2b3a,0x2963,0x2962,
    0x2f41,0x30af,0x3060,0x3343,0x303c,0x945c,0x30d1,0x18ca,0x3410,0x321d,0xa8ee,0x2c3c,0xac94,0xa3cb,0x286b,0x2958,
    0x3095,0xad96,0x2fc7,0xaee8,0xac97,0x2eeb,0x30df,0x2ff8,0xa832,0xa8ac,0x2df4,0xabcc,0xa5c1,0xac15,0x3227,0x3102,
    0x2d15,0x2d10,0xb14b,0x11e3,0x328d,0xb03f,0xb25f,0xb0aa,0x3424,0x35b6,0x2860,0x24d6,0xaccf,0xae83,0x2d63,0xaa8c,
    0x2e47,0x3c17,0x34cc,0x2d5b,0xb535,0xb2fe,0xbc68,0xb9a7,0xb52d,0xb94b,0xbc5f,0xbd82,0x3755,0xbb0d,0xb215,0xb9f8,
    0xbb5e,0xbea4,0x1250,0x2a0e,0xb8a1,0xa931,0x2fb2,0xbe94,0x33d9,0xbd95,0x30f5,0x3502,0xa132,0xb617,0x3916,0xb180,
    0xbdf8,0x39fe,0x392a,0xbc47,0xbc71,0xbde8,0x3310,0xbe4a,0x34f6,0x3981,0xb84a,0x38c7,0xc062,0xae6e,0x2aee,0xb96b,
    0x35b6,0x3672,0xbc53,0xb8af,0x3825,0xbc5c,0xbdab,0xad66,0x368e,0xbb47,0xb705,0x38b5,0xbbcc,0x371c,0xb9ba,0xbe06,
    0xb8ca,0xba70,0xba9f,0xbbda,0xb415,0xbb9e,0xbc19,0xbc4e,0xbb09,0x28e2,0xbc0a,0x36b3,0xb1ec,0xafd8,0xbac7,0xbc71,
    0xbc4f,0xb75a,0xb714,0x3c6f,0xb487,0xb287,0xbcbf,0xbbd4,0xbc5a,0x3c37,0x3536,0xb0fd,0x390e,0x3ce4,0xb42e,0xbb3a,
    0xac52,0xb256,0x35f7,0x2840,0xa5be,0xa848,0xa9e8,0x349c,0xb0df,0xaa78,0xb3d4,0x2550,0xb597,0x3a08,0x3072,0xb2a1,
    0xa3b7,0x2f86,0xa891,0xb8fb,0xb931,0x28f3,0x2f82,0xaacc,0x2b1d,0xb68a,0x2686,0xab81,0xa917,0xb1c2,0xabf7,0x3113,
    0x2bc6,0xa925,0xa557,0xb571,0xa6ac,0xaac4,0xa874,0x393f,0xa958,0xb035,0x9bf0,0x25e5,0xa448,0xa3db,0x2c3d,0x226a,
    0x31f7,0xa916,0x9bf0,0xb42b,0x2a41,0xb907,0xaf99,0x34ac,0xac1b,0x31e8,0xac3d,0x223b,0x31cc,0x2c14,0x3002,0xa930,
    0xabac,0x30e2,0x2c91,0xa38b,0x2971,0x287b,0x2caf,0xb27d,0xb202,0x381c,0xb14e,0x36cd,0x3d47,0x3145,0xb528,0xb3af,
    0xaa9c,0xaa88,0x34e9,0x2ae8,0xb5e5,0xaa24,0x32f2,0x32b9,0x9e58,0xa9a9,0x2fc6,0xac38,0x304f,0x24c8,0x1d77,0xb17c,
    0x33cc,0xac53,0xacfa,0xa39e,0xa738,0xaab1,0x2c28,0x290d,0xb121,0xaac1,0x293f,0xabae,0xa9a5,0x34da,0x3010,0xaee6,
    0x30c5,0xb803,0x2840,0x3305,0xaf33,0xa486,0x2fe5,0x2c3c,0xa9aa,0x304f,0x9c6a,0xac8d,0xb11e,0xb488,0x2785,0x29a1,
    0x2da2,0xabb9,0xab3f,0xb01b,0xa99e,0xacf7,0x2803,0x3993,0xa127,0x2651,0x3205,0xabb0,0xa82c,0x285f,0x259a,0xa927,
    0x32c2,0x26a1,0xa9f2,0xb230,0xa9c1,0xb8ce,0xac6a,0x31d2,0xaef1,0x3917,0x92c4,0xac4c,0xacf1,0xab5e,0x2d98,0x2c7a,
    0xaed4,0x376c,0x2653,0xa738,0xa9b1,0xad5c,0x288d,0xb1ea,0xb43d,0xa7ad,0xb446,0xa43d,0xbced,0xb13e,0xb002,0xab39,
    0xb07f,0x3125,0xb963,0x2a7f,0xb0c2,0x9d90,0xaf2a,0x303e,0xa846,0xafe5,0xa82b,0xb615,0x32a1,0x2810,0x2d7a,0xb14c,
    0x3462,0x2d76,0xb579,0x2a97,0xa138,0xaf5e,0x30bc,0xb126,0xb3ab,0xb054,0x2b42,0xaf20,0xabe4,0x345a,0x3229,0x2adb,
    0xab06,0xb834,0x2afe,0x3619,0x38d7,0x3479,0x2e3c,0xb05a,0x22d1,0x3738,0x9fab,0xa0c4,0xaaf6,0xaee1,0x283a,0x393c,
    0xb607,0xa363,0x2d96,0xb505,0xac06,0x3aa6,0xa6c5,0x3825,0x28df,0xb4cf,0x2ad8,0xabdf,0x2669,0xaa34,0x2c6d,0xae38,
    0x3410,0xa7d6,0x14af,0xb0d0,0x243f,0xb5a9,0xa90f,0xaa46,0xb01d,0x366b,0x9e3b,0x2a91,0xbb58,0xb4ff,0xb058,0x375f,
    0xad86,0xb148,0x2c77,0xa20f,0x2ad6,0xafc5,0x282a,0xb23f,0xb597,0xabb5,0xb473,0xb426,0x3b53,0x3a45,0x2cc5,0xb068,
    0xb40c,0x2e52,0xbf3d,0x2320,0xada9,0x2133,0x31ff,0x3641,0x2aa3,0xb51c,0xb08b,0xb655,0x347e,0xa5bf,0x28df,0xb4ea,
    0x2b1e,0x2d7b,0x30e9,0xad46,0x2bb7,0xb069,0x2dad,0xb1fd,0xb08e,0xae2b,0x9d3a,0x31b5,0xb0f1,0x36dd,0xaedb,0x30a4,
    0x29cd,0xb26a,0x29df,0x3738,0x2c81,0x355e,0xaf17,0xae64,0x3049,0xb05b,0x2579,0xa4c9,0xb0c4,0x2ce4,0xa567,0x3754,
    0xac38,0x28a5,0xaa24,0xb384,0xac4b,0xb664,0xabcf,0x375c,0x22f6,0x2c2f,0xae91,0xac2e,0x2d3a,0xaeef,0x939f,0x2c1a,
    0x3429,0xa3ee,0xaf4a,0xb2ec,0xa7b5,0xb6a7,0xacf3,0xbe45,0xaf7b,0x34b0,0x2c90,0x26fc,0x25ae,0xafaf,0xae38,0x34c5,
    0xad94,0xb7b6,0x1d79,0x276f,0xafcf,0x9041,0x2bf4,0xb3b9,0xac61,0xae1e,0xb312,0xa6bf,0xb4d9,0xaf88,0x2752,0xb22c,
    0xb29b,0x20e5,0xbd86,0xac95,0xb23e,0xb0e2,0x2dc2,0x3288,0x9169,0xb05e,0x2dd3,0xae6f,0x34ae,0x2565,0xa4f5,0xb049,
    0xa819,0xaf16,0x33f8,0x2df8,0xac2c,0xade6,0x9479,0x978d,0xb239,0xa35f,0xb0c4,0xa6f1,0xaf69,0x3c22,0xa992,0xb1b5,
    0x3448,0x3802,0xad9e,0xad8f,0xb871,0xaf17,0xb3b4,0x2f9f,0xa9c4,0xb7f2,0x1fba,0x228a,0xa7b5,0x274e,0x267e,0x330f,
    0x302a,0xb22f,0xb044,0xb438,0xb13a,0xab71,0xb093,0x35fa,0x2342,0x2299,0x1ba8,0xae69,0x2cb7,0xae13,0x28ed,0x2cc2,
    0x33d5,0x2c96,0x3181,0xb44a,0xb17f,0xbae4,0xa709,0xb855,0xa04d,0x3806,0x2d0d,0xa576,0x2e6e,0x2159,0x3431,0xac9f,
    0xb10b,0xbc08,0xa67b,0x2b54,0xabc6,0x2d53,0x261b,0xab99,0x323a,0xb4da,0x2d65,0x34ce,0x405c,0xb6f5,0x3296,0xb3dd,
    0xb180,0x29f2,0x3054,0xa424,0xb79c,0xb3b0,0x3740,0x34ae,0x2e21,0xa5b9,0xaabf,0xade0,0x31a6,0x2b61,0xab7f,0xacfd,
    0x3598,0x2f7e,0xb79d,0xb3fc,0x2aa7,0x216d,0xae8c,0x335c,0xb5e2,0xadf5,0x333a,0x30a9,0xb29e,0x36f8,0x285d,0xb3e0,
    0x2a09,0xb1b8,0xac16,0xbc63,0xbd61,0x8c54,0x2b91,0x2d79,0xb52d,0x2f6f,0xa4d5,0xa28a,0x8d8e,0xb07b,0xac09,0xb38e,
    0x3279,0xac6c,0xab48,0xb29a,0x30b8,0x270c,0xae24,0x30ad,0x2d16,0x3102,0xad55,0x3338,0xac32,0xa108,0xb359,0xa4ca,
    0x309a,0x26cb,0x31f9,0xb09a,0xacdc,0xb84c,0xb2cb,0xc339,0xaba5,0x3439,0x279a,0xad98,0x3182,0x2c73,0x35d9,0xad97,
    0xb1e1,0x39c6,0x30b2,0xac3f,0xac06,0xa125,0x250d,0xb60e,0xb4ab,0x3766,0xb1cd,0x349d,0xbbd9,0x3650,0xb612,0xb0ef,
    0xb04c,0xaf4d,0xb895,0xafc2,0xaf4f,0xae30,0xb9a6,0x32ab,0x2f9e,0xa82a,0x3797,0xb761,0xad40,0xa883,0x2b09,0xb23b,
    0xae3f,0x31ef,0x376f,0xb295,0x2f7e,0xaab1,0x2b94,0x1c28,0xa8fc,0x2314,0x2d0a,0xa4e2,0x3185,0x3506,0x3181,0xb889,
    0x31e1,0xb58e,0xaf66,0x351c,0xb84c,0xb67e,0x2c30,0xae76,0xb226,0x3622,0xa67d,0x9f84,0xabab,0x2baf,0x2536,0xadb7,
    0x3451,0x3870,0x2aa6,0xb558,0x2f2b,0x3826,0xac94,0x36f7,0xae43,0xb612,0xaf9c,0xac3e,0x2e9d,0x1902,0x9680,0x358f,
    0x3096,0xb220,0x33a3,0xb16e,0xad38,0xb1f1,0xb2c8,0xc428,0xb10f,0x38e4,0x2d26,0xb1ed,0xb6a3,0xac2a,0xad61,0xa67e,
    0xafad,0x32f6,0x2fbf,0xb054,0x29dc,0x1aab,0x305d,0xaa98,0x332a,0x2fae,0xad63,0x2bd2,0xc481,0x3e5f,0x280b,0xaf00,
    0x254f,0x1e3b,0xbdad,0xb060,0xb3cf,0xafe7,0xb88c,0x332f,0x3348,0xb2fc,0x371a,0xb73e,0x28a4,0xacf7,0x35dd,0xb68d,
    0xb3c7,0xaf76,0x381d,0xb20a,0x1e32,0xadb6,0x30ea,0xb14e,0x2ada,0xa84c,0x2b06,0xae78,0x2c33,0x3454,0x385b,0xbb61,
    0xac66,0xb46c,0xb4ea,0x3a88,0xb9dc,0xb8bb,0x2e38,0xb6ce,0xb481,0x3849,0x2d71,0x2c95,0xb4ee,0x36cf,0x2324,0x3191,
    0xb6a7,0x2d81,0x34ed,0xb50f,0x3080,0x3bd6,0xafa6,0x31df,0x29b7,0xb048,0x2949,0x2756,0x3647,0xb0d7,0xae2b,0x3491,
    0x2d0e,0x34c4,0x392a,0xaff7,0x1aa1,0xaa0d,0xb25c,0xbf6a,0xa82c,0xb6b2,0xa4f7,0xaee2,0xbde6,0xb40e,0xb53b,0x3780,
    0xa7de,0x2895,0x2b7f,0xb1bf,0x351d,0xa95f,0x2d22,0xa9ec,0xad29,0x9df0,0x2712,0xa53d,0x4535,0xbb6b,0x33e1,0xb45f,
    0x9f7e,0xac0f,0xb68d,0xaf7a,0xb89b,0xa48f,0x348b,0xbae1,0x313e,0xb38a,0xaf6b,0x94e7,0xab43,0x2ca0,0xb2bd,0x25bb,
    0xadf7,0xaebf,0x9cab,0xb58c,0x2b6c,0xaa32,0x2810,0x2c58,0xb1a8,0xaca4,0xa58f,0x2a3a,0xaf32,0x3525,0x2d8f,0xb8ff,
    0xaeed,0x9c65,0xa165,0x3a0c,0xbac5,0xb70a,0xa45a,0x3650,0xaf0f,0x2990,0xa0b1,0x2c1f,0xb03e,0x3342,0x25d2,0x2f99,
    0x3397,0xb559,0x2c6d,0xb55a,0x293e,0x388d,0xa849,0x2f90,0x2734,0xb133,0xb045,0x304e,0x9aa0,0xa483,0xacf0,0x3527,
    0x3130,0x3100,0x3924,0xab1d,0xacdc,0xb5a0,0xb173,0x3419,0xb132,0xb9a4,0x2b55,0xad08,0xa5b0,0xadc4,0xb71c,0xb0e3,
    0xb2f2,0xb844,0xab06,0x3162,0x1fb0,0x2cba,0x2b94,0xabe3,0xbc92,0xad41,0xb04a,0x35f2,0xb834,0xbc40,0xb107,0x282b,
    0x2493,0xafa2,0xb913,0x2890,0xb58f,0xb26e,0x3a4a,0xb062,0x30b4,0xb01e,0xb227,0xb68c,0x2f6c,0x2dae,0xb436,0xb4e0,
    0xa69d,0xb2a1,0xaa4e,0xb260,0xaa95,0xb447,0xa5bf,0xaa69,0xb4e5,0xad3a,0x3303,0x31d4,0xadda,0x369a,0xaec8,0x347f,
    0xacc3,0xb1e4,0x2c54,0xb422,0x2acc,0x3234,0xac26,0x374f,0x2c62,0xb720,0xa414,0x2a42,0x3054,0xb507,0x2f2a,0xb403,
    0x2ac1,0xb021,0xacba,0xaf32,0xb117,0x36d6,0xacde,0x2eb7,0x2d77,0xb534,0xb187,0x3441,0xa369,0x32c6,0xaeb1,0x27b7,
    0x3030,0x9f00,0xa03e,0xb0d9,0xb541,0xb6da,0xb0f3,0x45cd,0xac74,0x29a7,0xaec7,0xb439,0x248b,0x2c70,0x3414,0xb8af,
    0xb2eb,0xbca2,0xaa79,0x3104,0xacfc,0x2d07,0xa0bd,0x29d1,0xb7d2,0xb4e2,0xb33f,0x34f2,0xbe0e,0xa52b,0xb2e8,0xadc5,
    0xb1bc,0x2683,0xb8b0,0x31fb,0x28d7,0xa8d3,0x3d25,0x2d71,0x313f,0x1d07,0xb2af,0xaedd,0xac1c,0xae1b,0xab64,0x2c56,
    0xab09,0x388f,0x419b,0x2c07,0x2b43,0x29af,0xa7ce,0xb584,0xb34f,0xb118,0x3b2d,0x359c,0xb3e0,0xb455,0xb12a,0xbad2,
    0x351d,0xb06c,0xad21,0xbf52,0xc0b2,0xb540,0x3098,0x17fa,0xba66,0x152f,0xa17c,0x20a2,0x240c,0xb123,0xaf5b,0x287a,
    0xac4b,0x372c,0xb37a,0xb188,0x28e6,0xb182,0x37d3,0xb52f,0x345d,0x2f54,0x28d4,0xb07c,0x2efe,0x2a01,0xb62f,0xb1b8,
    0xa932,0x2db4,0xb226,0x2d8e,0x2d42,0xae0a,0x2d8d,0xbd39,0xb4db,0x3422,0x2e1f,0xb068,0xb45a,0x2930,0x3445,0xb658,
    0xaba6,0x3fbe,0x3665,0xb027,0xb258,0x25d6,0xb8d5,0x2763,0x2d95,0x3070,0xaf3e,0xb931,0xc41f,0xb34a,0xa639,0xaa1d,
    0xb58d,0x2474,0x296f,0xb257,0x384a,0x2e40,0xba1e,0xb20c,0xae1c,0x2d54,0x30b7,0xbb93,0xa944,0x2c90,0xa930,0xb3ea,
    0xc06b,0x3849,0x3cde,0xb8a6,0x2fb0,0xae18,0x2dba,0x2508,0xad1e,0xab31,0x3a51,0xacb0,0xac04,0xaed7,0xb3d1,0xb6e8,
    0x2896,0x3788,0xb019,0x3639,0xbede,0xb5b8,0x3468,0xb46f,0xb3ae,0x395e,0x2928,0xa875,0x1422,0xb569,0xa946,0xb0af,
    0x33d8,0xb47b,0xb056,0xb1b5,0x33fe,0x3450,0x3650,0x3394,0x295b,0xae4e,0xbdfb,0xb677,0x3c64,0x9e63,0x31ac,0x3579,
    0xb06d,0x37a0,0x3144,0x2efc,0xb19e,0x3549,0x36b5,0x4775,0x29fd,0x373a,0xad64,0xa4fb,0xaa9f,0xa858,0xb27e,0xb2cd,
    0xa52b,0x3cc9,0x375e,0xaf47,0xac99,0x3133,0xb7a3,0xb04b,0xb49d,0xad53,0xaf1a,0xb6fc,0xbb02,0x3e79,0xb1d6,0xa891,
    0x2989,0x2e35,0x2887,0xae27,0x2d6c,0x2eeb,0xb8f7,0xbcd3,0xac47,0xabdd,0x2a3e,0xaef3,0x9909,0x2c26,0x3796,0xb1df,
    0xb0f1,0xb492,0x3d66,0xb21d,0xafb6,0x9f1a,0x3030,0x35b1,0xb498,0x25fa,0xa67a,0x28fd,0x32f2,0xb11d,0xb4e2,0xbd10,
    0xb71e,0x3825,0xab68,0x3e8c,0x3a85,0xb656,0x3342,0x3d31,0x34c7,0x3c28,0x380a,0x2001,0xb6d4,0xb5c5,0xa87e,0xb4ca,
    0xb97e,0xb063,0x3262,0xbad3,0x3c27,0xb066,0xb60a,0xa869,0xb156,0xa971,0xb9ba,0xad64,0x3aa9,0xaeee,0x29c8,0x24dd,
    0xb60f,0x310a,0xb57c,0xa40e,0x3363,0xbc43,0x2d2f,0x467c,0x2d36,0xb8ee,0xa8a7,0xb5a2,0xb92e,0xac6b,0xb308,0xb548,
    0xb18e,0x37a8,0xb1fe,0xb472,0xa9ad,0x355f,0xb146,0xb71f,0x3cea,0xad51,0x8d3b,0xb56c,0x4963,0xbbe2,0x353a,0xb8bd,
    0x2f08,0x29b8,0x4038,0xadfd,0xac26,0x3521,0x38d4,0x3408,0x3425,0xb095,0xadf0,0x35e7,0xb2ba,0x3025,0xb291,0xb3c5,
    0xb9cb,0xb811,0x349d,0xb879,0x2df6,0xb0df,0x35a7,0x31fa,0xabc9,0x228a,0x36cb,0x34da,0x30a4,0xb28c,0x271d,0xaaf3,
    0xb297,0x30fd,0xb4ee,0x385b,0x3a17,0xb9cd,0xb588,0x3e3f,0xaa98,0x3afb,0x2cc3,0xb10f,0x2dc3,0xb519,0x2140,0x1de9,
    0xb11a,0xae33,0x2c14,0xb4b8,0x38e0,0xb170,0xb15c,0x2c3d,0x2a6c,0xba6d,0x318e,0xb6d7,0x3901,0x2ee3,0xb170,0x3a08,
    0xb2a1,0xb011,0x31c6,0x31c1,0x9e28,0x35b1,0x22ea,0xc990,0xa7b8,0xb7d9,0x3a65,0xb10d,0xaf33,0xab65,0xb932,0xbb58,
    0x3550,0xb72f,0xab70,0x326f,0x376f,0x2cb5,0xb7eb,0xb567,0x38fa,0x9fbc,0xa96a,0xb5e5,0x44d0,0xb9cd,0xa6a0,0xa613,
    0xa954,0x3219,0xaba7,0x2c35,0x3554,0x144d,0x2d26,0xbd55,0x35f9,0xa977,0xaba6,0xb8d3,0x96e3,0x347f,0xb699,0xa878,
    0xb343,0xb5d1,0x3816,0x25db,0x2eb8,0xb0dc,0xaaae,0xae93,0xb0f8,0xa171,0x38f2,0x36c2,0x28c9,0xb06f,0x2d78,0x325d,
    0xacc6,0xb113,0x23ed,0xbc4b,0x3d0c,0xb311,0xb739,0x366d,0x3046,0xb565,0x2a5d,0xac4d,0xa98b,0xb6ac,0x355e,0xaff1,
    0xb0ad,0x224a,0xb54b,0xb0b9,0xa01b,0xa6d5,0xae2a,0xb142,0x259f,0x3191,0x28ce,0x2f79,0x346a,0x34d2,0xb2f9,0x344d,
    0xaf6c,0xa3d6,0x2d33,0x384d,0xb330,0x3130,0xad8b,0xc247,0xb188,0x3004,0x351c,0xb132,0xae1a,0x2c1f,0xb462,0xbc0c,
    0x373d,0xbbb2,0xabb6,0x303a,0x34a4,0x2582,0xbb57,0xb3b9,0xa235,0xaa36,0xad2c,0xb722,0xb854,0xb9e8,0xb785,0xaea4,
    0xb467,0x3172,0xb4ca,0x3835,0x368d,0x9c90,0xb97d,0xad51,0x3269,0x2897,0xb015,0xb89c,0xac95,0x308d,0xae8c,0x31b8,
    0x30fe,0x2feb,0x362f,0x30a4,0x314a,0x9c6f,0xa8c2,0xb825,0x2f8f,0xb16e,0x2a09,0x2e9a,0xb5f6,0xb173,0xace5,0xb77c,
    0x34d3,0x2a71,0x2415,0xbcf5,0xbdc7,0x2d7e,0x25a0,0x331b,0x30bc,0xb540,0x99bd,0x1ef2,0xaf48,0x2c0d,0xae97,0x306c,
    0xb7c2,0x30d0,0xb1b9,0xa373,0xb094,0xb57a,0x3475,0xaf72,0x21d9,0xb7c6,0x2d30,0xb8b0,0x2397,0xa9f7,0xb196,0xb54b,
    0xacd1,0x320e,0xb04c,0x29d0,0x30a2,0x3090,0x3359,0x3d9d,0xb2a6,0x2dcc,0x29e1,0xb03f,0xb13f,0x2c50,0xb1d3,0xaf06,
    0xb072,0x342b,0x221f,0xa3f9,0x281e,0x2922,0xb7f2,0x387e,0x322c,0x2c26,0xb10f,0xbc48,0xa983,0xaf34,0x34f0,0xb0b5,
    0xb165,0x3229,0x314b,0x9d5d,0x2dd4,0x34a7,0x3691,0x2c84,0x9b11,0x2ac2,0xa925,0xb003,0xa7b0,0xa722,0xa96d,0xa600,
    0x3787,0x305d,0xbb41,0xb4c0,0x3363,0x1c16,0x2da4,0xb859,0x3301,0xaf11,0x29c5,0xae47,0xafbb,0x9a8f,0x1bc0,0xb4b7,
    0x34af,0x37ec,0xacf2,0x3128,0xbf7d,0x33ad,0xa437,0x35bb,0x3429,0xaa57,0x30ca,0xaf0e,0xadcf,0xb3f7,0xab9c,0x2ed9,
    0xb52b,0xb921,0xaad9,0x3306,0x330d,0xb7fd,0x32b1,0xae87,0x2647,0xb62f,0xb78b,0xb142,0x32ac,0xa76a,0x2a78,0x260e,
    0xaeb0,0x277f,0x22d5,0x2423,0xb000,0x3c7a,0x348f,0x461e,0x2d07,0x3759,0xb03a,0x2b5e,0x324e,0x21b5,0xb51f,0x31f2,
    0xad00,0x3930,0xadbb,0xad41,0x2cb0,0x2caa,0xae70,0x3651,0xb2ab,0xac15,0xad5e,0xb827,0x2c27,0x2fd0,0x32c4,0x2cdf,
    0x290f,0x365c,0x39e3,0x112a,0x2971,0x304e,0x304c,0xb691,0xa8e6,0x2c22,0xab3b,0xb393,0x2d9e,0x2b28,0xa4cd,0x3414,
    0xb606,0xadc5,0xbb0f,0xb7d9,0x2ef9,0xa83f,0x38c2,0x3a42,0xab4c,0x2c57,0x3288,0x2ffb,0x2dd5,0xb09a,0xa0f8,0xb507,
    0x307a,0x3c09,0xb225,0x3508,0x3d66,0x37b5,0x3091,0x3cfd,0x24e5,0x3bb8,0x2912,0xadda,0xaf1d,0xb3ca,0xacbf,0xb199,
    0xbbcb,0xb1bf,0x2907,0x3bfc,0x38b0,0xba1c,0xa455,0xb478,0xaf87,0xb410,0xbcfb,0xb08c,0xa8ed,0xaad2,0x305d,0x386a,
    0xb106,0xb1d7,0xb064,0x2806,0xb540,0xb4e1,0x319b,0x432e,0xa4dd,0xb5b0,0x2677,0xaad6,0x3123,0x1bf0,0xb88d,0x3244,
    0x3c1c,0xb21c,0xac30,0xae13,0xb015,0x2d41,0xb33a,0xb007,0xb4ee,0x2794,0xb025,0xb985,0xc55a,0x36cb,0xaa62,0xacc2,
    0xa698,0x35e8,0x3f17,0x979b,0x2dcc,0x3462,0x350e,0xacf7,0xb4a9,0xaa79,0x2c68,0x332c,0x1990,0x3234,0x2998,0x31c9,
    0xac94,0xb3f1,0x3142,0xb42b,0x2fb3,0xad48,0x2c39,0x399f,0x2cb4,0x29e9,0x2929,0x3008,0x302a,0xb2d1,0xa78f,0x2db1,
    0xa8c1,0x3899,0xac10,0xad7d,0x3e8f,0x2c20,0xab55,0x3489,0xb191,0xadeb,0x2ceb,0xa9a2,0xac65,0xb13b,0xa397,0x121a,
    0xb9af,0xa7c8,0x25ae,0x3353,0x2db4,0xb40e,0x276f,0xb02b,0x1e57,0x38a3,0xb651,0xb026,0x9f91,0xb046,0xa4fc,0x368f,
    0xaf6f,0x2f70,0xa30f,0xa030,0xb832,0x3b0e,0x32a3,0x357a,0xaccb,0xb8db,0x2f73,0x1061,0xa0cc,0x2754,0xafdd,0xb26f,
    0x39fe,0xbb3f,0xaf17,0x2b87,0xb3b9,0x3457,0xa900,0xb23e,0x3211,0x24f6,0xb41f,0xb961,0xc101,0xb644,0xb528,0x3071,
    0xa123,0x326a,0x30b4,0xa01d,0x2cb3,0x315d,0xb83d,0xb8d8,0x2cf7,0x2c2c,0x2cd1,0xb3b6,0x2857,0xab53,0xa374,0xb108,
    0x346c,0xacab,0x3b1d,0x31dd,0x31b0,0x20be,0xa651,0x2d9e,0x307d,0xa3e1,0xa416,0x33e7,0x2c51,0xb5d9,0x2cdf,0x36c5,
    0x302d,0xac47,0x167b,0xbb75,0x3d1a,0x2964,0xb04e,0xb4d4,0xa9cf,0x2c79,0xac78,0xa793,0xa5bb,0xb8cf,0x3202,0x2861,
    0xb524,0x2c72,0xb286,0x292d,0xb559,0xb3ae,0xa6a2,0xb3c7,0x0406,0x384e,0xb4a0,0xb57e,0x3285,0xaac5,0xafba,0x2785,
    0xade8,0x2c08,0xb114,0x32ae,0xad07,0x9d19,0x327a,0xc35d,0xacea,0xb4c2,0x2997,0xac77,0xb1e9,0x2acd,0x30e6,0xa87a,
    0x3166,0xb97c,0xacc0,0x28ed,0x349a,0x32c7,0xb99b,0x2d50,0xad5f,0x2a28,0xaaac,0xba6c,0x3a33,0xbb59,0xb8c8,0x264d,
    0xadea,0x2cf8,0x360a,0x3194,0x95c5,0x314e,0xb6f7,0x25a4,0x1e09,0xa800,0x2739,0xb29e,0xace6,0xb0d0,0xad09,0xa12a,
    0x1a75,0x2db3,0x2ecd,0x31e7,0x313b,0x1d14,0x2cef,0x2d88,0x3500,0xa88f,0xa21a,0x31a8,0x2ddb,0xb26a,0xb20a,0xb7bd,
    0x361c,0xb3c9,0xaa8c,0xae15,0xbf2d,0x30d8,0xa84c,0xb092,0x3302,0xb35e,0xa9c2,0x20f2,0xaaf4,0x31a2,0xa576,0xb0d1,
    0xb09f,0xb0f8,0xb520,0x2b0f,0xaad2,0xb5bb,0xa973,0xac66,0xa8db,0xb0b2,0xae13,0xb692,0xae8a,0x270a,0xa8cb,0xb5da,
    0x2a82,0x1cce,0xaf88,0x30e3,0x9bc1,0xac9f,0xa018,0xba89,0x24a2,0xa798,0x2df7,0xb2e0,0xb0fc,0x1f13,0x28c8,0x29c6,
    0x2b44,0x2a70,0x2d8d,0xa91a,0x28ed,0x2bc2,0xb377,0x359d,0x28a5,0x2591,0xb3c5,0xba9f,0x3918,0x351e,0x345c,0xb18f,
    0xad3d,0x319c,0xa4c2,0xa79a,0x2c64,0x337f,0x369a,0x27cc,0xad45,0x24ed,0x2af7,0x2940,0xad4f,0xad8a,0x9084,0x324e,
    0x3055,0x2dc0,0xb74c,0xb652,0x28c1,0x21ce,0xaa8d,0x2e86,0x317c,0xa70c,0xac53,0x2a8b,0x1fc5,0xaf31,0xaa00,0xa878,
    0x3592,0x384c,0xa92f,0xb176,0x2d39,0x3264,0x2e43,0x31c6,0xa70e,0x2e2e,0x2407,0xae8a,0xb260,0xb0f1,0x2903,0xb27b,
    0xb417,0xb2f0,0xae72,0x309e,0xabb0,0xb199,0x2b44,0x2a3f,0xa908,0xb0c7,0x2991,0x0e00,0x2efe,0x8e4a,0x2b6b,0xb089,
    0xb08a,0xa82d,0x28d1,0x2f82,0x2654,0xb43c,0x2c15,0xa5f4,0xa5e3,0x38be,0x1a5f,0x25b8,0xa6cb,0xa807,0xaffb,0x29c1,
    0xb0f1,0x337e,0xa787,0x2451,0xa9f5,0x2dd0,0xa745,0x346b,0xb338,0xa65d,0xb32d,0xaff4,0x370a,0xb2eb,0x29f7,0xb258,
    0x2204,0x31f9,0x314b,0xaa42,0xa9e2,0xaa37,0x1efb,0xb4fc,0xb0a9,0x22ef,0xa2bf,0xac5f,0x2d74,0x21e8,0x1f48,0x3213,
    0xaddc,0x91c9,0xb467,0xb701,0xa24d,0x21fc,0xa581,0x372e,0x3276,0x253f,0xa9c2,0x2a91,0x146c,0xb3b3,0xa86c,0x1fce,
    0x38dc,0x391c,0xa910,0xb3f3,0x3e69,0x34ac,0x2a3d,0x3116,0x9421,0x3653,0x27ea,0xac93,0xb3d7,0xb643,0x2933,0xaf55,
    0xb886,0xb223,0x2324,0x3834,0xafcd,0xb4f6,0x9b21,0x2c18,0x2244,0x3174,0xa4d9,0x240c,0x2b3c,0xa084,0x2b64,0x34bc,
    0xa6e9,0xa82b,0xad11,0x2f27,0xa90e,0x371d,0x2e5b,0xc076,0xa912,0x364c,0xab72,0xae0d,0xae4b,0xa86c,0xa478,0x2f7d,
    0x35b8,0xaf45,0xa871,0xa8fc,0xaf6b,0x23cd,0xad35,0x3068,0xb4d2,0xacdf,0xb574,0xb392,0x3951,0x3345,0x2f48,0xb291,
    0xaa18,0x384f,0x3a62,0xa902,0xab1e,0x28f5,0xa8bd,0xa6e6,0xaccf,0xa8cd,0xa6e2,0xb19f,0x2b17,0x2ef0,0x2816,0x3000,
    0x31d0,0xb097,0xb2c6,0xb21a,0x2210,0x288e,0xa55c,0x31a4,0x3474,0x2a78,0xb076,0x2836,0x2d62,0xb028,0x2833,0x3061,
    0x35e0,0x360d,0x2b08,0xaaed,0xb0a4,0x3223,0xabe2,0xb832,0xa9a1,0xb007,0x25a7,0xad2d,0xad10,0xb463,0x2093,0x2d11,
    0xab79,0x229a,0xb0cd,0x30d5,0x30d8,0xb09d,0x245c,0x28cb,0x2b14,0x2ffb,0x21fb,0xadf2,0xa637,0x2826,0x28d3,0x3295,
    0x92ec,0x2507,0xa5ee,0x2989,0x1e9e,0x2a7d,0xa816,0xc110,0x98ab,0x2c3c,0x27cb,0xacc9,0xae33,0x9472,0xaeaa,0xa823,
    0x34f1,0xa873,0x242a,0xac22,0xada2,0x2574,0x2317,0x9cff,0xb0ee,0xae3b,0xb6d5,0xb31b,0x3cd8,0xad6c,0x349f,0xafa5,
    0xa906,0x306f,0x3610,0x2809,0xab01,0x306e,0xb72b,0xb107,0xa6f2,0x2509,0x2d90,0xaeeb,0x2a02,0x2888,0x274e,0xa796,
    0x3156,0x9cc3,0xb3be,0x9bf2,0x326a,0x1c46,0xa8e9,0x35ed,0x3551,0x1e16,0xb4bd,0xb0ca,0x2a78,0xb109,0xac2e,0x328b,
    0x302e,0xb299,0xa83b,0xb916,0x3a5a,0x2d27,0xad99,0x2cc6,0xac74,0x34db,0x9d25,0xa6c7,0xafeb,0xb9c3,0x2826,0xb0a6,
    0xa5fb,0xa1fb,0xb35b,0x2a90,0xaeae,0xb6a5,0x2ccd,0x2564,0xa236,0xac51,0xb596,0xb307,0x33e0,0xa85e,0xb0c5,0x2dda,
    0xaab6,0x9c1f,0xb1b4,0x3020,0x2dd6,0xa115,0x29b5,0x367c,0x25a3,0xb57f,0x2bf3,0xb331,0xb30a,0x2536,0x9ef4,0xaab9,
    0x37c7,0xb27f,0xa6a5,0xa9ed,0x2df4,0x2ff8,0xb296,0x3800,0xa8b0,0xafaf,0xaa91,0xb3fe,0xb95b,0xbbd2,0x3328,0xb079,
    0xa765,0x20e5,0xb42b,0x2701,0xaaef,0x3022,0xb899,0x2070,0x2d75,0xa181,0x14f6,0xb051,0xa68e,0x2135,0xa084,0xa6d2,
    0x363a,0xad7c,0xbe20,0x34ca,0xb9a4,0x3762,0xb406,0xb3be,0x3457,0x3584,0xa46e,0xb6a5,0x2b7f,0xad43,0x2a41,0xbba6,
    0x9d3f,0xacd2,0x3a05,0x3090,0xbc75,0x2e32,0xb917,0x3898,0x2cc3,0xa066,0xba72,0x3860,0x356a,0xb845,0xb637,0xa950,
    0xba08,0x38c5,0x379a,0xb742,0x33bc,0xb40b,0xb611,0x334f,0xb1d0,0x33ad,0xb697,0x3967,0x39c0,0x388a,0x32ed,0x32b0,
    0x18ab,0xbd6d,0xb530,0x2dc4,0x393d,0xb52a,0xb354,0xb8f0,0x32fd,0xaef0,0xb8ca,0x3ce6,0xb22c,0x2f99,0xb6a8,0xaed2,
    0x253a,0xb0e5,0xb1b3,0x32ce,0xb2fd,0xb950,0xb395,0xb21e,0xb0cf,0xb374,0xb5f9,0x3cb3,0x2c1e,0xb681,0xaf73,0x306c,
    0x387f,0xb8f0,0xba28,0xb632,0xa815,0xb47c,0xb42d,0xb981,0x2c95,0x36c4,0xba8c,0xb3e8,0xb8f0,0xbd6a,0x242a,0xab4b,
    0x309e,0xb222,0xb58e,0xb5de,0xb36d,0xb46c,0x2226,0xb6f4,0x3522,0xb44e,0xb30e,0x2190,0xad1f,0xb0e7,0xb7b1,0xb3d8,
    0x35bf,0x2df9,0x3513,0x37a0,0x1827,0xb2b4,0x3103,0xab17,0xac28,0xb8ea,0xb2a2,0xb297,0x2e71,0xac3c,0x25ed,0x3700,
    0xbcce,0x3100,0xabcc,0xb45d,0x2fe7,0xb220,0x9e4a,0xaa6f,0x36fc,0xad50,0xb55f,0xb830,0xbb00,0x2d6c,0xb022,0xb410,
    0x2568,0xba11,0x33d3,0x31bc,0xb585,0xb75c,0x2c54,0xb533,0xb9cf,0x3ad9,0xb63c,0xaed1,0xb9d7,0xbcb9,0x2e2c,0xb076,
    0x35f3,0xaf3a,0x3832,0x33d2,0x387c,0xb8be,0x3766,0x28d6,0xb336,0xb7c7,0xbadb,0x34a1,0xb43d,0x3299,0xa89e,0x3001,
    0xba01,0x3610,0xb40f,0xb51a,0x39f7,0x3343,0x3ae8,0xb198,0xb1d8,0x2a2c,0x3978,0xb523,0x3765,0xb2c0,0xb35d,0xb0e6,
    0x9c7e,0xb1f4,0xac2d,0xac4d,0xa9eb,0xb280,0xa84e,0x24e0,0xb66f,0x3190,0x22c6,0xb6b9,0xbc56,0xb875,0x3965,0x28e1,
    0x3c20,0x341e,0x3110,0xb604,0x30f2,0xbb27,0x3448,0x2d78,0xb43d,0xb8ac,0x29c3,0xb0c5,0xb239,0xb071,0xb052,0x32c2,
    0xb1b4,0x3064,0xb088,0x9244,0xbd46,0xb84c,0x3c3a,0xb57b,0x3792,0x255d,0x3e79,0x2d07,0x2a51,0x3821,0xb199,0x1f9a,
    0xacf1,0xbb29,0xa825,0x302f,0xb2ff,0xb149,0x30fa,0xa84c,0x28d4,0xb5fc,0xb426,0x387b,0x369e,0xae1a,0xba01,0x311a,
    0x3a44,0xb482,0xb323,0xb8ef,0x34b1,0xbbed,0x307a,0x2c62,0xad97,0x26d5,0x3684,0x3653,0xb55a,0x3495,0xae8c,0xb2d7,
    0x31cd,0x3810,0x2cbf,0xb581,0x3bf8,0x3472,0x2cf9,0xb46f,0xb019,0xa81c,0xb8a0,0xb780,0xa963,0x3868,0xb926,0x2f6d,
    0x2998,0xba26,0xa786,0xb3dc,0xac18,0x3548,0xb5df,0x198e,0x342a,0xb3e4,0xb162,0xb7fe,0x302f,0x3875,0x9c62,0x3548,
    0xb626,0x2c1c,0x3304,0xa749,0x2a26,0xb1d3,0xbabe,0xb3eb,0x2bde,0xaf19,0xa83c,0xaba4,0x2d68,0xb16f,0xb78a,0x3c8f,
    0x2b5f,0xb8e8,0x2ad0,0x360e,0xc01d,0xacc5,0xa948,0xb5e5,0x2b07,0xb247,0xb5a4,0xb1de,0x19f9,0xb048,0x3855,0xb34e,
    0xb3d0,0xbaab,0x3010,0xb070,0xb342,0xb12c,0xb121,0x391b,0xb629,0x3616,0x32e4,0xb56e,0x3546,0xb5d6,0x33c5,0xafef,
    0xbba5,0xb457,0xb539,0xae3d,0x3c90,0xb7c9,0xadc4,0xb16c,0xadf5,0xb838,0x29ab,0x30b3,0xadc4,0xade8,0xadad,0xb512,
    0xb815,0x367d,0x2f31,0xa7a6,0xaeb3,0xa688,0x35e0,0xb4a9,0x317b,0xa433,0xb9ab,0xb4b8,0x3a1a,0xb8cd,0xb8f7,0x3036,
    0x2454,0xb8b5,0x2fc8,0xad0a,0xb42e,0xb110,0xb42b,0xb282,0x2df2,0x08f8,0xb149,0xba80,0x38ff,0xb5bc,0xaeec,0xae7b,
    0x381a,0xa0e8,0xb44c,0x3ba2,0xb7ef,0xb808,0xba57,0xb217,0xac4e,0xaabe,0x3401,0xb453,0xaf13,0xac7b,0x317a,0xb65b,
    0xb842,0xb523,0xa8a1,0xb7d6,0xa57f,0xb612,0x3a25,0xab68,0x3956,0xa0ca,0xb669,0x3040,0x3943,0xba2e,0x352d,0xb33e,
    0xab5c,0xb840,0x2d1d,0xb5b5,0x2ce7,0xb1b4,0xaace,0x3685,0x39b2,0xb1ed,0xabf5,0xba6d,0xb482,0x32ff,0xb9e0,0x31ae,
    0x36f2,0x2821,0x30fc,0xb821,0xbbd4,0xbaef,0xb88a,0x279f,0xb1a5,0xab50,0xb912,0xb1d4,0x23e1,0x2c82,0xae35,0xaf49,
    0xb879,0x3512,0xb10e,0xb99c,0x3284,0x344d,0x35fd,0xb060,0x35cb,0xa85f,0x338a,0x9c18,0xba07,0x3a1b,0x3822,0x3116,
    0x2da4,0xb99b,0x3953,0xb66f,0xa941,0xb452,0xaeed,0x367c,0xb872,0x3347,0xad37,0x3c98,0xb4aa,0xa409,0xb298,0xb198,
    0x3372,0xb1c0,0x3837,0xb587,0xbe1c,0xb33d,0xbc39,0xa46d,0x30b7,0xbd50,0x3615,0x319c,0x30d7,0x296e,0xa3d1,0x39e3,
    0xbdd8,0xb728,0x2f2d,0xbc20,0xb247,0x3744,0x357d,0xadb1,0x2fe5,0xb3fd,0x3921,0xb904,0xb7e0,0xbc1e,0xb2fb,0xb084,
    0xafbc,0xb51c,0xb173,0x32a4,0x17d8,0x335a,0xb68a,0xb647,0x3105,0x37b1,0xb41d,0xb7a6,0x3533,0xba3a,0x33eb,0x294e,
    0x3119,0xb02d,0x3139,0x35fb,0x239a,0xb118,0x342e,0x2c9b,0x22c6,0xb915,0xb93f,0xb86e,0x2ae0,0xb959,0xafcc,0xa040,
    0x3567,0x31c5,0x29e6,0x3841,0x3cd3,0x3a41,0xb9eb,0xb36e,0xbdf7,0xac9e,0x3c0c,0x3434,0x2ee0,0xb681,0xb8c2,0x2dc5,
    0xaeaf,0xb09c,0x38ce,0xa949,0x2d94,0xb19f,0x2f73,0xb1cb,0xb4f7,0x3a71,0x1cbd,0x3ad2,0x21f8,0x304f,0x332f,0xb5b1,
    0xb368,0x2ed0,0xb889,0xb96a,0xbc29,0x2c33,0x3a9a,0xb311,0xaa09,0xb838,0xb30e,0xb345,0xb421,0xb4d2,0x265f,0xb59a,
    0x355b,0x35e0,0xaa99,0x3862,0x9512,0x2284,0xa892,0xb43b,0x3414,0xa42a,0xadce,0xad6e,0xb668,0x36f2,0x3447,0x2def,
    0xa647,0xb1bf,0xb79e,0xb54e,0xb09d,0xaa42,0xae04,0xb088,0xbb6a,0xb891,0x29f4,0xb391,0xb9f0,0xb562,0xb104,0xb410,
    0xb796,0x2b45,0xadc8,0xb849,0xaf73,0xb3b4,0x3128,0xacb6,0xb44c,0xb974,0xae1e,0xb157,0xafef,0xb300,0xb3f7,0xa357,
    0xb1ac,0xb27d,0xa562,0x34c1,0xac7f,0x321b,0x2e94,0x308e,0xa1c9,0xb1a2,0xb896,0xb161,0x3e42,0x30b3,0x31df,0xaddd,
    0x2a49,0xb1dc,0x3656,0xac93,0xb0db,0xb3ac,0xb2ff,0x3ab8,0x3515,0x34e8,0xb4e4,0xbaed,0x35e7,0xbc70,0x2745,0xad9c,
    0xaf9c,0xb2c3,0x2c5e,0x3899,0xb4d4,0xa8ad,0xacfd,0x2e3f,0x281a,0xbe6a,0x3821,0x2c1d,0xacbb,0xb34f,0x30e7,0x1fae,
    0x39e3,0xbbb4,0xb0a0,0x3c22,0x31aa,0x3c0c,0xba17,0xb452,0xb963,0x31ec,0x391d,0xc032,0xbfa0,0xbb19,0xb56b,0x24ab,
    0xacee,0xbceb,0xac51,0xa513,0xb0e0,0xb43f,0xab22,0xa849,0xad3c,0x2ed6,0xaaf4,0x2851,0x36de,0xbc86,0x3465,0xb24b,
    0xb530,0xb2b1,0xba2b,0xac61,0xb122,0xb7cb,0x381b,0xb074,0xb4fe,0x37a1,0x2a65,0xb2f1,0x2ecd,0x2df8,0xa270,0x2d66,
    0x2da9,0x37a6,0xb0d4,0x24c3,0xb68e,0xb3f9,0xb58e,0xb2af,0x3a08,0x18e0,0x2f0f,0x2b23,0x3c1f,0xb25a,0xb9e2,0xb26e,
    0xb2ed,0xb8e9,0x2dc1,0xb17b,0xb0b8,0x3549,0xb4b1,0xa980,0x2d15,0xb90f,0x9cd5,0x3289,0x3aec,0xba7e,0xb2fa,0x23e4,
    0xb24a,0xac30,0xb491,0xb598,0x372c,0x2660,0xb05b,0x2ce7,0x9d20,0xb948,0x3149,0xb0bc,0x2f59,0x3382,0xaf99,0x37ba,
    0x3632,0xb271,0xb4bc,0x1c9b,0x244b,0xb968,0xb927,0x3015,0xb996,0x32d4,0xb77b,0x23b8,0xb827,0xb722,0x39c8,0x2dbd,
    0xaeaf,0x2b45,0xb838,0xb5e2,0xa984,0xb51c,0x2a22,0x2c8b,0x2b1a,0xb166,0xaa70,0xb3f0,0xb9c5,0xbc08,0x2ca2,0xac95,
    0x3354,0xacda,0xb14b,0xb060,0x36e3,0xb232,0xb4a6,0xa6f1,0x2d2c,0x3b45,0x39e2,0xadb9,0xa020,0x2cb5,0x3589,0xb6e9,
    0xb486,0xb1f4,0xb027,0x3940,0x3410,0xb837,0xb897,0xb5a1,0xb297,0x335f,0xb817,0xb6a8,0xb8e2,0xb38f,0xb898,0xa717,
    0x313c,0xb687,0x34e4,0x24e6,0xa571,0xb081,0xaee2,0xb290,0xb5ca,0x3ce6,0xb54c,0xb5e1,0x344e,0x2cec,0x31e4,0xacc8,
    0x3ca3,0x27df,0x3725,0x39c8,0x3cce,0x3426,0xbae6,0xab2c,0xb3cc,0xbc07,0x3751,0xb1e6,0xb096,0x30e2,0x3194,0xb266,
    0xaeca,0xb552,0xae48,0xb13e,0x2c0a,0x37cc,0x26f6,0xb08e,0xbc1e,0x2e31,0xb752,0x3485,0xbb84,0x3632,0x34ca,0xb3c1,
    0xb0f9,0x37d1,0x31f2,0x2bd0,0x3056,0x28d1,0xb1ec,0xb411,0x34ec,0x3a68,0x32e6,0x2bfb,0x3cda,0x3020,0xbc4f,0x29de,
    0xb57f,0xb194,0xb4fd,0xb568,0xa38d,0xb240,0x35d7,0x1dd2,0xb2fc,0x3af8,0x3b90,0xb533,0x2551,0x3610,0x1fcc,0x3191,
    0x395c,0xb8e2,0xaccf,0x327c,0x3d4a,0x391b,0x35f7,0xb514,0xb768,0xb5b1,0x2ca8,0xbcb0,0xb1b0,0x377a,0xbd3b,0xa8ba,
    0x317a,0xba11,0x3135,0x32bc,0x9797,0xac7a,0xa78b,0xb6b7,0x3988,0xb708,0x336f,0x30b6,0xb9dc,0xb03e,0x37b7,0x317f,
    0x2d5e,0xa4cd,0x3575,0xb31f,0xb7d4,0x37af,0x2d1d,0x29f7,0xa503,0xb8f1,0x3c03,0xb4dc,0xa9f7,0xb041,0x26c0,0x2e68,
    0x3a6b,0xb434,0xad50,0x2be2,0x3d1b,0x2a2d,0xb712,0x28f9,0x24ef,0xb1f0,0xb113,0xbac3,0x2a74,0x3074,0xbcb8,0x2ddd,
    0x2fd2,0xb440,0x1c2b,0x2216,0x2d25,0xb6e2,0xb39f,0xb004,0xb895,0x383c,0xb4e5,0xba8c,0xb99e,0xb5d5,0x3852,0xae66,
    0xb11c,0xb527,0x2966,0x3763,0x35a0,0xb873,0xaa04,0xb070,0x29a9,0x38fe,0xb471,0xb0bb,0x30eb,0xb3b0,0x2dc3,0x3753,
    0xbd38,0x3525,0xae1b,0xb8f9,0x3ce3,0xb6a4,0x2dc5,0xa261,0xb554,0xad8f,0x359a,0xbc35,0xba58,0xbb69,0x34e1,0x241a,
    0xae61,0xb57d,0xba17,0xaf3a,0xa86c,0xb62e,0xb684,0x345a,0x2d8f,0xb646,0x2c97,0xa11c,0xb71e,0xb29c,0xa8f6,0xb027,
    0x341a,0xa11e,0x35bd,0x393b,0xb3f3,0x36c4,0xb465,0x2c0c,0x2695,0xb639,0xa907,0xacd1,0x2d71,0x2011,0x2bf9,0x3789,
    0x3466,0xb106,0x2c2c,0xb667,0xbc78,0xac69,0x331e,0x123c,0x2b44,0xa907,0x34d7,0xb7d4,0xbac8,0x3019,0xb629,0x2551,
    0xb041,0x323e,0xb5ef,0xb4a5,0xb1cf,0x2c8b,0xae98,0xaf03,0xb210,0xa884,0x308a,0xb428,0xb955,0x3022,0xb3fc,0xb4c0,
    0xb88d,0x2e9d,0xa0ab,0xb562,0xb092,0x3680,0x36f3,0xb44b,0x2e96,0xb9c1,0x30bd,0xb48f,0xb13d,0xb7ed,0xb67f,0x3aab,
    0x364a,0x3255,0xacdd,0xb425,0xb0f6,0xb97b,0xb94c,0xaea8,0x3b5d,0x23a1,0xb3e4,0x398b,0x3260,0xb991,0x3169,0xac20,
    0xb2ce,0x3986,0xb3b2,0xb333,0xb0d2,0xab6b,0xb151,0xb183,0xb55e,0xb6e0,0xafb7,0xb911,0x38c7,0xaa70,0x34ef,0x3217,
    0xba4b,0xb021,0x2ed7,0x2c6b,0xb60a,0x3a74,0xba34,0xb19d,0xb33c,0xb240,0x33fb,0xb44b,0x2c3b,0xad71,0xb7c6,0x30cb,
    0x25f9,0xb322,0xb1e8,0x2e97,0xb0ef,0x34dd,0x34cd,0xa8f2,0xb9cf,0xb14e,0x3555,0xb783,0xb89b,0x365f,0x2fd2,0xb452,
    0xb4c0,0xb833,0x2e0e,0xac26,0xa135,0xa14e,0xb4c7,0x341e,0xb28f,0x36cb,0xacfe,0xac85,0x2be5,0x3781,0xb36a,0xb517,
    0xb479,0xaad0,0xa9d2,0xb44c,0xb6c1,0xb9b4,0x28b3,0x2e64,0xac3b,0xbe14,0x36c7,0xaefd,0xae52,0x1e0d,0x3453,0x2c3a,
    0xb78a,0x3071,0x2731,0x36b0,0xb585,0x380f,0xb5d3,0xb2ba,0xb7b0,0x3259,0x9fed,0xbc05,0xaa86,0xb94d,0x34fa,0xb0b9,
    0xaacd,0x3837,0x2de2,0xb9ad,0xa9d2,0xb80d,0xb595,0x3630,0xbc4f,0xb4d4,0xb51e,0xb59a,0xb8f8,0xa7eb,0xaaa6,0xb01a,
    0x37f6,0x298e,0x2fa2,0x367f,0x3180,0x2db9,0xb6ca,0xb1e6,0x1db5,0xba38,0xb7a1,0x309d,0xad99,0x359a,0x31d6,0x334d,
    0xb2df,0xb642,0x9a7d,0xad51,0x352d,0x2eab,0xb5d1,0xae77,0x381a,0xa71e,0x3885,0xb425,0xbdc2,0x3670,0xb191,0xb435,
    0xaf7d,0xba51,0x28e6,0xb51d,0xb135,0xb879,0xa253,0x310a,0xb47d,0xb319,0xb1e7,0xb4e7,0xbc47,0xa732,0x2c09,0xb7e7,
    0xb8d9,0x250b,0xa299,0x37ca,0x3c9a,0xb09b,0x2846,0xa795,0xb143,0xb9fa,0xb28b,0xb32a,0x3027,0x3087,0xb357,0x3575,
    0xb961,0xba7d,0xabb4,0x2b29,0x368f,0xb86e,0x3828,0x2af9,0x3088,0x2fe7,0xb5cb,0xb82e,0x3387,0xb4a8,0x386a,0x2e19,
    0xa6be,0xabf8,0xa68a,0x2b26,0xb327,0xb33c,0xb41f,0x33b6,0xb6a9,0x31f4,0xa930,0xb405,0xb479,0xa5b8,0x3522,0xac7e,
    0x39b4,0xaeab,0x2511,0xaffb,0x2e89,0x35df,0xb1b3,0xb2b0,0xb5b0,0xb411,0x34e3,0xb1db,0xae82,0x2fb8,0xb03b,0x34cf,
    0x3a70,0xbc6a,0xb1f2,0x370f,0x3ce2,0xb4f8,0xad91,0xb605,0xb720,0xac7f,0x3561,0xb86b,0xbdc3,0xb8fd,0x3927,0x1fb5,
    0xb304,0x3587,0xb895,0x24b0,0xb06a,0xb02b,0xaefe,0x3c3d,0xb869,0x2d9b,0x3071,0xb909,0x28bf,0xb962,0x36ca,0xb4e2,
    0x2ac4,0xace1,0xba26,0xba41,0x386a,0x3837,0x3a0c,0xb2c8,0xb381,0xb9b3,0x2fac,0xb516,0x2d40,0xb3be,0xa262,0x374e,
    0xb8ac,0x3cac,0x2f75,0xb69a,0x349d,0x38a7,0x2984,0xaf0f,0xb8fb,0xb4a5,0x395e,0xbc68,0xb6e5,0x3999,0xbcb7,0x295e,
    0x2782,0x34d5,0xb112,0xb517,0x2ea4,0x39a9,0x2ca3,0xb473,0xbac3,0xb122,0x2883,0x3126,0xba4a,0xb43a,0x2893,0xb3ed,
    0xb246,0xae61,0x2b29,0x319f,0x2699,0x38ad,0xaace,0x2ea7,0xb14e,0xbfc4,0xb540,0xa174,0xa547,0x96d7,0x2dc9,0x3358,
    0x3d88,0xbbc5,0xacc9,0x2397,0xb4b5,0xb712,0xbafe,0xb341,0xb004,0xb466,0xbb91,0xb5e8,0xb839,0xb67b,0x3eb2,0xb4bd,
    0xb125,0xbd46,0x2e8a,0xb67b,0xb112,0xb2c5,0xb362,0x3724,0xa705,0x38a7,0xb1b8,0x3667,0xb5bd,0xb555,0x338d,0x2df0,
    0xb1f5,0xb67d,0xc028,0xb7b9,0x3dbb,0x20f4,0x2e73,0xaf1f,0xae84,0xaf8a,0xa86c,0xb365,0x1c1b,0xb7f5,0xb50e,0x3237,
    0xb5ec,0x262f,0xb4bb,0x30a7,0x3647,0x2e4c,0xb20a,0xa24f,0xb34c,0xb3b6,0xb52c,0xb65c,0x3476,0xb6d9,0x334f,0xaffd,
    0xb2d9,0xa7a4,0xb08b,0xb4c6,0xadc9,0x1ef1,0xb21a,0x34e0,0x2971,0x3373,0xafd4,0xb451,0xbbd8,0x2ed3,0xb05f,0xb1ff,
    0x3887,0xb233,0xad85,0xac5f,0xa6e9,0x35b2,0x0f0a,0x29a2,0x2e4e,0x30d5,0xa947,0x3408,0xb24f,0xb454,0xb693,0x3a9a,
    0xb6ed,0x369b,0xae33,0xb61e,0xbcc4,0x2d9d,0xb80a,0xb465,0xbcdc,0x20ee,0xb0be,0xa955,0xbd20,0x3458,0x340c,0xac29,
    0xb1e5,0xb5ac,0xb9ee,0xb0e5,0xb4fc,0xa762,0xb6fc,0x3c60,0xbc1d,0xb523,0xb5f5,0x3609,0xbaff,0x340c,0xb551,0xa6f6,
    0xb1c1,0xb3e7,0xbc08,0xb836,0xbcd5,0xae90,0x301e,0xb483,0xaaf1,0x341b,0xb330,0xb7d9,0xa99b,0xb5ab,0xb78d,0x2a17,
    0xb394,0xaefd,0xb1f0,0xb25b,0x327b,0xb3ac,0xb935,0xb58c,0x33fb,0xaa96,0xb3e5,0xafab,0x291d,0xad1b,0xa631,0xb17d,
    0x2e10,0xb3e0,0xade6,0xad9b,0x3059,0xb4a5,0xb46b,0xb2a3,0xa956,0xb689,0x30f2,0xbc3c,0xb8f7,0xb425,0x2cd1,0xb42c,
    0xbc81,0xa405,0xb206,0xb593,0x39b5,0x35d0,0x314e,0x2fad,0xb2c1,0xb478,0xb882,0xb830,0xac6f,0x2221,0xb0ae,0x3078,
    0x3a69,0x38c6,0xb2c8,0x2c2b,0xba76,0xb15b,0x3133,0xb0cf,0xb4b3,0x2a06,0x344a,0x3995,0xbd25,0x3083,0xb801,0x2981,
    0xb100,0xbf53,0xb056,0xb606,0x3094,0xb880,0xaf64,0x3312,0xb29a,0xb2c1,0xa6a7,0x36c1,0xb725,0xb5db,0xb05d,0x1d3e,
    0x3532,0xb024,0xb9a1,0x38d0,0x3ca0,0xacef,0xb9b5,0xa4fc,0xb11b,0xbb6b,0x3c8f,0xab86,0x2d0e,0xb71a,0xb18c,0x335e,
    0x3584,0xa8c6,0xb5a9,0x3c19,0xb9fd,0x347d,0xb90b,0xb1fb,0xb049,0xac80,0xacbf,0xb402,0xbc1d,0x33a2,0x38b9,0xb24c,
    0xa8e5,0xb8f2,0x38d5,0xb498,0xb16f,0xb1ea,0x30b4,0x2733,0x3295,0xbcd3,0x2bdc,0xbdaf,0x2147,0xb5db,0x2a4a,0xae46,
    0xab4c,0xb644,0xb607,0xbb2a,0x3735,0x34ee,0xaaf7,0xb22e,0x30f4,0xbb20,0x390c,0x34a8,0xb061,0x3830,0x306f,0xb7d4,
    0xb79b,0xb0cb,0x340f,0x3651,0x3958,0xbceb,0x2693,0xb227,0xacb5,0x307d,0xb5b7,0x2eaa,0xb873,0xb23f,0xb3fa,0x18c5,
    0x245e,0xa495,0xb673,0xb5da,0xb297,0xac28,0xb6c4,0xb2c9,0x3239,0x28e6,0xb145,0x351c,0x3508,0x2f2c,0xb29e,0xb58c,
    0x3a91,0x2655,0xb89d,0xb5dd,0xb65a,0xb2bc,0x389b,0xae48,0xb49e,0xb2b9,0x2eb0,0x23ce,0xb46d,0x28a6,0xa6f5,0xb661,
    0xb5c3,0xafc8,0xb4a3,0xb8de,0xaa26,0x38f6,0x3957,0xb442,0x385a,0xac91,0x33b8,0x2f10,0x2b9f,0x268f,0x3504,0xb0f7,
    0x3008,0x3465,0x32e4,0x2239,0x31cd,0xb00e,0x2edc,0x31e4,0x3a65,0xbb13,0xa89f,0xb671,0x3134,0xb4ba,0x34cb,0x34ab,
    0x3942,0xb14f,0xbb85,0x39ed,0x3c0e,0xb705,0x28e0,0xa8a4,0xaceb,0xb26f,0x3648,0xb365,0x2ba5,0xb560,0xb1e9,0xab6d,
    0xb990,0xb663,0xb53a,0xb50a,0xbc83,0x31a3,0xb469,0xa968,0x3c80,0xb095,0xbcd1,0xb8e9,0xb4ec,0xb1cd,0x397a,0xaf15,
    0xad0f,0x2d5d,0x372b,0xb2e0,0xb23f,0xaf2d,0xb846,0x3747,0xbac2,0x39be,0xac30,0xb4c3,0xc4b7,0x3350,0x9b65,0xb14f,
    0x3707,0x2796,0x247e,0x2f40,0xbca6,0x34c8,0x37a5,0xb438,0xb2d3,0xbf23,0xb036,0xb48b,0xb530,0xb96f,0xb0d4,0x3301,
    0x352b,0x1e4a,0xb3b6,0x2c9f,0x36d0,0xbc86,0x3504,0xafc0,0xaaf4,0xb429,0x3a85,0x35a7,0x371c,0xbc18,0xba39,0xb491,
    0x2ccb,0xbe6d,0xb81f,0xb7eb,0x9a0d,0xa8cd,0xb763,0xb11e,0xae8b,0xb6e7,0x9edc,0xb44a,0x3542,0x2ed8,0xbadd,0xb31d,
    0xb769,0xb513,0x35fd,0x3881,0x312b,0xb0f8,0x3816,0xa851,0xb3a9,0xbe08,0x314a,0xb394,0xb510,0xb605,0x2613,0x29b2,
    0x381c,0x3245,0xb620,0xaf4c,0xaaa8,0xadcc,0xb84c,0xb14e,0x3396,0xafed,0x3445,0x3832,0xb842,0x3c05,0x3b55,0xaf90,
    0xb1c4,0xab9a,0x37c7,0xaaba,0xad08,0xb8bc,0x2dc4,0xb2a4,0xa99d,0xb9b2,0xb326,0xbaaa,0x2f9a,0x381c,0x3a58,0xb419,
    0x37d2,0xaddd,0xb13c,0xb41a,0xb615,0x3897,0xbcf7,0xb2c7,0xb1ba,0x33d8,0x3c9c,0xb459,0xb4e3,0x33a0,0xb3a1,0xb06b,
    0xb415,0x368b,0xaaec,0x2bd8,0xbcf3,0x3418,0x3769,0xb45b,0x3812,0xb195,0xb160,0xb8e5,0x29dc,0xafc8,0x3569,0x29ca,
    0xac74,0xb16e,0xb019,0xa978,0xb06d,0x2a3c,0xb5a4,0xadb9,0xb45d,0x39af,0x9c9e,0x2b33,0xb2c7,0x345c,0x29c6,0xb436,
    0xb607,0xb61b,0x2ebe,0x345a,0x34bc,0x350c,0xb05b,0x2d23,0x2cf5,0xbc5e,0x9e99,0xb24c,0x2cf2,0xa748,0x2f7e,0xb470,
    0xb664,0x290f,0xace6,0xb4b6,0xb884,0xb5f3,0x3971,0xaee0,0x384c,0xaced,0xb8e1,0xb143,0xbd28,0x38a3,0x3a4b,0x2a51,
    0xb49a,0x346d,0xb281,0xb878,0xa67a,0xb51e,0x263a,0x2aa0,0x3d03,0x38d3,0xb17e,0xb380,0x39a7,0xb238,0xb7ea,0xac4f,
    0xbb0f,0xb084,0xbc30,0x2b60,0xb440,0xb4c8,0xb4f9,0xb3f4,0xb44f,0xb128,0xb3ae,0xb871,0xb155,0xb842,0xac93,0x2c76,
    0xb421,0xb4aa,0xb522,0xb43e,0xbc4b,0xb5fd,0x31bd,0x26ad,0x3a2a,0xb1a5,0xb581,0xab2c,0xbc57,0xb48c,0x3679,0x2d17,
    0xb1a1,0xa8c6,0x3568,0xb81a,0xaae1,0xb3dc,0xb68b,0x3c3e,0xbad1,0x2f05,0xb252,0x3023,0x36f1,0x1e88,0xb553,0x29c5,
    0xbb2b,0xb123,0x302c,0xb5cc,0xbade,0x35a5,0x2faa,0xb113,0xb479,0xba8c,0x38db,0xb211,0x17e1,0xa8b0,0xb2a5,0x340d,
    0x394c,0xadea,0xad49,0xac7e,0x38f0,0xb98a,0x3118,0x244f,0x3845,0x9e5b,0x236c,0x36f2,0x3579,0x3afe,0xbc3a,0xac1f,
    0xb3b7,0xbe30,0xaaf1,0x30d2,0x25e6,0xb231,0xad75,0x389f,0x3cd5,0x39ee,0xb02f,0x356d,0xb5fc,0xad0a,0xb44a,0xacab,
    0xba47,0xb13e,0x3c8c,0xb01d,0xbfff,0xb8e8,0x39a2,0x2e62,0xb223,0x2c71,0xacc7,0x309c,0x2e24,0xb448,0xa825,0xb648,
    0x2dbf,0xb82a,0xafa1,0xae89,0xb7cd,0x3530,0xb9fb,0xa63a,0x309a,0x3288,0x3a5b,0xb498,0xb8bb,0xb442,0xb4d2,0x2c76,
    0xb242,0xbad9,0xb147,0xb10f,0xb427,0xb5fb,0x31aa,0x3600,0x35dc,0x3c4f,0xb209,0xa911,0xb8ea,0xb675,0x2c12,0xb0e2,
    0x3826,0xb2ce,0x2dcf,0x39f6,0xb889,0x2cd5,0x36b0,0x297d,0xb667,0xb46a,0xb48d,0xb34e,0xb1a2,0x3031,0xb735,0x1db0,
    0xb468,0xae4f,0xb5b2,0xb82c,0xb99b,0xbbaf,0x3706,0xae5c,0xb62a,0xab47,0x38e9,0x346d,0x335d,0x3113,0xb8e7,0xb1ee,
    0xab99,0xb4ea,0x32ea,0xb26b,0xb0d5,0xb459,0xb67e,0x31ca,0x315d,0x32d1,0xad97,0xb17e,0xbbbe,0x2fba,0x22cf,0xb5a7,
    0x197b,0x2ddf,0x3892,0xb62d,0xb8be,0x3342,0xb5d1,0x2fd0,0xad3b,0x2e0f,0x2fca,0xb77e,0xb491,0xb5a4,0xb5a0,0x3785,
    0x3819,0x3797,0xa11c,0xb2ee,0xba2b,0xb51d,0xb82d,0xb410,0x3b6d,0xb44a,0xb6ce,0x3b93,0x3741,0xb822,0x39e4,0xac84,
    0x30d2,0x34d7,0x3500,0x3208,0xa1ea,0xa832,0xb157,0x369e,0x282f,0x3286,0x33ae,0x2a97,0xb447,0xbb01,0x3354,0x2271,
    0xb256,0x3006,0xb914,0xa911,0xb1da,0xb934,0x3456,0xad9d,0x9c5e,0xa5ca,0xb295,0xb7f1,0x2073,0xadd3,0x2f4b,0x34b7,
    0xb153,0xb5ad,0x24fe,0xb1a7,0xba8d,0xb569,0xb845,0xb524,0x3a2e,0xb646,0x39ab,0xb28b,0x3800,0xac32,0x2ec0,0xaa8e,
    0x2c8e,0xb510,0x289a,0x31d7,0xacf4,0xb835,0xb635,0xb694,0xaf05,0xb849,0x2d74,0x38e4,0xb28f,0x37d0,0xbc38,0xac16,
    0xb985,0x2d68,0xb47d,0xb6b0,0xbb11,0x3524,0x3498,0x2e40,0xb1a9,0x9e2e,0xb075,0xa200,0xb25b,0xb184,0xb57c,0xb494,
    0xb4c1,0x3848,0x2e85,0x241f,0x25c2,0x3117,0x36d6,0x2852,0x3808,0xb272,0x302c,0x3531,0x324f,0x37f3,0xa6ec,0xb35d,
    0xb47c,0xb2dc,0x3155,0xb7a1,0xb2a3,0xb37d,0xb84f,0xa638,0x3300,0x330e,0xb33a,0x2fae,0xb114,0x2f8e,0xb139,0xb459,
    0x2a1b,0xae9f,0x2a6e,0xad5e,0xb3e2,0x3030,0x249f,0xb264,0x31aa,0xa621,0xb47c,0x3054,0xb00c,0x3210,0xb0aa,0x9fcd,
    0x3047,0xaabd,0xb011,0x3235,0xb13a,0xa7d7,0x2996,0xa622,0xa3f7,0x2d27,0x2f01,0xaec8,0x3170,0xb14c,0x2664,0xaea1,
    0x32ff,0xadb9,0xb080,0x3147,0xaf43,0x2356,0x3331,0x323c,0x3228,0x3125,0xb218,0x24ed,0xa079,0xa2c4,0x2dd8,0xa2dd,
    0xa67b,0xb4e0,0xb03f,0x3017,0x2c4c,0xae6e,0xa6ff,0xb12e,0x254b,0xadd5,0xafd4,0x20f7,0xac1f,0xada7,0x2f83,0x30f8,
    0xb0aa,0x20f3,0x2894,0x283e,0xac55,0x9d6d,0xb24c,0x9a04,0xb012,0xacef,0x2f27,0xad64,0xac59,0x2c8f,0x2d16,0xaffa,
    0xaf0c,0x2dad,0xaec0,0x3056,0xb3cf,0xab0c,0x30b5,0xb3b2,0xa172,0x2d8a,0xa9db,0x311e,0x2ede,0x2ed3,0xa63e,0x3055,
    0xa9a4,0x348d,0x311c,0x3382,0x2c93,0xb022,0x2313,0xaefc,0x3818,0x34a5,0xb322,0xb8c9,0xbe0f,0xb886,0xb6e9,0xb8ed,
    0xb7f8,0xa8f5,0x3e1c,0xb2ac,0xbcc8,0x3cb4,0x387b,0x38cc,0xb26a,0xb473,0xb677,0xb8b2,0xba74,0x3b05,0x39cf,0xbace,
    0x3af8,0xb4b1,0xaab7,0xbb1a,0xb09c,0x3af1,0xbc6d,0x3467,0xbb12,0xb2df,0xbd5b,0xbaef,0xb506,0xb909,0xb4ea,0xb7d5,
    0xb59e,0xb0b0,0xb066,0xb73b,0xb8a7,0x382d,0xb629,0xb48a,0x34ef,0x319c,0xb99c,0xbc9d,0x39ed,0xb7d3,0xb8cf,0xb4d3,
    0xb1fa,0xb6d3,0x32bd,0xbac0,0x38b4,0x2f9b,0x3d27,0xbd72,0x362f,0x3c14,0xb976,0xba22,0x3f3d,0x3a22,0x30b0,0xb9b6,
    0x32a9,0xb85e,0xb3bf,0x3e30,0x3a0f,0x3779,0x36f4,0xa8f2,0xb97d,0x282d,0x2db1,0xa15f,0xb96f,0x2ef8,0xb8d8,0x38b9,
    0xbc25,0xbcc2,0xb5c9,0xaef2,0xb69a,0x3580,0xb5d0,0x3ae5,0x316b,0xb312,0xb814,0xb4a2,0x217c,0x3336,0xb61a,0xb4c0,
    0x385f,0xb4f0,0xbd1f,0xb8fb,0xb0cf,0xb83d,0xaedd,0xb594,0xb9a2,0xb288,0x349c,0xb90a,0x999d,0x36cf,0x321d,0x35b6,
    0xa7f6,0xbcac,0x36fd,0x38f2,0x2f28,0xba64,0xb848,0xac68,0xa93f,0xb176,0x38d8,0x2e35,0xa5e9,0xbaf4,0x3493,0xb595,
    0x3858,0x3897,0xb417,0x238a,0xb50c,0xb0a4,0xb7f0,0xba11,0x29ad,0xb8f5,0xb230,0xb330,0xb2db,0xb45c,0xb0e7,0x25f8,
    0xb749,0xb53f,0xb061,0xbf35,0x3207,0x3960,0xba19,0x3470,0xb809,0xa95a,0xaa27,0xb596,0x32c4,0xb288,0xb9cb,0xb72a,
    0x2d9e,0xb861,0x343c,0xbdea,0x329a,0xb0b7,0xb6ab,0x2d24,0x2d2e,0xbe9a,0xb87b,0xb887,0xb99c,0xb365,0xaffc,0x3c26,
    0x34df,0xaa7a,0xaaa3,0xb50b,0x2e48,0x37d1,0xb48d,0xb0a8,0xafb6,0xb104,0x3613,0xb463,0x2a5f,0xb095,0x32d1,0x3172,
    0xb626,0xa2db,0xa250,0x2d02,0x3153,0xab25,0x3223,0xb35c,0xb299,0x2f28,0xae41,0xaf9b,0x2e64,0xb0e3,0xae98,0xb55e,
    0x308a,0x3431,0xb2a9,0x3066,0x221a,0xaa07,0x2a30,0x3488,0xa493,0xb488,0xab3d,0x2715,0x34f1,0xb40d,0xb5c5,0xb33b,
    0x2d91,0xaf5d,0x31a0,0x3115,0xb552,0xafe0,0xb5b8,0xb2b2,0xb212,0x3102,0xac6a,0x2df8,0x3143,0xb26e,0x348d,0xaded,
    0x31e2,0x35b8,0x2e86,0x2b76,0x2999,0x327f,0x30ac,0xb766,0x2b95,0xb456,0x338b,0xb717,0xa95f,0x3654,0xabb2,0x31fd,
    0xaf28,0x25bd,0xa0d8,0x3421,0x3006,0x3415,0xb300,0x3401,0x33ee,0xa839,0x32da,0x347b,0xa6f7,0x285e,0xa762,0xaf74,
    0xac55,0xb47a,0xb10e,0xb321,0xb0c6,0xac23,0xb502,0x33bb,0x2eac,0xa689,0xb2e0,0x2eeb,0xa8d0,0x3237,0xad74,0xb263,
    0x304e,0xa9c6,0xae20,0x2be8,0x3023,0x30c9,0x26da,0x9fc0,0x2d5b,0x32b1,0xb2b6,0xb03c,0x27c2,0x3213,0xa993,0x2faf,
    0xa9ca,0x3417,0x2908,0xb278,0x2e70,0xb202,0xb248,0xac4e,0xac1c,0x30a0,0xb00d,0x2e9e,0x2c77,0xaf81,0x3216,0x2aba,
    0xa86c,0x2bf8,0xaff6,0xa579,0x30ef,0xaa05,0x2426,0x331e,0xb1ea,0xb0f6,0x3130,0xa100,0xad5a,0x2dca,0x2e1e,0x2dec,
    0xad71,0x3182,0x260c,0x323e,0xaff9,0xa58e,0xaad0,0xa41f,0xa5e7,0x31fc,0xb33c,0x2db2,0xa397,0xad70,0x3017,0x3071,
    0x2f0a,0xa839,0xa6cc,0x3039,0x99e5,0x2b60,0xa860,0x2a9b,0xb036,0xac80,0xaccb,0xae89,0x2f09,0x2190,0x86ca,0xb02e,
    0x9aa3,0xb269,0xb093,0x17ad,0x2ada,0x328d,0x270f,0xb21f,0x3624,0xb8b9,0x3288,0xb041,0x2ed6,0xb528,0xb8c6,0xae37,
    0x31bb,0x34d5,0xb4a8,0x3115,0xa26f,0x2d53,0xaf46,0x348f,0xaec1,0xaea4,0xb9de,0xb10e,0xb4ce,0x26e0,0x350c,0xada5,
    0x3243,0xb44f,0x280a,0x2bc5,0x2806,0xb567,0x356e,0xb1c2,0x342c,0xb1b8,0xb1cb,0x2f9b,0x3041,0x3156,0x3124,0xb30b,
    0xac7d,0x308a,0x3292,0xb802,0x28c2,0x26ea,0xb4e5,0xb263,0xb2a3,0x34d0,0x34a0,0xb3ea,0x2e02,0xa2bb,0xb541,0xb6c7,
    0x17c3,0x2d7c,0x3471,0x9d3a,0xb17e,0x32bb,0xa010,0x3472,0x2bde,0xad0b,0x3008,0xb31d,0x343e,0x338d,0xb004,0x2a4a,
    0xadb8,0x3338,0xa5d8,0xac3d,0x1c69,0xae59,0x2f3f,0x3265,0xb12b,0x260c,0x3195,0x3643,0x31fb,0xb27e,0x9510,0x972c,
    0xb578,0xadf9,0xb514,0xb0ff,0xb496,0x8c38,0x3657,0x2f95,0xb444,0x3243,0xb1b9,0x2d16,0x303c,0xb7e8,0xb167,0xb085,
    0xb0a1,0x929f,0xb55b,0x3376,0x2e20,0x24c6,0xb3c1,0xb44e,0xb1e9,0x30df,0x3507,0x2efe,0x2ebc,0xb507,0xaf3f,0x34b7,
    0x32f5,0xb18b,0xb220,0x2bcf,0x3587,0x9925,0xb216,0x21a8,0x2da3,0x2f9d,0x352a,0x3170,0xb2a7,0x25d8,0x31b4,0x3417,
    0x9f24,0x360f,0x29cc,0x37a4,0x9828,0x18f8,0xb05b,0x2f83,0x2fe5,0x3240,0x2c7a,0x2eb0,0x2757,0x324d,0xb04b,0xb3f4,
    0x2cf5,0x9171,0x2e50,0xade8,0xaaa9,0x205e,0xb512,0xa6ab,0x35bf,0x2d5a,0x30ea,0xa928,0xb145,0xaed0,0x34aa,0xaad2,
    0x2dae,0x3769,0xa85a,0xb0b8,0x3515,0xa48f,0x3013,0xa92e,0x30dc,0xaa7b,0xb20a,0x3128,0xaed1,0xadae,0xa838,0x2e8d,
    0x30ca,0x3054,0x9f5e,0xacc7,0x225c,0x2b20,0xa2a3,0xaefc,0x30ab,0x29cd,0x2e54,0xb8eb,0xb10d,0x39af,0xb31e,0x39a4,
    0xb6fd,0xb4ca,0xba5e,0x3217,0xabb3,0xb177,0x3174,0x3a3d,0xbc00,0xb898,0x3acf,0x39df,0x358c,0xa871,0xa81d,0xb5a5,
    0x391b,0xbe0f,0x38c5,0x38f5,0x38c4,0x3b8e,0xbc83,0xb7c8,0x241e,0x34d9,0x2bd0,0xb683,0x3202,0xb688,0xa79f,0xb478,
    0x32f0,0xb1b0,0x3eb4,0xb81b,0xb089,0xa1ba,0xbb57,0xb8bc,0xae7c,0x382b,0x3048,0xbb95,0x3a71,0xbb83,0x342c,0xb2c9,
    0x3c9b,0xb7e7,0x2cce,0xb000,0x334b,0x35bb,0x30d1,0x372a,0xb043,0xb464,0xb477,0x34af,0xb505,0x347b,0xb9ff,0x32dd,
    0x3651,0x2820,0xb23b,0xb844,0x3480,0x33ed,0xad94,0x3804,0x3c90,0xbc3e,0x3228,0x3262,0x308a,0xa4c7,0xb4e4,0x3ca7,
    0xb6b8,0x386f,0x3229,0x36f8,0xb19c,0xb10e,0xa9a4,0x3744,0x3a10,0x2d33,0x2cef,0x3dbe,0x23ff,0xb6d8,0xa0b5,0xae61,
    0xbaf7,0x3879,0xb868,0xa947,0xbfa5,0xb43e,0x250e,0x3934,0xb3a5,0xb8b8,0xb9ff,0xbbf2,0xbc51,0x3c22,0xb5ad,0xba05,
    0xb94a,0x3685,0x3783,0xb82a,0x3717,0xb7cb,0xb5e8,0xb62f,0xaab8,0xb650,0x2a8b,0x3413,0xb447,0x34f2,0xb27b,0x2c64,
    0x3431,0xb886,0xb1b4,0x2951,0xbba7,0xb896,0x412f,0x35d0,0xb75b,0xbbda,0xa963,0xb726,0xb8e1,0x3916,0xb9e4,0xb46e,
    0xbcc9,0x2c9a,0xb164,0x3a02,0x34b7,0xbcaa,0x3b44,0xbca0,0xb2ff,0x36b5,0xb790,0x2c23,0xb865,0xb2a6,0xb244,0xb8fc,
    0xbaba,0x36da,0xb605,0x2aa9,0x38a5,0xac9f,0xbe4d,0xb849,0xbc7e,0x3252,0xb693,0x2c11,0xb75c,0x37bd,0xb643,0x348a,
    0xb8cb,0xb2a5,0x3315,0xbb65,0xbacf,0x3dde,0xb6d1,0x383b,0xb7d3,0x3d0f,0xb1a7,0xb7bb,0x382c,0x3132,0xbb0c,0x3551,
    0x347c,0x381b,0x390a,0x35ae,0x2fb4,0xb32e,0x36b0,0x322e,0x3abc,0x35a1,0x3372,0xaaf0,0x3719,0xaa28,0xb358,0xb230,
    0x3bac,0xadff,0xb0c8,0xb676,0xb99e,0xa9de,0x2e4c,0x3d8e,0x3a43,0x9c67,0xb9b2,0x357b,0xaffa,0xb855,0x37ac,0xabf1,
    0x257a,0x3c16,0x3798,0x1a58,0x3a1d,0x3bb8,0xb854,0x363c,0x1cff,0xb359,0xa115,0xa345,0xb74f,0xb84b,0xb815,0x2aee,
    0xb65c,0x30c1,0x29ec,0x3d2b,0xb504,0xb522,0x3832,0x3bf3,0x2fcc,0x3664,0xb2d8,0xb0b1,0x2abf,0x32b7,0xb2ce,0x3c5f,
    0xb720,0x2079,0x369f,0x3535,0x2608,0xad62,0xb670,0x3a0e,0xb88f,0x34f6,0x3018,0x31a0,0x2af1,0xae3e,0x16f4,0xbc45,
    0x3aec,0xb00b,0x32fa,0x385e,0x365c,0xba7c,0x3141,0x319d,0xb1e0,0xb41f,0x32f3,0x2a09,0xad63,0xa377,0xb073,0x28f8,
    0x33e4,0xb461,0xb1b9,0x3162,0xb4c9,0xaee4,0x2ecf,0x2def,0x2c3c,0xaee0,0x2f2f,0xaa73,0xa907,0x0c7c,0x2c13,0x2a44,
    0xae3d,0x2f17,0x263e,0x33e9,0x2e88,0xae91,0xb250,0xb401,0x2862,0xaef5,0x2e32,0x32d2,0xaacb,0x2feb,0xb104,0xb207,
    0x3144,0xb144,0xb0a5,0x313b,0x2f39,0x2df9,0xaf9b,0x351c,0xaafe,0x34c9,0x2cb3,0x24ce,0xb42b,0xb175,0xb03f,0xb457,
    0xb3c6,0xa948,0xac2d,0x2a45,0x2f6b,0xb395,0x3173,0xa1f4,0xb4c1,0xb14e,0x2de1,0xb497,0xaed8,0xb01f,0x2679,0xa9c6,
    0x28d1,0xb135,0xa612,0x2966,0xadd0,0x33a8,0x319d,0x29b0,0xb24b,0xa5f7,0xb430,0xa9c2,0xb4b8,0x31c0,0x31c2,0xa67d,
    0x2e09,0xb3bd,0xa82c,0x206d,0x2cc9,0x2cd7,0x2f17,0x284b,0x38d2,0x2c36,0xb272,0x3c98,0xbdd6,0xb878,0x35bd,0x2133,
    0x1e48,0x3975,0xb76b,0x31aa,0xbc52,0xba59,0xb4d2,0xb5d8,0x387c,0xb121,0xb234,0xb777,0xb5a5,0x3cd0,0xb763,0xb404,
    0xbc8b,0xb464,0x343d,0x3494,0xb276,0x36f1,0xb98e,0x38ac,0x34b0,0xb10d,0x3570,0xafb3,0xab26,0x3621,0xb584,0x34be,
    0xba2a,0x2b0f,0xb4f0,0xb9b5,0xb773,0xb09e,0x3f2d,0xb363,0xb611,0xb55a,0x32fe,0xbb10,0xb3f0,0x33a9,0x9284,0xa783,
    0xbb7a,0x3448,0x27aa,0xbc2c,0xb6ef,0x2d70,0x3af1,0xb645,0xb45e,0xb6b5,0x315f,0x3272,0xb121,0x309c,0xbd5d,0xacef,
    0x3597,0xb203,0xbae8,0xb896,0x3683,0x3093,0xbac8,0xbc03,0x329b,0xb9dc,0x3e93,0xac2f,0x0cda,0x2d93,0xbbe0,0x3851,
    0x30a8,0xb89f,0xb48f,0x298b,0xb712,0x34a3,0x2764,0xb2dc,0xb7e1,0x3c4b,0xb6d5,0xabf7,0xb60a,0x3929,0x3ea7,0xae9c,
    0xbe96,0xb8e4,0x3936,0x30b7,0xb98f,0xb48a,0x33b9,0xb695,0xbe76,0x2ac8,0xb99e,0xb821,0xaf57,0x390e,0xb7c9,0xb89b,
    0x391c,0xaf8f,0xbc70,0xb8fa,0xbf8b,0x3a40,0x280b,0xa2a4,0x3d4c,0xbaac,0x3f01,0x3c50,0x36fa,0x390a,0xb95a,0x336f,
    0xb465,0x2fc8,0xb071,0xb644,0x31f4,0xb597,0x3831,0xbbff,0x3bd1,0xaf7b,0xb3a5,0xbdd1,0xbb67,0x381a,0xb090,0xb85a,
    0xb45d,0x3b7b,0x2c84,0xbb13,0xbb34,0xb8e0,0x3eb5,0x3dee,0xbe09,0xbacb,0xb3c8,0xb2e7,0xbbd5,0xb0ca,0xba76,0xafbf,
    0xbc07,0x3233,0xbf73,0xb418,0xb9b6,0xb621,0x2ebb,0x3bb3,0xbf25,0xb8e6,0xb2e5,0x3201,0x30d6,0xbc99,0x1b5e,0x3bb0,
    0xb8a0,0x3f3b,0xb7c7,0xaf35,0xbb2a,0x3228,0x2b7d,0xbc93,0x3c18,0x34db,0xbacb,0x2b0e,0xbcae,0xb970,0xb595,0xb109,
    0xade1,0x3bf9,0xb9f2,0xadd6,0x382e,0xb847,0x368c,0x374c,0xae48,0x3068,0xbc22,0xbd3c,0x3875,0x3842,0x35f3,0x39fa,
    0xb7c9,0x3871,0x35d9,0x3869,0xacd2,0xb9d6,0xafd8,0x3612,0xb516,0x34e5,0x3892,0x3753,0x3112,0x2cf1,0xb8fa,0x3732,
    0xb622,0x2f61,0x3166,0xb4a2,0xb553,0x3729,0xb81d,0x3432,0x3421,0xb426,0x3a96,0xbe4e,0x375f,0x36f0,0xa888,0xb9ee,
    0xb08a,0xaa57,0x2cd2,0xb98e,0x3709,0xb08f,0x2cf9,0x3987,0x9f11,0xaedc,0xa996,0xa3da,0x38f2,0x3c5b,0xbd35,0x3b52,
    0xb590,0xb3b0,0xb487,0x27c0,0x31d8,0x36bd,0x37aa,0xb055,0x38f7,0x32ef,0x34c1,0x2b60,0xb809,0x3cbc,0xb822,0x3acc,
    0xb621,0x2bab,0x29f8,0xb98c,0x398a,0xb145,0xb239,0x30dd,0xa994,0xab5b,0x35b2,0x3239,0x353a,0xb445,0x320c,0xb29a,
    0xb35f,0x35fd,0xb206,0xb47a,0x988a,0xb663,0xb550,0x334b,0xb82a,0xb955,0x3d0a,0xaf24,0xabe1,0x2ebe,0x3513,0xb0a6,
    0x3722,0xbd25,0x39b4,0xb8f8,0xae0c,0xb3fb,0xbb68,0xb7c8,0xbb2e,0xb434,0xb8cb,0xb455,0xb48e,0xb8e8,0xaff4,0xbb1b,
    0xa9e1,0xb0a6,0xb54f,0x3bd5,0xb821,0xaaa6,0xbf37,0x3851,0xa42b,0x2f67,0xb2bb,0xb87f,0xb3e9,0xbf7b,0x3514,0xb12a,
    0x3b8f,0xbc67,0xad5b,0xbd91,0xbc7c,0xbd0b,0xbeda,0xb886,0xb4c0,0x2dec,0x313c,0x31fa,0xb92b,0xb5e2,0xb6c8,0xb5f9,
    0x3af0,0xb3df,0xbb37,0xba2a,0xa6bd,0x2800,0xb838,0x3127,0xa705,0xbadc,0x26d8,0x2afb,0xb18b,0xbc0e,0xb594,0x3653,
    0x33cc,0xb8c0,0xb032,0x31eb,0x31de,0xac24,0x3679,0xb518,0x3119,0x29b1,0x2d95,0xad1e,0x3081,0x2d46,0x2d12,0xb01a,
    0xa507,0xb2ba,0x3189,0x2d7d,0x318c,0xac10,0x2a30,0xb16e,0x3369,0xae1a,0x9ee4,0x220c,0x32d5,0x2e3e,0xa953,0x245a,
    0xb168,0x2a74,0x30c8,0x2ef7,0x26ed,0x2f0a,0xb4a4,0x2c13,0xb365,0x3469,0xb2ea,0x1fdb,0x2ab0,0xb031,0xb303,0x2976,
    0xb0c9,0x2a6d,0x2c14,0xb379,0x2b03,0xb1c5,0x34a0,0xb6d3,0x2295,0x2817,0x3057,0xb1cc,0xafa5,0xae3b,0xb1b9,0xb2a9,
    0x305a,0x9ae9,0x2685,0xa8ff,0xa8e5,0x2c3f,0xac93,0x2e73,0xb3d6,0x2827,0xb289,0x2727,0xaca0,0xb23b,0x2abb,0x2c15,
    0xa200,0xa875,0xb1a9,0x31af,0xac4e,0x28d9,0xad57,0xa5db,0x2d65,0xb223,0xaddd,0x28b6,0xb308,0xab2c,0xb096,0x303c,
    0xabb9,0x3196,0x3225,0xae41,0xaa79,0xa932,0xb0f0,0x9fa9,0xb952,0xada7,0xb2ec,0xbceb,0x3309,0xb8bb,0xbb41,0x3d78,
    0xb885,0xbc34,0xac54,0x3ba0,0x3c79,0x2f84,0x36bf,0xb50b,0x2e31,0x9dd1,0xb527,0x3717,0x35ac,0xb19f,0x3598,0x2c6d,
    0x3f2a,0x322d,0xb804,0x3def,0x3b40,0x3a30,0xbae3,0xb9cd,0x3d16,0x3019,0x3c71,0xb8cf,0x2dc4,0x2a0d,0x30e6,0xb6d4,
    0x19af,0xbb93,0xb43d,0x3409,0x36a5,0x1d41,0x3459,0xb8f1,0xb11f,0x39e1,0x3003,0x3880,0x3ce8,0xb506,0x3daa,0xb0ba,
    0x393e,0xb38f,0x3530,0x3cc0,0x9b5f,0xba0e,0xb894,0x39b7,0x338b,0xba51,0x3728,0x3cb2,0xb9c8,0xb025,0x3cb6,0x3597,
    0xa8a5,0xa8e5,0x3c3b,0xb20e,0xba23,0x373e,0xb5f6,0x39c4,0x3631,0x3c3e,0xb21e,0x305f,0x345e,0x2d30,0x313b,0x34e3,
    0x30ff,0x9a73,0x35c0,0x3b4f,0x2db0,0xbb3e,0x3465,0x3b65,0x3502,0x2e00,0xad80,0xa3f2,0xb287,0x07af,0x339d,0xad5b,
    0xb34f,0x2df3,0xaff5,0xac63,0xa544,0x32b4,0x31b9,0x2af3,0x2619,0x2f12,0xa0c4,0xb413,0x3522,0x2425,0x2e29,0x2b07,
    0x172b,0xaf90,0x3101,0x2384,0x3228,0xb262,0xb0a6,0xb3b3,0x318f,0x3217,0x281b,0x2e9e,0xb656,0x3496,0x2e20,0x2de0,
    0xb0dd,0x3138,0x3278,0xb2ab,0xa9de,0xb346,0x309a,0xae47,0x3539,0x2dbe,0xacf3,0x26dd,0x2da0,0xb440,0xb1dd,0x33c2,
    0xb42c,0xa2fd,0x34ec,0x3224,0x30d7,0x2a74,0x9f9a,0xac87,0xac57,0x2a8b,0x1a5f,0x3148,0xb028,0x2d8a,0xab2d,0xb17f,
    0xb132,0x3534,0xb446,0xb4ab,0xad6a,0x2b34,0x2c91,0xb1c2,0xabd8,0xacf9,0xa897,0x2992,0x348c,0xb017,0xb4f8,0x322d,
    0xb233,0x274c,0x3629,0x28c2,0xaa38,0xb4a2,0x240d,0x21a6,0x376f,0x30e1,0x3407,0xb473,0xa786,0x32f4,0x31bc,0xbc5a,
    0x2d83,0x3d9a,0x398a,0x38c7,0x3a6f,0xab35,0xb03d,0x3c56,0xb7d5,0x2fc7,0x34c0,0x39a3,0xb783,0x32b0,0xb887,0xb68a,
    0x3180,0xb5c1,0x2cf2,0xbc20,0x353f,0x3172,0xbcca,0xb41f,0xb671,0xb541,0xb2e2,0x34a5,0xb5d1,0x31d8,0x1c7b,0x35f5,
    0xb9b3,0x395a,0x918d,0x2607,0xb648,0xb547,0x3b9e,0xb431,0xb491,0x3450,0xb082,0x2e64,0x33bf,0x32f5,0xadb0,0x38c9,
    0xa54b,0x360b,0x39d1,0xa6a2,0x3c4f,0xaf29,0xb786,0xbd87,0xb88e,0x3265,0xb846,0xb3f2,0xbb83,0xb870,0x34b6,0x33d8,
    0x38b9,0x3a64,0xab59,0xb1f5,0xb46a,0x2a26,0xb6bb,0xba59,0x394c,0x1b7b,0xb722,0xb52b,0xb308,0xab53,0x31bf,0x3941,
    0xb194,0x2faa,0xacc0,0x3839,0xbc66,0x3896,0xb28a,0xbc8a,0xbcb1,0x2f21,0xaf18,0x3612,0x38e0,0x3442,0x342f,0xb345,
    0x3bca,0xba16,0x3361,0x3c35,0x36a5,0x38e4,0xb70b,0xb543,0xb6ae,0x364f,0x28d8,0x31eb,0x3b56,0xb944,0xb551,0xb255,
    0x34f3,0x3b1f,0xabd2,0xacc3,0x304d,0xb03f,0x32b6,0xb862,0x3444,0xb5a0,0xb518,0xb7a4,0x34a8,0x2ffe,0x3980,0xb4bf,
    0xae7b,0xa964,0xb8c4,0x387c,0x9851,0xa9c1,0x3753,0x3d88,0x3613,0x2aed,0xb7d4,0x2a2e,0x2dcf,0x2c20,0x2409,0x3904,
    0xbc04,0x3b08,0xb7ea,0x396a,0xb8c1,0x9082,0xb264,0xb80e,0x335f,0x3a19,0xb45d,0xba09,0x2d17,0xb548,0x39ad,0x365c,
    0xb447,0xb6dc,0xbaa5,0x393a,0xb6cc,0x2e79,0x3517,0x3837,0xb70a,0x3284,0xbcf9,0x2efe,0x1a92,0xb155,0x3281,0xb785,
    0x3892,0x3683,0x3600,0x3a0a,0xb67e,0xba45,0xba9f,0x361f,0xb7ee,0xafa8,0xb5f4,0xb286,0xb135,0x3e0b,0x9f11,0xb935,
    0x322b,0xbfdc,0x3c55,0x364e,0xb944,0x3530,0xbcbd,0x248a,0xb93f,0xb8f0,0x362d,0x3c6b,0x3898,0xb8c3,0xb4d7,0xaa03,
    0xb0ac,0xb307,0x35a8,0xaede,0x3b2b,0xb60e,0x3ea2,0xb196,0x3a10,0xb50f,0xb961,0xbc2f,0x3a99,0xbd8b,0x30a8,0xbc50,
    0x2fbd,0xbee6,0xb7ca,0xaf15,0x2cb5,0xb1bd,0xb0b3,0xabf8,0xb729,0xbdf9,0xb0e8,0xb834,0xb6a7,0xbbe5,0xb415,0xb0a5,
    0xbba2,0xba39,0xb8b3,0x3c09,0x3455,0xbce1,0xbcd8,0xae90,0xb956,0xbeff,0x3b3c,0xbcec,0x3923,0xbc1a,0xaf4e,0x3cc0,
    0xbc66,0xb922,0xbbb4,0xb178,0xb2f2,0x2cc6,0xb09d,0x3605,0xb9b9,0xb8f9,0xb496,0x3c07,0xbb40,0xbb7e,0xb97f,0xb21a,
    0xb83d,0xb707,0xb920,0x3e06,0x32f2,0x39dd,0xb88d,0x3b3b,0xb700,0xb567,0xac49,0x38ca,0x31a1,0xb0d9,0x3a41,0xb739,
    0x2bd4,0x3960,0x35b4,0x3897,0xb6c1,0xb2c9,0x38c7,0x35b7,0x378c,0x3bcf,0x3907,0xb459,0x3862,0x396d,0x332b,0xab77,
    0xba7f,0x396f,0x32a5,0x3007,0xa717,0x22b7,0x3937,0x3804,0xb861,0xa691,0x3916,0x3834,0x290d,0x3565,0x2ffc,0x3c8e,
    0x2b8d,0xb925,0xb42f,0xb21b,0x302b,0x2841,0xb1cb,0x363f,0xb925,0x3117,0xb133,0x3b08,0xba20,0x3ad4,0x29e3,0x25c2,
    0x3cfa,0x3b39,0x31b5,0xba83,0xb92b,0x387f,0x3864,0x2600,0x34ae,0xb6e0,0xb47e,0x3485,0x347a,0x39ff,0xb936,0x2ea5,
    0x3182,0x30b1,0xb319,0x3a08,0xb471,0x2410,0x3533,0x338e,0xad2f,0xb762,0xaaef,0xb4b7,0x3101,0x34a5,0x2529,0xb174,
    0xad7e,0x3580,0xb25f,0xb8f7,0x32f2,0xb6ea,0x358e,0xadd0,0xb078,0x2983,0xb07c,0xb77f,0x2fcf,0xb800,0xb324,0x3940,
    0xb261,0xb928,0xb8b1,0x2bce,0x33f5,0x36a1,0x373b,0xba41,0xb74e,0xb58a,0xb150,0xb7f7,0xa052,0xb9e7,0x3c72,0xa350,
    0x3a16,0xabd3,0xb8f6,0xbcb3,0xb8a0,0x3605,0xb404,0xbc93,0x30d6,0xab23,0xb73c,0xb9be,0x39e8,0xb75d,0x3485,0xb857,
    0x3120,0x3065,0xb379,0x3546,0x34b9,0x39a4,0xbdcb,0xb95c,0xa1ac,0x345a,0xaf70,0xb49c,0x376d,0xba47,0x25ac,0x2f82,
    0x3ade,0xba24,0x2aa8,0xbc17,0xb870,0x2731,0xb999,0x2c5a,0xa8ee,0x34ba,0x2f37,0xb443,0xb697,0xb0a3,0x3413,0x2e4b,
    0x3a3f,0x204e,0x38b0,0xb66d,0xaf43,0xb499,0xb0a8,0x3c37,0xbbb6,0xb0f2,0xb5ab,0x3695,0x3496,0x34d6,0x28a4,0x3b00,
    0xb06b,0x2ed9,0x31ef,0x31c3,0x22f9,0x244d,0xb49c,0xb96f,0xb142,0x2cb1,0xb02e,0x30c4,0xac55,0xaac1,0x2b90,0x310e,
    0xb238,0x141e,0x314d,0xab71,0xad40,0x30e9,0xa851,0xa0e0,0x3193,0xb2de,0xaf55,0x2e64,0x3464,0x30ac,0xad18,0x3164,
    0xac27,0x2610,0xb100,0x2c76,0xb421,0xb230,0x31ca,0xad0c,0xb209,0x2479,0x2bbc,0xae9a,0x2d86,0x2c88,0xb223,0xadd2,
    0x2c7a,0xb0f5,0x2453,0xaa42,0x3312,0x2d12,0xb0a5,0x2e66,0x2b3d,0xac9d,0xaba4,0x2abe,0xb124,0xa51c,0xaa7e,0x30a5,
    0xb2a8,0xb11f,0xa52c,0x2aa1,0xae41,0xa989,0x2c54,0xb209,0xb018,0x3480,0x3238,0x2906,0xa982,0x23cc,0x260a,0x3387,
    0x3271,0x3036,0x2926,0xb0be,0xa90a,0xb0d3,0xad19,0x29d2,0x32a1,0x2e2d,0x202f,0xb057,0xb40b,0x336d,0xa78a,0x3011,
    0x1d7d,0xaa05,0xad93,0xab2f,0xaecf,0xa83a,0xb11d,0x319d,0xb3f0,0x3969,0x33a7,0xa804,0xb397,0x3b92,0xb4d1,0xb8e1,
    0x3682,0xa722,0xbbe8,0x3213,0x390e,0xb075,0x329f,0x3bc8,0xb4d4,0x3015,0x38a1,0x33e1,0xb266,0xb6e5,0x3697,0x385b,
    0x3af9,0xb1bc,0x36fa,0x3154,0x3672,0x2f07,0xb9d3,0xa081,0x3499,0x366c,0x2b82,0x38a3,0x31b1,0xb45e,0x3493,0x3438,
    0x3cde,0x3afc,0x39a9,0x3051,0x34d6,0x3de1,0x3458,0xb78d,0x3778,0x2e57,0xb0fc,0x374d,0x39ab,0xb997,0x3427,0x3a01,
    0x392a,0x2d24,0x3903,0xb42f,0x3424,0x3de8,0x32ad,0x3c4d,0x3523,0xa0e3,0x30ad,0x356e,0x2898,0xb742,0x3101,0x3069,
    0x3461,0x2895,0x3c6b,0xb944,0x3a49,0x3430,0x3872,0xb454,0x3a5e,0xb43f,0x32e2,0x36ed,0x32ce,0x2a40,0x2877,0xa531,
    0x35ad,0x3b7f,0x345e,0x3acd,0xa76a,0x2ed8,0x355c,0x3c0e,0xacc3,0x3391,0xb524,0x3720,0x3935,0x3d70,0xb4da,0x3b95,
    0xb735,0x3c62,0xa025,0xbe01,0xb5c0,0xbc04,0xba4f,0xb192,0xb860,0x3a2d,0xb6ec,0x3308,0xae43,0x9727,0x2e68,0xb1c0,
    0x3bc0,0x33b9,0xae57,0x34dc,0x332c,0xba83,0xb958,0x34e7,0x3849,0xb0ac,0xb53b,0xb06d,0x2f00,0x393a,0xba81,0xb1b2,
    0x3bca,0x3222,0x3839,0x34db,0xba65,0x33d0,0x3732,0x252b,0x39e2,0x2ee8,0xb89c,0xb510,0xac39,0xa87c,0xb0bd,0xb330,
    0x35bb,0xb30e,0xa1ae,0xb07a,0xb7d8,0xb8ed,0x381e,0x3755,0x3215,0xb18d,0xb785,0xb88f,0x3618,0x2b65,0xb376,0xb5af,
    0x3601,0x3194,0xac82,0xb212,0xb948,0x2531,0x3267,0x3a9c,0x35af,0xb4eb,0xb88c,0xbabb,0xb112,0x30b3,0x2a08,0xb43c,
    0x3555,0x3213,0x3537,0xb723,0xb32c,0x32c3,0xb97d,0xa9b9,0x3a19,0xb9b0,0xbb10,0xb295,0x3881,0x350f,0x369f,0xb480,
    0x3472,0x3848,0x3463,0xb18f,0xbb3b,0xb2d5,0x3889,0xb69d,0x30f0,0xb723,0xb1cf,0xb48f,0x2d62,0x3480,0x3900,0xb097,
    0x343b,0xb88f,0xb1c0,0x3319,0xb312,0xb1b3,0xa958,0x3909,0x34c4,0x31ba,0xafdb,0x1f48,0x28fd,0x3585,0x21ed,0xb4a9,
    0xb519,0x39d0,0x3578,0x3a23,0x34e3,0xb82d,0xb06d,0xb1ba,0x3551,0xb1c1,0x3884,0x3106,0x33d9,0x395f,0xa381,0x2a7f,
    0x2c3d,0xb82d,0xb68d,0x212c,0xb9f2,0x303a,0xb5b4,0x2ce0,0xb5f4,0x3692,0xbbb1,0xa509,0x375c,0x39f1,0xbae9,0x3cde,
    0x3dad,0x2f97,0xb651,0xb7f2,0xad81,0xb964,0x2ad2,0xb280,0x379a,0xadbc,0xb807,0x3017,0x3802,0x2e27,0xb57a,0x2d16,
    0x3d30,0x342e,0xb5eb,0xae45,0x2c62,0xb82f,0x38c0,0xbce1,0x3ba7,0xb383,0x3852,0xb4ff,0x38b8,0xbb3b,0xb53b,0xb4f7,
    0xb508,0xb3c4,0x3931,0x33ad,0xb5aa,0x39a0,0xaee0,0x2980,0x31c3,0xb8ae,0xb405,0xb0cc,0x3692,0xadcc,0x28e8,0x3997,
    0xb09a,0xb8c6,0xb2a5,0x2eae,0xae82,0x36a8,0x2c8b,0xae5a,0x9fb9,0xb43d,0x3618,0x360f,0xb34e,0xb8c8,0xb6bf,0xb05b,
    0xb2c7,0xaa66,0xb44a,0xb99a,0xba6a,0x3497,0xb265,0x395f,0xb4c3,0xb0cb,0xb170,0x2f99,0x38f2,0xb63d,0x3611,0x384a,
    0x38b6,0x2fad,0xb555,0xb319,0x3696,0xa927,0x3469,0xb459,0xb9c0,0x365f,0x2d37,0xb499,0x35b3,0xbafc,0xa71c,0x32f5,
    0x3b1e,0xaa02,0xaa14,0xb2df,0xb762,0x316c,0x388e,0x34c2,0x379d,0xbb02,0xbb74,0x3942,0xb6a0,0xb847,0xbae7,0x3a50,
    0xb171,0x3850,0x313f,0xb5f0,0xb42a,0x3506,0xb7c0,0xb9a5,0xb5a4,0x38f5,0xa722,0xb6e5,0x2eec,0xba76,0x299b,0x2e5e,
    0xbad2,0xb893,0x374f,0x3551,0x375a,0xb1fc,0x3a1b,0x3970,0xb873,0xb11e,0x32a9,0x35cf,0xb488,0xbac7,0xb9aa,0x341c,
    0x310c,0x3899,0xb193,0xb8b6,0xbb4f,0x301a,0xae89,0xb58e,0xa70b,0x3dbe,0xb673,0xb750,0x3458,0x35c8,0xb66c,0xb09b,
    0xb841,0xaedd,0x31a2,0x339b,0x3571,0x39dc,0x370f,0x35e8,0xb42f,0xba05,0x37ed,0xb919,0x389e,0x34e7,0xb0ae,0x3b5c,
    0x337b,0x2b32,0x31cd,0x1ede,0xba38,0x36eb,0x3570,0x3396,0x25a8,0x340d,0x3970,0xaa19,0xa398,0xb488,0x39b0,0x358e,
    0xb836,0xb921,0x362a,0x3760,0x32bc,0xb8ee,0xa904,0xb742,0x2f16,0x3a59,0x3355,0x2ee3,0x380b,0x3831,0x3493,0x3322,
    0xbae1,0xac6f,0x2d47,0x3a04,0xbb1b,0xa68d,0x31bc,0xb601,0xb463,0x3750,0xb76c,0x340f,0xa40a,0xbab2,0x3712,0x3313,
    0xb870,0x246f,0xb494,0x3690,0xac50,0x3384,0x354d,0xba70,0xb7df,0x30e2,0x3813,0x3210,0x3297,0xba39,0xb6b3,0xb690,
    0xb357,0x38ec,0xb431,0xb913,0x3681,0x38c3,0xb3e4,0xb8a2,0xb0be,0xb4a7,0x30b0,0x250d,0x38ac,0x3461,0xb8f1,0x9e16,
    0x3211,0x3852,0x369a,0xb2a8,0xb9eb,0xb3b1,0x3297,0x31bd,0xb730,0xa839,0x397b,0xb452,0xac39,0x3842,0x38ee,0x287d,
    0xba7a,0xb94d,0xb5e2,0xb9f7,0xb650,0x372d,0xb8eb,0x3421,0x2fd8,0xb8df,0x3918,0xa666,0xacf4,0xa96b,0xb1ed,0x2ea8,
    0xb879,0x323b,0xb65f,0x33ce,0xa652,0x39e2,0xb988,0xb17e,0xb82d,0x3881,0x3420,0xb34d,0xb815,0xb1e7,0x38df,0x31b4,
    0xb9a0,0xac59,0xaf3a,0xb340,0xb436,0x3427,0xb75b,0xad95,0xb58e,0xb3dd,0x3c34,0x3562,0x2fbd,0xb9f9,0x37dd,0x3b2e,
    0xb255,0xba14,0xb819,0x2cad,0x39cd,0xbbfd,0x2d47,0xac8a,0xb87e,0x38a5,0xb4cb,0x2f58,0x295c,0xb73e,0xb92a,0x359a,
    0xb4e8,0x3359,0xaad5,0x3005,0x331f,0xad45,0x3005,0x2e05,0x35e4,0x2df9,0xb97f,0xb689,0xb865,0x357a,0xb88d,0xb654,
    0xb0ff,0xb6e5,0x35f0,0xaf89,0x2fa6,0x3369,0x3507,0xa2d3,0xac34,0xb25d,0x29be,0xb944,0x20b8,0x3c80,0x3299,0x376f,
    0x3400,0xb7a2,0x3421,0x2b76,0x2d75,0xae68,0x31bf,0x38e6,0x340d,0xb510,0xb858,0xb785,0x1cb1,0xb4c7,0xb717,0xbab1,
    0xb4d8,0x3500,0xb3fe,0xb88b,0xaffe,0x3bc1,0xa8ef,0x305e,0x35ce,0xbce6,0x292a,0xb146,0xb3a8,0x39a0,0x3168,0x3760,
    0xaa7b,0xb981,0xb5ab,0xb88f,0xb804,0x3bff,0x2769,0x3364,0x2ea4,0xabda,0xb969,0xb9a9,0xb815,0x382c,0xad5a,0xbc20,
    0xb9a5,0x3463,0xafb2,0x39ac,0xb90c,0x2b07,0xb47c,0x3b44,0x3847,0xad65,0x37a1,0xbacf,0x342d,0x3737,0xb026,0xacad,
    0xba52,0xb2c5,0xaf2b,0xb4a0,0x382d,0xa939,0x26a2,0x327a,0x3919,0x3465,0x35e5,0x2c85,0xb7d7,0xb575,0x394a,0x293a,
    0x308e,0x2f8e,0xa818,0x3818,0x362c,0x3082,0x186d,0x3af4,0xba5d,0x39c6,0x359b,0x31ce,0x359f,0x29a7,0xb247,0xb615,
    0xb4f4,0x3350,0x369a,0xb7db,0x2fd8,0xba2b,0x2d42,0x369d,0x318a,0xa7fc,0xb7a6,0x26bb,0x3414,0x3951,0xba7c,0x2c53,
    0xaca5,0x360d,0x324b,0x3183,0xba62,0x38a4,0x346f,0xb6fa,0x2f83,0xb6e3,0xb5a5,0xb632,0x3067,0x36cd,0x3127,0x9c0a,
    0x3560,0xb95c,0x3262,0x316b,0xb1e9,0x2ff2,0x3528,0x1ea5,0xb261,0xba0b,0x3997,0x371d,0xbb69,0xafe6,0x390c,0x382c,
    0xb790,0x3b9c,0xbc85,0xb2d8,0xac3a,0xb82a,0xb89c,0xb52f,0xb621,0x38b2,0x3a9c,0x306b,0xb4ae,0xbc79,0x3b3e,0x3785,
    0x3787,0x3831,0xb26f,0xb068,0xb1f8,0xb855,0x3507,0xb58e,0xb659,0xaec3,0x390e,0x364b,0xb3a7,0xb48a,0x39b5,0x34c4,
    0xb26d,0x2c45,0xb81d,0xba72,0x3142,0x30e2,0xb1e9,0x3860,0xb8ca,0x3505,0x3486,0xb4df,0x395e,0xa952,0xb4c2,0x38de,
    0x304f,0x2ea6,0x3640,0xa5d0,0x3023,0xb8f8,0xb130,0x35f9,0x3101,0x3c6a,0x309b,0x243b,0xb48b,0xac09,0xaf8a,0x298f,
    0x205c,0x30e3,0x38e0,0x3567,0x34e3,0x3b53,0x306e,0xb051,0xb7d2,0xb850,0xba6a,0xb30e,0xb3ec,0xb426,0x2442,0xaae8,
    0xaa59,0xb412,0x330b,0x2aa6,0x36a9,0x356a,0x385d,0x346c,0x308a,0x3825,0xb593,0x3460,0xb0fc,0xbab6,0x3476,0xadab,
    0x35b9,0xbc6a,0xb2ad,0x3845,0x3ce0,0x2f7e,0x341c,0xb41b,0xb4cd,0xbb72,0xb4e3,0xb349,0xb974,0x2524,0xb191,0xb314,
    0xb858,0x3100,0x347e,0x337f,0x375d,0x306d,0x356c,0xb975,0x26ba,0xb802,0xa8c0,0xb850,0x309b,0xb426,0xb9ca,0xb4ec,
    0x38ae,0x366a,0x3841,0x382e,0x2907,0x3916,0x34dd,0xaef3,0x39ca,0xb68a,0x3815,0x2a83,0x3782,0x3331,0x3674,0x2644,
    0xb295,0xb419,0x30b6,0x365a,0xaf85,0xb583,0x2aee,0x3797,0x31ec,0x3461,0x3807,0xaf7f,0xad50,0xb916,0xb948,0xba60,
    0x3abe,0x3147,0x3b64,0x3b56,0xb4a5,0x3b1c,0x3488,0xb414,0x33e0,0xb90a,0x2ccd,0xb387,0x3851,0x398e,0xb14d,0xb915,
    0xb0f9,0xaab8,0x322f,0x2e22,0xb08e,0x34cf,0xb4dc,0x37aa,0x391c,0x39ba,0x3b26,0xb47e,0xb55c,0x332a,0xb798,0x37f5,
    0x2eed,0x383c,0xb4cc,0x3a04,0x3452,0x337e,0x355f,0x3474,0x3150,0x3a83,0x9585,0x37b9,0xb0d4,0xbb7c,0xb625,0x23c7,
    0x375b,0x2cf4,0xb813,0x333c,0x3b95,0x369c,0x32cf,0x3a91,0x33dc,0xb068,0x39b7,0xb6a7,0x31b2,0x39e3,0xba57,0x3225,
    0x38ac,0xadb2,0x35d6,0x3cc1,0x3bfd,0xb7bd,0x3284,0x3638,0x31ab,0xba14,0x3aaf,0xb5a7,0x35c6,0x39e0,0x3861,0xae22,
    0xb8a4,0xb8fe,0xb44f,0x379c,0x372b,0x39f3,0xb576,0x254f,0x31ee,0x3160,0xb014,0x2560,0x36c6,0xb9f2,0x388f,0xa438,
    0x3714,0xb9d8,0x38a7,0xb930,0x363b,0x32ab,0x390e,0xb77a,0x3aa8,0xbc6c,0xb614,0x36c9,0xafb2,0x3656,0x2e98,0x3a51,
    0xb5ef,0xaf8b,0xacd7,0xb8a9,0xbacf,0x3c34,0xb8ff,0xb8ec,0x3507,0x35f8,0xba64,0xb664,0x36fe,0x3620,0xb242,0xb71a,
    0x3bcc,0x3abb,0x3c0b,0x311a,0xb9d7,0x342a,0x2c84,0xbba2,0x3692,0x394d,0xb3df,0xb957,0x3933,0x3843,0x332c,0x32ef,
    0xb820,0xb245,0xa451,0x3157,0xb969,0x3317,0xb6a7,0x3cee,0x36a0,0xb613,0x3372,0xa966,0xb8b7,0x3730,0xb2bb,0xb9c9,
    0x387a,0x9d94,0x372f,0x3683,0xaf96,0x3631,0xb557,0x3221,0xb4b2,0x3377,0x3ac9,0xb127,0xb3e6,0x3859,0x3680,0xb6a1,
    0xb457,0x3296,0xaa41,0xb11f,0xaee6,0xa98c,0xbbcd,0x2cb6,0x377f,0x3c38,0xb23a,0xbbbe,0xae10,0x39f5,0xb002,0xb9e3,
    0xb830,0xba4b,0x34c9,0x3913,0x35b1,0x2c80,0x3843,0x2a61,0x28c7,0x3586,0xb6e9,0xb651,0x3904,0x3b74,0xb558,0x3748,
    0xbbec,0xbb3f,0x2c7e,0x377f,0xb78c,0x31a5,0x3217,0x3ac8,0x39ea,0x36db,0xb4f2,0xb749,0xb5fa,0xa552,0x2f53,0xb2b4,
    0x38b2,0x3063,0x3449,0xb403,0xa18b,0xb736,0x1c3c,0x340e,0x3196,0xb923,0xb83d,0xb87e,0xb8e0,0x3283,0x19e8,0xb419,
    0xb43f,0x32b2,0x3285,0xabdf,0x3bcf,0x372b,0x319d,0xb35a,0xb083,0xb8bd,0xb538,0xb682,0xae2e,0x3b49,0x3602,0xb887,
    0x2876,0xb1af,0xaf43,0x394e,0x149f,0x3549,0xb6de,0xb27e,0x3408,0xb3b7,0x3a86,0x3035,0x39dc,0x325e,0x3c8c,0xbac6,
    0x38c6,0xb8a8,0x2e4e,0x305c,0xa583,0xb894,0x29dd,0xb1ad,0x3615,0xb90c,0x3241,0xb434,0xab05,0xbc21,0xaea9,0x36d9,
    0x2c02,0x2dba,0x397d,0x1f62,0x24ed,0xb063,0x3457,0xb34a,0x35f2,0xb97a,0x3633,0xaa6a,0xb016,0x2f12,0xb940,0x38c2,
    0x2ce0,0xb99d,0xb5e2,0xb4bd,0x399a,0x363d,0x3693,0x3065,0x2d0d,0x3508,0x37bb,0x359d,0xaab5,0x3882,0x2b25,0x3c55,
    0xb83a,0xb5de,0xb635,0xbc40,0x3538,0x2089,0xb8a3,0xb02e,0x2f46,0x3809,0x3185,0x3a16,0xb732,0xb8a4,0xb72c,0x2967,
    0x3715,0xb141,0xb1ec,0x35fb,0xb924,0xb2c0,0xb277,0x94c4,0x33b1,0xb357,0x2fdc,0xad62,0xb3e7,0x394e,0xb6c4,0xba10,
    0x38b6,0xbb78,0xa982,0x38e0,0xb7ae,0x2ea9,0xaea7,0x2f8f,0xbbd5,0xb82b,0x3ca7,0xaea5,0x350c,0x2a1a,0x3479,0xb8d6,
    0xb32d,0xa087,0x96be,0x2d40,0x381d,0x37cb,0x310a,0x31d8,0x34ba,0x365b,0x24ea,0xb873,0xa878,0x2eb0,0xaea0,0xb817,
    0x3728,0xb328,0x34be,0xbb3d,0x3443,0x38a9,0x311e,0x38d7,0xb486,0xb324,0xb6c9,0xb8cb,0xa965,0x35c9,0x34b5,0xa963,
    0x3519,0xb430,0x373e,0xb33f,0xb7d4,0xaa69,0xb51e,0x378f,0x3600,0xb0bf,0xb584,0xb841,0x300e,0xa94f,0xb691,0xb582,
    0x3a5c,0xac09,0x21c8,0x3756,0xbb2b,0xb2d3,0xacde,0xaba1,0x393d,0x302b,0x377a,0xb54d,0xb072,0x3003,0x319f,0x3610,
    0x35b4,0xaef9,0xb0b9,0x2989,0xb84d,0xb464,0x39df,0x3749,0x3b34,0x2c24,0x2658,0xb2d6,0x2dd3,0x363e,0xb8f7,0xba7a,
    0x3b6b,0xb7ec,0xaef7,0xbe9a,0x3acf,0xa836,0x3099,0x3bcf,0x347a,0x3202,0xbbc4,0xb3c9,0xb441,0x3749,0xb546,0xaeba,
    0x381d,0xba3d,0xa469,0x3130,0x3073,0xb4db,0xb46b,0x310e,0xb9d3,0xb203,0xb761,0x300a,0xb5b9,0xb6ce,0x3543,0x3b98,
    0xb5af,0xb82a,0xb2c9,0xb82f,0x30db,0xb6f1,0xb786,0xb297,0xb5b7,0x2f8a,0x9c58,0x3693,0xb3ed,0xb244,0x9f2d,0xab04,
    0x37d7,0x353b,0xa816,0x3172,0x35c0,0x383b,0xb8bf,0xb97a,0x3589,0x315a,0x3841,0x3523,0xb8d4,0xb3be,0x39c3,0xb6bc,
    0x35a1,0xb710,0xa178,0xb46f,0x3b4e,0x2e70,0x2e9f,0xa811,0xbb11,0x35d8,0xaeb8,0x37f4,0x2ceb,0x2b99,0xb30f,0x3418,
    0xb9c9,0xb3a1,0x31b9,0x3c48,0x35b2,0xbb4e,0xb861,0xb3a3,0x3ad2,0x3525,0xb848,0xbc2b,0xb04a,0x34e3,0xb45a,0xb814,
    0x31f8,0xb4a5,0xaf79,0xb4b2,0x30d6,0xb4a7,0x33df,0xa471,0x2d10,0xbb3d,0xb79f,0xb40d,0xb7aa,0xb3de,0xaf7d,0xb959,
    0xb899,0xb8e5,0x3402,0xb4a3,0xb6a5,0xb5e8,0xb066,0x39be,0x36b7,0x3237,0x3b27,0x3567,0xb7cc,0xb9b2,0x3a17,0x3b61,
    0x3434,0xb93b,0x3599,0xb981,0x3166,0x34df,0xb8e5,0x33b8,0xb87f,0x2fb1,0x3a9a,0x30aa,0xaa11,0xb45a,0xb6b4,0x3683,
    0x379e,0x3817,0x31f2,0x36e2,0x3976,0x2fd8,0xa867,0xb83e,0xaa91,0x2cea,0x2ddc,0xb411,0x3a91,0xb4cc,0x34d1,0xbbc0,
    0xb999,0x38cb,0x3ca8,0x2289,0x30bb,0x3d57,0x34e9,0x3340,0x30ea,0xb51b,0x3091,0x2e3a,0xbb67,0xb0ce,0x3a34,0xb4da,
    0xb90e,0xb49e,0x3151,0xb227,0xb80e,0x2fb6,0x39d0,0xa550,0xb93e,0xb145,0x37c8,0xbb65,0xb04e,0x3930,0x3190,0x2c10,
    0x1dcf,0x3c27,0x26c7,0x3842,0x31ee,0x30ef,0xac6e,0xbb61,0x38e4,0x3acb,0x3ce2,0xb858,0x3913,0x2607,0x3dab,0xbfea,
    0x39d9,0x30a9,0x317f,0x385c,0x389e,0xbc13,0xb16c,0x3814,0x32d5,0xba11,0xb898,0xb9eb,0xb6f9,0xb661,0xb66b,0xb80f,
    0xb63e,0x29ac,0x3965,0x3189,0xb5c2,0x36a9,0x31c3,0xb889,0x25f2,0xb849,0x28e0,0xb1e8,0xb447,0x3aa9,0x378a,0x2df5,
    0x3057,0xb4ca,0xb8c8,0x31eb,0x30a3,0xb309,0x371d,0x36c6,0xa982,0xb7bd,0x2bf4,0xbc8d,0x3578,0x395d,0xb902,0xad5a,
    0x3bc4,0xb15d,0x3249,0x3c22,0xb5c1,0x1e15,0x2deb,0xacbf,0xb45c,0x31f3,0x2193,0xae7a,0xb104,0x343b,0x2fd5,0x3112,
    0xb217,0xb43c,0xb177,0x2b4a,0xb4a5,0x36ee,0xb2a3,0x2f58,0xb12a,0xaf4c,0x369c,0x37cd,0xb944,0xb656,0x2f75,0x2981,
    0x380a,0xba3e,0xb32c,0xba02,0x3791,0xa1a0,0xb8da,0x35e0,0xb140,0xb475,0xb5b1,0xb30d,0xb677,0xb877,0xa4de,0xa546,
    0xb805,0xb45f,0xb894,0x2ebc,0xb506,0xaf92,0xb240,0xb588,0x23d0,0x34d3,0xb5e8,0xb99a,0xb6c0,0x38ea,0x3272,0xbaa3,
    0xb6c9,0x3168,0x382f,0xa806,0xbaa4,0x298a,0xb2c0,0x34f2,0xb0e4,0x38fc,0xb7b6,0x29b0,0xa69b,0xb527,0x3702,0x3417,
    0xbb9e,0xaf89,0xb536,0xb1a0,0x3b62,0xb053,0x38a1,0x2a08,0x3485,0x350a,0xb2c8,0xba5a,0xb6bb,0x3349,0xb3ff,0x287a,
    0xadf6,0x387b,0x2eb3,0xacb7,0x3a12,0x2523,0x36be,0xb8ba,0x3b0a,0x2b7c,0x33a2,0x35c6,0xb853,0x2fdd,0xa5b7,0x3771,
    0xb131,0xb6d8,0xb8eb,0xb891,0xbba5,0x3c9a,0xbc1c,0x260e,0xb77f,0x372e,0x31a0,0x3549,0xb960,0x32ec,0x39b5,0x28b2,
    0xb775,0x3b8b,0xbc1c,0xa834,0xa86b,0xb6ae,0x2cb1,0x3d0b,0xb41c,0x3c27,0xbc16,0x2e90,0xa9d2,0xb4a2,0xb155,0x39f0,
    0x31c3,0x30ed,0x3340,0x382e,0x3972,0xb9eb,0xb192,0x245d,0xb608,0x3cd2,0x2f15,0x3968,0x3aa3,0xbaf0,0xb812,0x38db,
    0xb4c6,0xb7e1,0xb16c,0xbc4d,0xb1dd,0xb2d1,0x3464,0x3a3d,0xb4eb,0x3267,0xba79,0x330f,0xb08e,0x38e9,0xb997,0x3db3,
    0xb9ef,0xb3d0,0xb29d,0x3979,0xae4c,0x357f,0x38d1,0xb5eb,0x28ec,0x349d,0xb61a,0xbb0a,0x1fd8,0x32ec,0xb470,0xabef,
    0xaf74,0x3144,0x311f,0x352a,0xb3b2,0x3af1,0x35e7,0xaeb4,0x3885,0xb45d,0x37d5,0xb73b,0xa714,0xb71d,0xb89b,0x3156,
    0xae1d,0xb5d4,0xb0dd,0xb648,0xb59b,0x3b90,0xace5,0x2c81,0x3898,0xb52b,0x38f6,0x353b,0xb808,0xaaaf,0x2e56,0xb5c5,
    0xb8b9,0xb443,0x363a,0xb844,0xb387,0x37d7,0xacb1,0x371f,0xb8f0,0x3443,0xb3ad,0x308f,0x27e8,0xb0c1,0x24dd,0xb5c7,
    0x2d29,0xb4f7,0x32a2,0xb870,0x289a,0xa0f2,0x3c49,0xae14,0xb948,0x3859,0x3742,0xb3fe,0x394c,0xb6ec,0x3721,0x0dce,
    0xb5d8,0xb389,0x3257,0xbb61,0x3c8d,0xafd6,0xb423,0x348f,0x3213,0x3b49,0xbc34,0x33dd,0x2fd9,0xbbe5,0x2dc9,0xb165,
    0xba88,0x349c,0x283d,0xbc96,0xb1fc,0x2838,0xb8d3,0xb937,0x34cb,0x3176,0x3046,0x358a,0x34df,0xbb36,0x3548,0x3977,
    0xb7f5,0x2ee0,0xb4b9,0xb60a,0x30b8,0xb542,0xb4e1,0x3cd4,0xb453,0xaf56,0xb9e1,0x34f6,0x2e51,0xb58e,0xb473,0x393f,
    0xa409,0xad5f,0xb496,0x3343,0x3854,0xaef7,0xa8a6,0xb62f,0x3579,0x347b,0xaa36,0x23f8,0x2c0b,0xb415,0xb00c,0xa9d7,
    0xb1c1,0x2e65,0x3cc5,0x389a,0xb0c8,0xb401,0x38d1,0xb416,0xb00d,0x318b,0x35a3,0xaebe,0xacb9,0xb35e,0x2f96,0xb6df,
    0xb618,0x20fe,0x310c,0xbac7,0x2a5e,0x2d2f,0x3588,0x3283,0xb4cd,0xba78,0x36c5,0x3454,0x3737,0xb81a,0x3115,0x3cdd,
    0x26d1,0xb9a4,0x316a,0x2937,0x3474,0x30ec,0x2fb0,0x3d31,0xac50,0xb8c7,0xb881,0x1ef2,0x2b7a,0xbcc9,0xbdc2,0x33a1,
    0x3966,0x36b0,0x3175,0xb99b,0x3222,0x3cc2,0xb8f4,0xbd55,0x29dc,0x36eb,0x3416,0x3795,0x31f0,0x2e48,0x38f1,0x3b44,
    0xb982,0xb553,0x3098,0xbc50,0x384d,0xb4f0,0xb0f5,0x30cc,0x3682,0x31df,0xb595,0x3c20,0xb806,0xb380,0xb60e,0xadee,
    0xacf1,0x2be4,0x328a,0x3372,0xa318,0xa885,0xb697,0xb54a,0xb876,0x3e11,0xb38c,0x3737,0xb2f7,0xb402,0x3b52,0xb187,
    0xbdfe,0xb8d9,0xb5f6,0xbd3b,0x3987,0xb014,0x31e6,0x348e,0xb79f,0xb8e2,0xbe2e,0x365e,0xbb28,0x300e,0xb8e1,0xb0fd,
    0xb4f0,0x369d,0x3499,0x360d,0x38cc,0xba7c,0xb547,0x34ef,0xb699,0x2f4c,0x3cce,0x286e,0xb5e0,0xb092,0x3031,0x329b,
    0xb81b,0xbc0c,0x2cd0,0xb754,0x3a6c,0xb6c4,0xb849,0x39c1,0xba4f,0xb505,0x29a3,0xa2e1,0x266b,0x34d2,0xb001,0xbccb,
    0xbe45,0x2ef4,0x3419,0x3c05,0x3942,0xba00,0xb878,0x396b,0x3985,0x2a7f,0x3520,0xb1f7,0x2705,0xaf23,0xb00b,0xbb45,
    0xbc2a,0xacf4,0x3af3,0xb092,0x385a,0x3989,0x312f,0xb962,0xb5d2,0xb011,0x2dd4,0xbaad,0xb66c,0x2b5b,0x34e7,0x2681,
    0xbb53,0x344c,0x2dce,0x38a8,0xb6ce,0x3a2e,0x384c,0x3c7f,0xb396,0xb392,0x3a91,0x3612,0x266e,0xbbde,0x34aa,0x32d9,
    0x3738,0xb21e,0xb2b4,0xb777,0x3082,0xb4bd,0xb440,0x3c51,0x32aa,0x34ad,0x3a11,0x36eb,0x3773,0xb542,0xaedc,0xa4e0,
    0x3029,0xb63f,0x3302,0xb14e,0x37d0,0xb043,0x366d,0xb74d,0xb4d2,0x37af,0x3186,0x34c1,0xb240,0xbbff,0x342d,0x3432,
    0xb8be,0xb86c,0xb013,0xaf6a,0x392c,0x3382,0xb24c,0x3662,0xadcf,0xaf63,0xb1d7,0x3493,0xb722,0xba2e,0xb761,0x3848,
    0xba3a,0x315f,0xb1f5,0xb55e,0x39ec,0x385a,0x36da,0x297d,0xbb3b,0x2eee,0xb062,0x33cb,0xb222,0xb4e8,0x388e,0x37c3,
    0xb711,0xb99c,0xb783,0x3718,0xb4c5,0x34e7,0xaff4,0xb536,0x2a49,0x3632,0xb736,0x3769,0xb48e,0xbae0,0x33a6,0x31cf,
    0x310e,0xb1c3,0xb72c,0xb1b5,0xb41a,0xa966,0x9e62,0xb75c,0xba2e,0x3808,0xa1be,0x3697,0x95b5,0xb830,0x355a,0x3bff,
    0xb15c,0xb916,0xb73f,0xb9e9,0xb783,0xb8e2,0xb92d,0xb844,0xb6a5,0x354a,0xb5d7,0x3513,0xb426,0xb84f,0xb73f,0x324d,
    0x31b3,0x2a8a,0xaf0f,0xb85e,0x2a7b,0x370d,0x3059,0x33ab,0x3829,0x36c1,0xb188,0xb3df,0xb2f9,0xa82a,0xb5aa,0x30cd,
    0x3031,0x3371,0x3987,0x30e2,0xb846,0x32c0,0x3ac8,0xb8e2,0x3617,0x2d6a,0xb8ac,0xb5e3,0xb825,0x3462,0x358d,0xb2de,
    0xb0d9,0xa2c5,0x2f36,0xad2f,0x36f9,0xb427,0xb4b5,0x33f5,0xab7e,0x3cf3,0xa7df,0xb05d,0xb969,0x384d,0xb4fa,0x380d,
    0xb8d3,0xb9eb,0x3a40,0x3948,0x191e,0x312d,0xad77,0x2f66,0x252c,0x34a5,0xac88,0xb5a6,0x35c8,0xb4a9,0xb762,0x3800,
    0xb4b7,0x305d,0x1c27,0x34a0,0xb8e5,0x2d35,0xb5e7,0x2ecf,0x3b6e,0xb35b,0xb4e0,0xbc52,0xaf09,0x30f0,0xb897,0x28ee,
    0x3631,0x36fc,0x38ef,0x31c7,0xb8dc,0xb025,0x247f,0xb853,0x3ae2,0xb825,0x380e,0x3474,0xb02c,0x3b2b,0x3824,0xb0ac,
    0x3696,0xb81c,0xb468,0xb994,0xb95f,0x3c50,0xb46f,0x2ddf,0x380b,0x32ad,0xb0dc,0xad6d,0xb821,0xbdbf,0x2ea0,0x376d,
    0x36f0,0xb937,0xaab2,0xb870,0xb8ba,0xb60c,0x350f,0x3961,0xa87b,0x3a4e,0xb3a0,0x306c,0x2aec,0x3c57,0xb671,0x3bef,
    0x3909,0x363f,0xaf46,0x3931,0xb99d,0xb867,0xa09e,0x27c8,0xae74,0x38bb,0xb84d,0x3672,0x338b,0xb917,0xb862,0x2405,
    0x3964,0xa8e8,0x3642,0x3bef,0x34f8,0xb637,0xb78f,0x3601,0x365f,0xb9ef,0xb353,0x34b1,0xb553,0x2d4f,0x2d0e,0xb664,
    0xa9d9,0xa949,0x38c1,0x320b,0x3503,0x389b,0xa62a,0xb46a,0x2bcc,0xb6e9,0xa3fc,0xba69,0xad91,0x3413,0xaeb4,0xb4d8,
    0x3c59,0xaff6,0xa36d,0xb894,0xbb74,0x351f,0x2167,0xa48e,0xa727,0x18b1,0x3081,0x2b5c,0x36b3,0x373c,0x3241,0xb5f2,
    0x36a2,0xac66,0x364b,0x3757,0xafe7,0xb219,0xb85b,0x3995,0x3926,0x36cc,0x8e6e,0x3834,0x343d,0xbaab,0xba91,0x3419,
    0x3d78,0xbcc6,0xb2fa,0x2872,0xb9c8,0x30bb,0xb610,0x37ae,0xba4a,0x2b9d,0xa85c,0xb4fb,0x3493,0x3b21,0xaa79,0xaf73,
    0xb8f3,0x301b,0x2cb6,0x3026,0xb84f,0xb888,0x2dc4,0xb230,0xaf78,0x2bfd,0xb528,0xb6c5,0xb83c,0x3676,0xb85a,0xbb44,
    0x302f,0xb8bb,0x38d0,0x3c26,0x30e9,0x3b01,0x2fbf,0xbb38,0x2fa0,0x3476,0x38e1,0xbb55,0x3648,0x39ab,0x38cb,0xb565,
    0xaddb,0x2dfc,0x3198,0x3880,0x31e8,0xb55e,0xb251,0x3a68,0xb07f,0x2ed7,0x3842,0xb1c3,0xb364,0x3615,0xa5b5,0xb7bb,
    0x3099,0xb999,0x3155,0xb8ae,0xb0db,0xb43a,0xb83f,0x32cb,0xbb82,0xb5bd,0x39d1,0xb099,0x3a06,0x3457,0xb735,0x389f,
    0xba7f,0x31e8,0xacb0,0x36b7,0xaa1f,0x38a3,0xb2e6,0x34f2,0x288b,0xb716,0x3191,0xb21d,0xba29,0x2e80,0x33fb,0xba48,
    0xb13f,0x2f08,0x34f8,0xacd7,0x2e9c,0x306f,0x3471,0x2b25,0xa9cf,0x34dd,0x3505,0xb0af,0xaca8,0x340a,0x28a0,0x2892,
    0xbbab,0x2c3f,0xb4d2,0xb26a,0x3928,0x24fd,0xb0ec,0x2f5e,0xba77,0xb8ec,0x34a4,0xa549,0xbad9,0xb51c,0x359f,0x3706,
    0xb45d,0x3081,0xac37,0x3461,0x3366,0xb0fb,0xa498,0x3390,0xb815,0x2afc,0x3d49,0x3a1e,0x3a75,0xb898,0xb53e,0xb531,
    0xb4bf,0x347b,0xa017,0xb639,0x2f17,0xb89c,0xb5cb,0xb89a,0x3a41,0xa97f,0xb9bd,0xb675,0x304e,0x397b,0x3392,0xb9f6,
    0x390b,0xa934,0x36dc,0xba38,0xba9a,0x3cd7,0xb304,0xb9ac,0x3aa3,0xb53b,0x3028,0xba3d,0x3031,0x3b90,0x35f5,0xb06f,
    0xb4c8,0xb754,0xa932,0x34ec,0xbb64,0xb697,0x3a60,0x3a54,0xb9c9,0x3c97,0x3318,0x3b0e,0xb709,0xb8fd,0x3518,0x39ee,
    0xbab3,0x36db,0xb930,0x380d,0x2d46,0x3a83,0xabe8,0x395a,0xb73e,0xb81f,0x38d5,0x387b,0x3806,0xba5b,0xb647,0xb2a9,
    0x3b54,0x360e,0xb2b9,0xb319,0x3436,0xb2da,0x2a37,0xb8d8,0xb695,0xb8cf,0xb4a1,0x38b9,0xb645,0xbb49,0x311b,0x37f0,
    0xbc2a,0xb579,0xb1a4,0x2772,0xb298,0x2cd7,0x29f1,0xaca4,0x32a4,0x2e50,0x3a8c,0xaf30,0x37e9,0xb913,0xb7f5,0x3c95,
    0x34ff,0x35ba,0x2e70,0xaab4,0x2a99,0xb81a,0x35fe,0xb053,0x315c,0xb91c,0xa965,0xb683,0xade8,0x36a7,0xaea2,0xb625,
    0x34b2,0x3524,0x3584,0x3cba,0xbc2c,0x9b30,0x3535,0xb424,0x2f7f,0xb7e0,0x38e7,0xb3a8,0x2d4b,0x38a4,0x3896,0x35e1,
    0x359f,0xb316,0x2bb0,0x3320,0x391b,0x2f4d,0x3533,0xae64,0x34dd,0xb852,0xb581,0xb83e,0x1ba6,0x1c5b,0xb848,0x3140,
    0x349f,0xb7ed,0x32bc,0x3033,0xb88b,0x372e,0x3693,0xb9d2,0x3a6f,0x3633,0xb84d,0xb30f,0xb61f,0xaf10,0x34df,0xb02c,
    0xb073,0x27e5,0xa679,0xaa9b,0xb94b,0x1e99,0x3501,0x3a18,0x365d,0xb826,0xb3b1,0xba50,0xba5e,0x394a,0xb489,0xb866,
    0x3943,0x346e,0x35ee,0x2f4b,0xb56a,0x37ea,0x230e,0x3024,0x3838,0xb5da,0x344e,0xb675,0xb509,0xb53e,0xac6d,0x2997,
    0xad03,0xb533,0xa5df,0x3219,0xb59f,0xbd9d,0xa9b1,0x39db,0xb143,0xaddb,0x05bc,0x31be,0x28bd,0xb4eb,0x346e,0x30c7,
    0xae40,0x27e6,0xb1da,0xbb81,0x2806,0x3a13,0xb33d,0xb45a,0x3416,0x34af,0xb6a6,0x39dd,0xb84a,0x3579,0xad5f,0x36de,
    0xb94f,0xafeb,0x30fd,0x2f3a,0x2fdc,0x3c01,0x2d5b,0xabf7,0xb4c8,0xb84a,0x2d77,0xb39e,0xbc05,0x2ba2,0x2f40,0x339d,
    0xb766,0xbbbd,0x2e7b,0x37b2,0x364a,0x38cf,0xb50a,0xb3cf,0xb5f1,0x3586,0x357c,0x3946,0x2912,0xb59f,0x27bf,0xb731,
    0x3518,0x3024,0xb0a2,0x3893,0x3664,0x343d,0xb81e,0xb883,0x3122,0xb147,0xba59,0x3a2b,0x30a5,0xbb2a,0xb6fc,0xbace,
    0xb56e,0xb46b,0x30d5,0xb1bb,0xba8f,0xb82b,0x3489,0x3779,0x3d38,0x34f3,0xacae,0x34a0,0xbae2,0x3289,0xb72d,0xb8fd,
    0xb26f,0x2e90,0x3158,0xb98f,0xa13f,0xb6e7,0x31be,0xb537,0xb6c8,0xb53b,0xa3cd,0x37da,0xac80,0x3094,0x35fa,0x39f0,
    0xb49c,0xba20,0xaf59,0xb256,0x37a3,0x369b,0xb308,0x33c8,0x35fa,0xb4ac,0x333a,0x37f0,0xafb3,0xba21,0xb4e0,0xb262,
    0x3abe,0x3482,0x335c,0x30af,0x2c97,0x3029,0xb189,0xae64,0xb5ca,0x3a82,0xb45f,0x370a,0x3935,0xbc5e,0xb211,0x3986,
    0xb9c2,0xba7a,0x361b,0xbc0b,0x2b0d,0xb53a,0x3972,0x3227,0xb91d,0x2df6,0xb66f,0x34be,0xb436,0xb9a1,0xb97b,0xbca1,
    0x3e56,0x3471,0x29e6,0x291f,0xb690,0xbac9,0xad15,0xbc56,0x2c22,0xb585,0xaa33,0xb637,0xafb0,0x3722,0x2ef0,0xbc0e,
    0xb380,0x3532,0x2f34,0xa98f,0xad8c,0x3970,0xaf20,0x3a48,0x30eb,0xb803,0x3898,0xb900,0xb8bb,0x389f,0xaab6,0xaff8,
    0xb8c9,0xaf20,0x2b84,0xb682,0xa044,0x33ab,0xa71e,0x24ee,0x3401,0xacd7,0xb1ad,0x3059,0x3780,0xaad1,0xb101,0x39c6,
    0xb861,0x34fa,0x338e,0x34b0,0xb9c0,0xbd92,0x3379,0x3844,0xb8d1,0x3256,0xbbac,0x3a7c,0x3475,0x2d25,0x2a58,0xb64d,
    0x39c5,0xb2c9,0x284d,0x316e,0x2f9d,0x392f,0xb97a,0xb1c3,0x34e9,0xb9e2,0x35a9,0xb4d7,0x32d6,0x31d9,0xb7f5,0xb3a2,
    0x3b22,0x368c,0x2bac,0x3866,0xb868,0xb324,0x30b1,0xb48f,0xae6f,0x28c8,0x3993,0x3488,0x1e28,0x31bb,0x351c,0xb855,
    0x3194,0xac1c,0x2582,0x395b,0xba69,0x2a0f,0x35bf,0x37b3,0xb0cc,0xb959,0xb427,0xb56c,0xae91,0xb65f,0xaf08,0x3a41,
    0xb405,0x3692,0xb14f,0x3bbe,0xba03,0xb63b,0x2ca8,0xada1,0x3997,0x36e3,0x2974,0x3233,0xb7f4,0x1d27,0x3889,0xb661,
    0x396e,0x3532,0xa503,0x3442,0x3950,0xb747,0xabb4,0xb59a,0xa469,0x3956,0xa462,0x3831,0xb732,0x9157,0x30f8,0x2f13,
    0x355c,0xbc7b,0xbad5,0xb972,0x302d,0x387a,0x3162,0xbbc9,0xaccb,0xb08b,0xba5a,0x2cc9,0xb82b,0xb382,0xb378,0x34f6,
    0x3780,0x3221,0xa80b,0x36b7,0x2581,0x3a1a,0x37be,0xb2ad,0xb828,0xbc58,0x368c,0x38f0,0x2f3a,0xbda6,0x2c38,0x31bd,
    0xbd74,0xb4e9,0xb798,0xb079,0xaa91,0xb652,0x2c4a,0x3966,0x384e,0x3a0c,0xb90e,0x334f,0xb1b7,0xbcda,0xba05,0xbeec,
    0x38e1,0x2673,0xa58d,0xb995,0xb4c5,0xba68,0x3609,0xb9e7,0xb82e,0xb854,0xb238,0x35f5,0x33ea,0x36dc,0x2c86,0x3556,
    0x3230,0x2d4e,0xba54,0x2d2a,0x3551,0xbc8a,0xac35,0xb493,0xa8ec,0x32fc,0xb0c9,0xa7ea,0x3738,0xa77d,0x344e,0x2dd2,
    0x32d7,0x3349,0x20f8,0xb12b,0x3629,0xab87,0xb058,0xb58e,0x299c,0x1dde,0xa21e,0x2987,0xb1b3,0x2533,0xaca3,0xabb8,
    0xa41f,0x265f,0x2e5e,0x304e,0xa89c,0x244b,0x2d8d,0x317b,0x33e1,0x313a,0xa7b1,0x26ea,0x3084,0xaa28,0xa292,0x2a98,
    0x2f8a,0x2e29,0x34c8,0x314c,0x2733,0x3196,0x9a76,0xb1e7,0x9dfd,0xaaf9,0xad73,0xac39,0x2f1d,0x93a7,0x33a4,0x355b,
    0x255b,0xa7be,0x2cb8,0xae6a,0x356e,0x3152,0x243c,0xb30b,0x2f6a,0xac40,0x2afe,0xa56b,0x2832,0x2c69,0x2d58,0x25b9,
    0xa629,0xaaed,0x2c0b,0x2988,0xaa80,0xaa04,0x307e,0xa7b8,0x9fd9,0x2ee0,0xaa70,0x9ae7,0x29e8,0x2a08,0x27f9,0x9d1e,
    0xab27,0x2559,0xaceb,0xac70,0x2f95,0x2102,0xa918,0x2f8f,0xa807,0x2666,0xa808,0xae16,0x2e17,0x3170,0xaecc,0x27e1,
    0xa074,0x2c1c,0xa62a,0xab2b,0x2c09,0x2818,0x2ca0,0xb4cd,0x285e,0x2f94,0xa122,0x3041,0x21da,0x2d53,0xac56,0xaebe,
    0x1d7a,0xae03,0xadb2,0x2e13,0xaa91,0xb012,0x2c3d,0x317c,0xa234,0x2bfb,0x1b34,0x8bd3,0xb1a8,0xa4c5,0xb0bc,0xa83f,
    0x2d1a,0x223d,0xb075,0xa965,0xac96,0x9e78,0x9c21,0xa4fd,0x336c,0xaca5,0x2bbe,0xa814,0xa50f,0x9fa4,0xaf61,0xb091,
    0xb22d,0xb231,0x321d,0xb1f4,0x27b6,0x2cb6,0x1b55,0xaeb6,0xb581,0x9eea,0x253a,0xaaf4,0xacab,0x2edf,0x2d69,0xa413,
    0xb0ab,0xaa1d,0xabd3,0x2cb0,0xaa33,0xa88b,0x236d,0x2837,0x2d8b,0x1e64,0x2a8c,0xa310,0xb09d,0xa5e3,0xa1c2,0x24d5,
    0xae9e,0xac7c,0xad3a,0x318a,0xad62,0x2ccd,0xb17f,0xadd3,0xa997,0xa880,0xa426,0xad57,0xb0a3,0xacb2,0x2b66,0x2df8,
    0xa119,0xa4b3,0xa495,0x1023,0xa810,0xa90f,0xa45c,0xad5a,0xa527,0xb0b3,0xae0c,0xb011,0xaf96,0xac3b,0x2d4e,0xaf7f,
    0xa40e,0xa9a0,0x24e4,0xb490,0xb016,0x3332,0x2b9a,0xb061,0xb423,0x30db,0x249a,0xac1c,0xaf09,0xad42,0xa9d9,0x1c94,
    0xad06,0xab75,0xb233,0xac83,0xa073,0xb16c,0x1302,0xaa8b,0x3047,0x932e,0xa904,0xaeb7,0x2d4a,0x2237,0x282d,0xb44d,
    0x33cc,0xb01e,0x1e0f,0xb116,0xb180,0xb44b,0xadc3,0x2b2c,0xa757,0xadc3,0xab24,0xa70a,0xae5e,0xb148,0x2f2e,0xaec1,
    0x29a3,0xa939,0x2d14,0x2c47,0xab4b,0x2c43,0xae5f,0xa572,0xa2c2,0xa74d,0x22ab,0xacdb,0xb539,0xa791,0x22d1,0x2632,
    0x208b,0x3075,0xa4dd,0x2e7f,0xa6c2,0xb05e,0x2d2b,0xaf51,0x2e1d,0xb0b5,0xaffb,0xae97,0xb304,0x206b,0x2464,0x2ff9,
    0x20b8,0xac71,0x1c1d,0xa6be,0x2c12,0x33c3,0x232b,0xb2bc,0x29a4,0xb384,0xa0fb,0xb347,0xa633,0x2cb7,0xa4bc,0xafaa,
    0x194a,0xa968,0xaf94,0x96e9,0x2d1c,0xa67a,0x3119,0xaf26,0xae83,0xb0c5,0x29e0,0x25c1,0xb7e3,0x2a96,0xadc4,0xb0d4,
    0xb328,0x265a,0xb30f,0xb0da,0x1cf0,0xb168,0x263d,0xab47,0x2c0b,0x2ecd,0x2852,0x9cc9,0x1d03,0xa4b5,0xb2c9,0xb2a7,
    0xa0ea,0xb545,0xb2ec,0x2fdc,0xac17,0xb410,0xac1a,0x9e95,0xaccb,0x2a7f,0x2e43,0xabab,0x20f1,0x1f29,0x2bc1,0x2915,
    0x308b,0x9d20,0xabd5,0x27a8,0xa7ef,0x2120,0xb13c,0x1299,0xab2e,0x3350,0xb089,0xa361,0xaf02,0xb0a6,0xad74,0xac7a,
    0x2ca0,0x24f6,0x3375,0x3122,0xb17e,0xac21,0x2a12,0xb1f3,0xaaa0,0xa30a,0x9987,0x22e2,0x9c79,0xb2a4,0x28a9,0xabf8,
    0x98ac,0x302b,0xa76e,0xb19d,0xab3a,0x1be9,0xaf46,0x30de,0x2fda,0xb07c,0x274f,0xa1c8,0x2bd3,0xaeda,0x256e,0x2768,
    0x9a0b,0x261e,0x1fbd,0xb0e1,0xa558,0x2ae6,0xa76f,0x2895,0x1f1c,0xb02a,0x28f7,0x2522,0xb1d0,0x2075,0x2861,0xa5bd,
    0x3041,0x25b7,0x2b0f,0x0fb9,0x2dd3,0xa0fa,0x1b1e,0xad1f,0x314e,0x2bd0,0x21b1,0xa727,0xb30a,0x99bf,0xaf51,0x299d,
    0x2387,0xaf38,0x343e,0x2dbe,0x2aed,0xa0bc,0x2d8a,0xb234,0xac09,0x2814,0xb5fc,0x287d,0x2f7e,0x284d,0x31f3,0x2b9b,
    0x2fce,0xae1b,0xaccf,0xab23,0x2d8b,0x26f5,0x294b,0xa72c,0x2675,0xa912,0xaaf0,0x3130,0x33a4,0xa457,0x2b0f,0xa851,
    0xadfd,0x2df1,0x1c06,0xae30,0x2776,0x33ac,0xaebe,0x2c97,0x1a79,0x2fcd,0x214a,0x2f91,0xaea2,0x337f,0x2cf0,0x2873,
    0x1c2a,0xa531,0xa895,0x331f,0x2805,0xa8ae,0xa5b2,0x328d,0x308c,0xb037,0xa8b1,0xac19,0x30df,0xaef0,0xace4,0x29e5,
    0x2371,0x2f84,0xaf97,0xb010,0x2932,0x2621,0xa834,0xa4b8,0x2636,0x2f6f,0x08dd,0x140c,0xa593,0xa3bd,0xa187,0x9eac,
    0x28f8,0x24d1,0x2e24,0x2d97,0x2a59,0x2955,0xa384,0x2f8d,0x2b15,0x2b1b,0x2247,0x3386,0x2804,0x1cbd,0xacd1,0x314b,
    0x2f5a,0xadf8,0x2c3f,0xac43,0x237b,0xae0a,0xac92,0xb39b,0x3191,0xa5ad,0xae17,0xa8db,0x2f34,0x2da1,0x312d,0x25fe,
    0x302d,0xaa17,0x2ced,0xb194,0xa837,0xa2ba,0x3414,0x2aa3,0x29c7,0x9cc2,0xb124,0x2aa0,0x34cd,0xa43f,0x2503,0x1e8d,
    0x1c77,0x28a0,0x2696,0xa9a4,0x9e28,0xa525,0x2c66,0x2c86,0xadae,0x9f23,0x28e7,0xab0c,0x15ea,0xb36e,0x29b5,0x2e58,
    0x9958,0x99c0,0x2896,0x2d5e,0x2571,0x2a28,0xa95a,0xb044,0x9d23,0xb386,0x29d2,0xa1bc,0xb1e7,0x2856,0xab00,0x250e,
    0x99a4,0xa913,0x2cd5,0xae7d,0x2925,0x2d3e,0x3280,0xb016,0x2461,0xacf2,0x281d,0x278c,0x2479,0xa486,0x2c31,0xad03,
    0xb0e6,0xa195,0x25e9,0xae04,0x2b17,0xaf91,0xa894,0xacc2,0xaf34,0x2fc8,0xa67f,0x2f24,0x2d75,0xa124,0xada3,0xb4f0,
    0x315b,0xb21a,0xb3b0,0x28da,0xa80e,0x2c01,0x96af,0x2445,0xad9c,0xaa53,0x32f6,0xad05,0xb289,0x2952,0x25be,0x2748,
    0x2cc6,0xac52,0x2913,0x28b1,0xa024,0xa939,0xb396,0xa937,0x2c05,0x1116,0x2211,0x25df,0xb169,0x23ae,0x2ce1,0xac0f,
    0x2dc2,0xaaca,0x2aa2,0x3310,0xab61,0xaf5f,0x2cab,0xb24e,0xa2df,0x2976,0x2b4d,0x2b4d,0x2633,0xaa89,0x2632,0xab30,
    0x22f7,0xa919,0xab91,0xb14a,0xac87,0xac91,0x2c2f,0x2fce,0xb0cf,0xaaee,0xaf13,0xb0f9,0x3283,0xafc3,0x2503,0x2485,
    0x25f9,0x9e45,0xb032,0xb14d,0xb06c,0xad37,0xa950,0xb084,0xa8f9,0xb370,0xac77,0xa889,0xb132,0xad57,0x2aff,0xae41,
    0xb162,0x25d9,0xb0af,0xb146,0xad05,0xb41a,0x9ec7,0x2831,0x9c27,0x2fe9,0x2d12,0xa9d4,0xb270,0x15b6,0x3355,0x29e7,
    0xb20d,0xb04f,0xad8f,0xb152,0xb1d5,0xb1bc,0xa76a,0x2afb,0xad72,0x2bd5,0xaf72,0x23bc,0xa83a,0xaa46,0xaa27,0xa804,
    0x27f0,0xa3bc,0xae4d,0x9c40,0x28d0,0xab59,0xb329,0x28e3,0xa68a,0x2474,0xb0d6,0x9fef,0x316e,0xaf14,0xaa7e,0xac3d,
    0x2d10,0xa6ab,0x2799,0xae4d,0xac72,0xb366,0xb119,0x26cb,0x25e1,0xaf6d,0x30c0,0x2c48,0xae8c,0xb1ac,0x28b9,0xae58,
    0xa22c,0xabae,0xaa90,0xac75,0xad34,0xb311,0xaf4d,0x276f,0xab31,0xb04c,0x2828,0xb505,0xafd5,0x2ac5,0xaff6,0x2946,
    0x9cb7,0x2f50,0x2e62,0x2ef9,0xb09e,0x2191,0xac45,0x2cf9,0xaab9,0xb2d8,0x2b29,0x2b0d,0xad29,0xa820,0x241b,0x297e,
    0xacbb,0xa2df,0x31c1,0x2fb2,0x2abe,0x2f03,0xaa6b,0xafde,0x2e9c,0x2779,0xa81b,0x2b3f,0xaee5,0x1c29,0x288c,0x2ca8,
    0xb238,0xa14d,0xb4c5,0x3059,0x2f21,0x2367,0x2a9c,0x282f,0x2c8f,0xa6df,0xb539,0xb0c9,0xae9f,0xb0fb,0x2d53,0x2d79,
    0xae59,0x2442,0x1e58,0xac34,0x2151,0x294f,0x2ca9,0x2abd,0xacf2,0x9ca3,0xa588,0x2fa2,0x2d86,0x2d2c,0x2d79,0xad29,
    0x2255,0x3416,0xaef4,0xb163,0x2d72,0xb448,0x2f43,0x2d3a,0x9d8a,0x2a30,0x1efe,0xa727,0xabf7,0x313c,0x1cc8,0xab98,
    0x9cc1,0x2fed,0x1e7c,0x308c,0x2052,0xae96,0x2325,0xaa10,0x305f,0x2af3,0x23ca,0x3083,0xa642,0x3167,0x263c,0x2d0e,
    0x980d,0x291f,0xa9f3,0x2a22,0x2f61,0xa975,0xb3ca,0xb0cd,0x275d,0x0edf,0x2e19,0xa41f,0x2ac4,0x2d85,0xb00b,0x28bb,
    0x296e,0x2c57,0xaee2,0xac73,0xa098,0x2b59,0xa370,0xb36c,0xa908,0x1d29,0xa42d,0x2546,0x26cd,0x1a38,0x31be,0x3202,
    0x26d4,0xabf4,0xb254,0xb054,0xace6,0x26b1,0x3091,0x271b,0x31be,0x288c,0xa1cb,0x2c9a,0x905a,0x2764,0xaa3f,0x2b94,
    0xaaf2,0x97a9,0x2d79,0xa78e,0x2c93,0x992e,0x3075,0x30f7,0x194d,0x30f0,0x1db2,0xb498,0x3338,0xb0ec,0xa92a,0xad82,
    0xaf01,0x25d6,0xb018,0xa467,0x2ff7,0x2f6b,0x2d03,0x3185,0xae83,0x2aeb,0xaa10,0x2d2f,0x2d80,0xae71,0x2720,0xa620,
    0xa45a,0xad08,0xa764,0x25c6,0x263b,0xa404,0x9fba,0x2905,0x1c79,0xad48,0x2993,0xac8d,0xb2cc,0x22dc,0xa905,0x308d,
    0x999f,0xa52a,0x3162,0xacb4,0xab00,0xac09,0xb389,0xaa9e,0x2c5c,0x3168,0x9b9a,0x295f,0x29c8,0xac78,0xa6e1,0x2c75,
    0x2d0d,0xaa6f,0x310e,0x2401,0x2e16,0x32ee,0xa87d,0xb1a7,0xaa60,0xaed3,0xa817,0xa4e0,0xa70d,0x204c,0xaeda,0x2538,
    0xb17f,0x2a70,0x21f3,0x30f6,0x29c7,0x2ca3,0xac7e,0x27c7,0x2bfe,0xac81,0xb098,0xa0cf,0xb0b6,0xa48f,0x2c15,0xaece,
    0xa418,0xac86,0xac71,0x1fd2,0xad24,0xa316,0xadd1,0xaf89,0x29d0,0xa3ae,0x2e26,0x3172,0xb22f,0x9007,0x2ded,0x3015,
    0xb0d4,0x2d28,0xaed4,0xa8eb,0x30df,0x3007,0xb1ac,0xaccb,0xa916,0xabd9,0xa601,0xa5d5,0x269a,0x2e14,0xa986,0x3138,
    0x1020,0x2d81,0x1a4d,0xa2ad,0x2016,0xae6e,0x2ec2,0xb294,0xa339,0x28a0,0x2d95,0x2fad,0xab0b,0x2f3e,0xab50,0x3068,
    0x199a,0x3166,0xb2ba,0x2b2a,0xaa02,0xaa66,0xac77,0x2981,0x2d1c,0x3262,0xaab8,0x3007,0x3235,0x9e7c,0xa623,0x2a29,
    0x2ecc,0x2876,0x314a,0x2e59,0x26fd,0x3199,0x28b3,0x2dbf,0xaa4b,0xab10,0x9d4b,0x2fd5,0xa2c2,0x207c,0x316f,0x301b,
    0xaa8d,0xa49d,0xa8bb,0xa94c,0xb00e,0xae45,0xadd5,0xaad2,0x2d8e,0x22e6,0x2d5d,0x296d,0xaf10,0xad59,0xb194,0xac42,
    0xa060,0xacf6,0x2c2f,0xaee2,0xa8ea,0xab17,0xab29,0xa864,0xb062,0xade6,0x2cca,0xa9f7,0xab11,0x30f2,0xad0c,0xab3a,
    0x02a3,0x2671,0x2d9a,0xa664,0x2fc3,0x303b,0x21be,0xa4ef,0x2894,0x2c5e,0xaa35,0xac6e,0xa0f0,0xab3f,0xa7a0,0x2bcc,
    0xa557,0xaf59,0x2c44,0xaa94,0x9f36,0x260e,0x2c65,0x3047,0x2cf8,0x9c92,0x2caf,0x2d2d,0x30eb,0x29c5,0x30d8,0xad00,
    0x16ca,0xa840,0x2ed4,0xa6d0,0x2db6,0x9e4e,0x2d8f,0x284f,0xaca1,0xacb7,0x23b9,0x2d4e,0xb059,0xa3cb,0x25f6,0xa9c8,
    0x248c,0x274a,0x279d,0x2cbe,0xa7ea,0x9e0c,0x2563,0x21bb,0xa3de,0x2cc3,0x2bbb,0xa96d,0xae38,0x19e3,0x310d,0xb20d,
    0x2a4c,0x2759,0x22ff,0x2bbe,0xa81f,0x3503,0xa508,0x2232,0xb0aa,0x2ae6,0x2360,0x2c9d,0x3087,0x2bc2,0x1eac,0x2de4,
    0x267c,0x2d0e,0xae66,0x319b,0x280a,0x29c1,0xaac9,0xa226,0x318e,0x265a,0x2d95,0xb1d5,0xad53,0x3065,0xa115,0x2c70,
    0x2ded,0x23fa,0xa419,0x2a33,0x9a9c,0x28cd,0xb01f,0x2481,0x2568,0xac9c,0x1856,0x2b21,0xac00,0xa994,0x25d1,0x2e2e,
    0x18f2,0x2820,0x293b,0xb009,0x2667,0x3405,0xa9d4,0xab6b,0xac78,0xa87d,0x25fb,0xa404,0xb3d9,0xb0b8,0xaa2d,0xa901,
    0x21aa,0x1e30,0xb173,0xac18,0x1fde,0xb076,0xac5f,0x2a84,0x2116,0xadb3,0xad77,0x24b9,0xa207,0xaed9,0x9eec,0x2a5b,
    0xa69e,0x9ee5,0xb273,0x2787,0xac8d,0x2c43,0xa8da,0xb3e0,0xa953,0xa913,0x1d29,0x2506,0x243f,0x1c2c,0xb034,0x233e,
    0xa832,0xb03e,0xace9,0xa691,0xa9a8,0x2491,0xb355,0x3201,0x2d1a,0xad84,0xb276,0xb38d,0xb253,0xaf74,0xb199,0xac17,
    0xacff,0xa75d,0x31b2,0xa282,0xb105,0xa67a,0xaf08,0xad7f,0x3430,0xab0c,0x2853,0x3289,0x2241,0x2995,0xabca,0xab9a,
    0xae3f,0xa7e5,0x2f85,0x2c94,0x2c35,0x2d5e,0xa869,0xb01b,0x27ed,0x2984,0xb319,0xb017,0xa98b,0xa313,0x0cb9,0x2a4c,
    0x1e09,0xad37,0xa0e9,0xabad,0x2d49,0x2ea3,0x1e2b,0xb028,0x1b17,0x3127,0xa875,0x2900,0xacd1,0xacfa,0xb131,0xac0a,
    0x94e0,0xb06e,0xa1ec,0x0ff6,0x8d7f,0xacd2,0x28fb,0x293f,0x193e,0xa550,0xaadc,0xa21e,0x22b2,0xa9c4,0x29e8,0xabda,
    0x9e06,0xaadb,0xa8a5,0xaa57,0x2414,0xa4b6,0x2899,0x2b3a,0x20cd,0x3034,0x1da3,0x2d79,0xa5b3,0x206a,0x261a,0x2c67,
    0xad23,0x34a1,0x36b2,0x320e,0x317e,0x2962,0x2f3f,0x0b79,0x2ef4,0x277f,0xaa95,0x2604,0x3430,0xa793,0x2d63,0x256a,
    0x2e48,0x2c60,0x3189,0x96f1,0x286c,0xac82,0xab58,0x2a48,0xa259,0xad45,0x289a,0x312e,0x2f9e,0xad0e,0xa884,0x987e,
    0xa6a6,0x3526,0x1cca,0x3587,0x28a6,0x316b,0x2eaa,0xa264,0xa741,0x2bc7,0xab59,0xaef9,0x2cb5,0xa84e,0x2471,0xaae2,
    0x9ded,0xa3c7,0xae50,0x2f50,0xa680,0x3073,0xac8c,0xb414,0x2499,0xad1e,0x2d06,0x2304,0xa0b9,0xb0be,0xac4e,0x26aa,
    0x1b76,0xaa65,0x29b0,0xa3b4,0xa974,0xa97f,0xac64,0x2b1f,0xb017,0xb0ad,0xa792,0x2526,0xb061,0x18b1,0xadd2,0x2206,
    0x2fca,0xa585,0xb185,0x9a55,0x2207,0xad1b,0xa54e,0x2ab0,0xb2cd,0x2d6d,0x9f60,0xa851,0xab2a,0x2117,0xaa09,0xaa93,
    0x2c29,0x2c9a,0xad5a,0x2749,0x2c54,0x252d,0xa755,0xa4bd,0x2d89,0xa6f4,0x1feb,0xb100,0xb1c7,0x9a41,0xae3f,0xa4b1,
    0xac8d,0x2f03,0x1d45,0x28dc,0x2e99,0x2e6c,0x3105,0xa130,0xae02,0x24e8,0xab0c,0x2aa1,0xb30b,0xad10,0xa8cc,0x2809,
    0x28d3,0x31bd,0x2bd3,0x306b,0xad6c,0x1ee0,0xafd5,0xab61,0x2227,0xaeea,0x2705,0x223c,0xa94b,0xb45f,0x281a,0x26fa,
    0xa5f2,0x258f,0xa0e3,0x2d37,0x22ec,0x2c58,0x1b48,0x2da4,0x2e4a,0x34dc,0x27b9,0xaa4c,0xa8da,0x29f4,0xa93a,0x2aeb,
    0xa776,0xa794,0x236b,0xae4b,0x3069,0xa877,0xac7a,0x332e,0x1668,0x2518,0xa949,0x2952,0xa3e7,0x1983,0x295f,0x2138,
    0x2471,0x2c20,0x30fe,0x2e02,0x2e4e,0x2bdc,0x2abe,0xad67,0xaa3d,0xac54,0x2d75,0x284b,0xb31f,0x9e81,0x2f42,0x330e,
    0x2f3a,0x35d2,0x338a,0x2b50,0x33c2,0x3085,0xabd9,0xb015,0x2e5c,0x2a7d,0xb02f,0x31f7,0x2fbd,0xa66f,0x30e3,0x9f94,
    0xac38,0xacf2,0x2ff9,0x283d,0x2044,0x28ff,0x3294,0xa6b6,0xa979,0x3162,0x28ff,0x34cf,0xafa9,0x28fd,0x9fda,0xa69e,
    0x9a03,0xaa6f,0x983c,0xaf45,0x2e8f,0x2de8,0x3171,0x2e3c,0x25d2,0x2c42,0x2c94,0x286f,0xab20,0x2c75,0xa789,0xb041,
    0x1cff,0x2dc7,0x2b2d,0x32fe,0xa983,0x2684,0x24b8,0xaff5,0x1e0b,0x208d,0x177b,0xa84e,0x2446,0xad23,0x323d,0x2c4a,
    0x20b7,0x29fa,0xac32,0xad7f,0x9d05,0x2b93,0x2812,0xa671,0xa8ae,0x28f5,0x2e1e,0x1f1c,0xb18c,0x9826,0xaaeb,0xaafc,
    0xaf93,0x2544,0x2afa,0x209a,0xa08c,0xab94,0x2509,0x2915,0xadd9,0x2943,0x193f,0x21eb,0xa9c3,0xa76c,0x2fee,0xac25,
    0x3449,0xb624,0x2575,0x304f,0xb03a,0x959f,0x2c19,0xae0d,0x2eca,0x2971,0x3156,0x2d6e,0x2ec0,0x25cc,0x2985,0x26f2,
    0x2dd5,0x2164,0xa8c2,0xa995,0x2b32,0x2da0,0x2cf7,0x2de9,0x2f03,0xa9e5,0xa185,0xae22,0x3250,0xaeb9,0x2402,0x257c,
    0x284f,0xad4d,0xae60,0x2bd7,0xa6d2,0x23f6,0xaf29,0xa944,0xa8a3,0x2843,0xa7f7,0xa0da,0xb0cb,0xa5af,0x2a31,0xad28,
    0x1ad9,0x2cdf,0x247c,0x235c,0xa22f,0x29fc,0xab40,0x2ee6,0x248f,0x2b06,0x2725,0xa25c,0xad70,0xa8f4,0xad1c,0x311a,
    0x1d03,0x3427,0x32d5,0xadc8,0x230a,0xa824,0xb140,0xa9eb,0x1f6f,0xafd1,0x1322,0x2d61,0x35de,0xa8bd,0xaed7,0xac86,
    0xb432,0xac77,0x08fe,0x2e47,0xaf4e,0x2e3b,0xa3e8,0x2bf2,0x2e05,0xa47a,0x1dbf,0x2c3f,0xab65,0xa3c7,0x2dc4,0x9c38,
    0xad45,0xacc8,0x2a68,0xa88d,0xb055,0x311b,0xa85d,0xaf7f,0x938e,0x23a8,0x2e3b,0xaa51,0xad60,0xab01,0xaf3a,0xad66,
    0x2ecb,0x2b71,0x31a5,0x2bf8,0x9c58,0x226d,0xb3d9,0x26c4,0x3076,0x3032,0xae6d,0xb5a9,0xb1eb,0x3125,0x257d,0x28ac,
    0xad55,0xacc8,0xae22,0x283c,0x30ed,0x2a5c,0xb537,0x28e4,0x2abc,0x2ad7,0xacbb,0x27d8,0x3230,0xaebc,0xace4,0xa3c4,
    0x2526,0xaa85,0x20b4,0xa852,0x2c79,0x2e9f,0xa1df,0x2f74,0x2d4d,0xabf2,0x230a,0xad9a,0x2031,0xa0b5,0x282a,0xb04b,
    0x1039,0x2cc0,0xb03a,0xb473,0xac54,0xa341,0xaf48,0xb44e,0xb1b9,0xa99e,0x2271,0x2bc4,0xb28d,0x3166,0x27a8,0x1f55,
    0xb0d7,0x282e,0xb31d,0xa5be,0xb2ae,0xb637,0x2a98,0x2907,0xb599,0x3077,0x2a8c,0xad08,0xaa52,0x1926,0x145a,0xaf4f,
    0x26f1,0x268b,0x27c5,0xae16,0x2a33,0x2791,0x2d9d,0xaec2,0xb216,0x2f46,0x321f,0x31de,0x2f7a,0xa33c,0xb026,0x2b8e,
    0x2b06,0x21f5,0xb348,0x2c88,0x2c1e,0x29f4,0x2c92,0x2dbf,0x2a1e,0xac3e,0xa609,0xae07,0xad4b,0xac54,0xadbf,0xa976,
    0x19df,0xa891,0x2954,0xafd2,0xae46,0xa68c,0x2c9d,0xadec,0x28dc,0xae03,0xaa42,0x2fed,0xa6c1,0xad6f,0x2dc9,0xb03f,
    0x8fa8,0xa81f,0xa800,0xb1b5,0xab48,0xa7c2,0xb161,0x272c,0xb22f,0xa3df,0x29ba,0x307b,0x2e94,0xa587,0x9c80,0x2020,
    0x2550,0x2e5c,0x2e01,0x29c6,0x2bc8,0xa983,0x333b,0xa473,0x3105,0xb35c,0xac87,0x2d81,0x34cf,0xa6f3,0x241a,0x2ca7,
    0x2109,0xadb1,0xb104,0x2d7e,0xacc3,0x2c8f,0xa5ba,0xaed4,0xab82,0xaddd,0xa5ad,0xa691,0x2a06,0x2219,0xa9a3,0xb1cd,
    0xab5f,0x3008,0xaab8,0x280f,0xb4d6,0x2ea8,0xb0ac,0x30a6,0x24fb,0x2574,0xb00e,0x32e9,0x2fc3,0x28e0,0x3406,0x22c4,
    0xa88f,0x2ea4,0x2eb6,0xaea8,0x2608,0xa756,0x2adb,0x205a,0x2847,0x2cde,0x17ba,0x3123,0x2c7d,0x2513,0x1d6f,0x2d30,
    0x2d2b,0x9ccc,0xab74,0xac41,0x31d0,0xb0c0,0xad9d,0xa436,0x2c84,0xb019,0x2976,0x2b02,0x2dcd,0xa229,0x25cf,0xaff3,
    0x1e8f,0x2c1a,0x1678,0xad8a,0xae23,0xb1c8,0xa895,0x2eaa,0xad34,0xaed8,0x284f,0x2f39,0xb216,0x32d1,0xa8f4,0xa2ed,
    0x0cec,0x30f2,0x1b9e,0x3139,0xaaff,0xa91c,0x2cdc,0xa761,0x3346,0xad91,0x2afd,0x2a66,0xaada,0xa8be,0xa8c9,0x2e31,
    0xa518,0xaae4,0x307b,0x2d17,0xabfb,0x2b2b,0xac1a,0x2d36,0x34b2,0xadea,0x0e59,0x21a4,0x2685,0x25e3,0xad23,0xaadb,
    0xac46,0x2d7e,0xb00b,0x2d9e,0xad59,0x2d45,0x2415,0xa89e,0x30c0,0xad79,0x23ad,0x9ce6,0xb209,0xa597,0x2d76,0x0c25,
    0xac38,0x2c10,0x2510,0xa0c3,0xa5b0,0xb333,0x2e13,0xa9d4,0x2e3b,0x332b,0x29b7,0xa2e1,0x326c,0x301e,0x2c82,0x2200,
    0x236b,0x2ab3,0xb122,0xb081,0x2c00,0x2e1d,0x3153,0x3001,0xa2c4,0x26f6,0xaab2,0xac60,0x2c14,0xacab,0xac0a,0x3202,
    0xa66e,0xaae2,0x1a2b,0xab82,0x2d06,0xb012,0xa8a9,0xb0aa,0x2a6c,0xa5c3,0x1997,0x2949,0x3345,0x2035,0xb01b,0x31ae,
    0x034b,0x339c,0x3469,0x32a2,0x3079,0x250d,0xb1bd,0x322c,0xa1a6,0x3548,0x2bb4,0x2c4a,0xb256,0xaa52,0xab89,0x1d33,
    0xb1a8,0xa13b,0x32dd,0x3046,0x2c10,0x341c,0x2947,0xac22,0xa7db,0x28cd,0x9d7b,0x2d4d,0x329d,0x2495,0x2d34,0x2e1a,
    0x2938,0x2bb0,0x2ff5,0x27dc,0x3027,0xad4d,0x2943,0xadc1,0x32fa,0x2855,0x2d33,0x2f71,0x295b,0x2bc5,0xa664,0x1a60,
    0xaff3,0x9e50,0x32be,0xad1a,0x2050,0xac59,0x30d0,0x2e2a,0xb212,0x3015,0x1d94,0xa52e,0x2fb2,0x2eb4,0x2bee,0x2506,
    0xac16,0xa1d9,0x2e7f,0x2f1d,0x2b9c,0x2f01,0x2f7c,0xa8e3,0xacaf,0x2636,0xa857,0x20dc,0x2601,0x2990,0xace5,0x25df,
    0xa1e0,0x348f,0x2446,0x2731,0x130a,0xa596,0x23b5,0xa808,0x2cc1,0xb2ee,0x2abf,0x2c70,0x289b,0x2811,0x2dde,0xb037,
    0xa02e,0xaa8e,0xaed5,0xb04b,0x2de8,0xa830,0x2d07,0xafcc,0xac8e,0x2e8c,0x2aed,0xaedf,0x268e,0xa9b4,0x2fd7,0xac1b,
    0x1b3f,0x2805,0xb0bf,0x2823,0x2971,0xafd7,0x256a,0x2f69,0x302a,0x2d1e,0xa1ec,0xb060,0xabe4,0xa1c0,0x2fe4,0xaa07,
    0x2705,0xa1da,0x2b2c,0x9180,0x21de,0x3105,0x2924,0xa8f8,0x3014,0x9d8c,0x2dac,0xa5d8,0x2e18,0xaef2,0x2a55,0x2590,
    0xaac3,0x2d6b,0x3204,0x2c4c,0xa907,0xa9bd,0x2cc2,0xab68,0x2b99,0xb17c,0xa9ba,0xb1a7,0xafec,0xaa28,0x2804,0x2819,
    0xabac,0xb2d5,0xb2a6,0x2c62,0xafeb,0xab31,0xa933,0xac2f,0xacf8,0xac47,0xad98,0x83e9,0x24d5,0xadab,0x0700,0x264a,
    0x2124,0x2a17,0xaf39,0xaaad,0xa834,0x2a92,0xa790,0x2cd6,0x3045,0x2cdc,0xb0a8,0x15c7,0x28de,0xb545,0x285c,0x277a,
    0x19bc,0xa538,0xadb4,0x9c20,0x21a9,0xaf48,0x2b48,0xb10e,0xb1aa,0xb2bb,0xa923,0x24a7,0x34a7,0x23ff,0x2d68,0xa1a7,
    0xaee6,0xa0e6,0xaff4,0xaa7b,0xa9ad,0xb46b,0x2693,0x82e9,0x316d,0xa48e,0x2c8b,0x2541,0xb130,0xa0dd,0x3204,0xa5d7,
    0xab05,0x2dd0,0x2ca5,0x2987,0xab58,0x22a5,0x2d79,0xadb3,0x30f6,0x1c17,0x313f,0x2f34,0x2b9c,0xa610,0x3344,0x28f6,
    0xa6e9,0x1d75,0xac2b,0xaaed,0x266e,0x2eab,0x32cd,0xa737,0x2ac1,0xb4ca,0xa8da,0xac0d,0xb16c,0xaf23,0x23f5,0xad3f,
    0x245f,0xada4,0x30ef,0xb020,0xad65,0xad61,0xaa5e,0x1af0,0x2cea,0x26bc,0x2d53,0x23e3,0x2d80,0x31e7,0x2b11,0xb20e,
    0x267d,0xb1da,0xac56,0xaf5e,0x9d28,0x2d30,0xae8e,0xa96a,0x3042,0x3078,0xa356,0x270d,0x3543,0x2d48,0x30cf,0xb141,
    0x23e0,0xb432,0x34e8,0x901e,0xb052,0xa1ae,0xa1ce,0xaaae,0xb105,0x1fcd,0x2d45,0xaac8,0xb418,0x2913,0x2f37,0x30e8,
    0x25d9,0x2544,0x30ac,0xb10c,0xada2,0xad55,0x2d36,0x31bf,0xae94,0xac1c,0x28e8,0xae15,0xa93e,0x27d4,0xb28e,0xb166,
    0xb048,0xad1e,0x30bb,0x2c1d,0x2b5a,0x26e1,0x2432,0xacde,0xac76,0x2dfe,0x1b2d,0xa6df,0xb4b9,0x278e,0xa15e,0x9cc3,
    0x2f08,0xa46e,0x2d2e,0xa42f,0x3007,0xaa28,0xaa29,0x2fb2,0xb0e0,0x9c34,0xaf2b,0x2905,0x26c4,0xb41e,0x2e8f,0x2066,
    0x2f93,0x2b99,0xacc8,0xadc7,0xa504,0x327b,0xa886,0x20f2,0x2503,0xaf5b,0x2bd5,0x26af,0xa4c5,0x3045,0x2ccb,0xb2b6,
    0x190c,0x25e1,0x2b35,0xb17a,0xacdc,0xa845,0xb0a5,0x3261,0x20b3,0x2ca9,0x1bf4,0xa4fc,0x305c,0x3391,0x31c3,0xb2a9,
    0xa421,0xa7d0,0x2c25,0x30b7,0x2c7d,0xaac0,0xb0a9,0xb014,0x3495,0xafa4,0xaab1,0x2c54,0x2abc,0xaca7,0x2eba,0x1c1a,
    0x33cb,0xaa35,0xb058,0xaa63,0x278c,0x32ea,0xa5d0,0xb049,0x248b,0xa618,0x2227,0xad19,0x2e17,0xa9d2,0x1ad1,0xa8cf,
    0xad37,0xb425,0x2860,0x3035,0x315c,0x3031,0xafc5,0x321b,0x31d9,0xa9dc,0xaa86,0xac5e,0xb54f,0x2f02,0xaea7,0x2871,
    0xb08f,0x20e9,0xb019,0xa55f,0xad58,0xaec0,0x2954,0x9dff,0x30de,0x3087,0x2978,0xaedd,0xb1a3,0x284e,0x2987,0xa3f5,
    0xa63a,0xb30c,0x8cf8,0x2bad,0x2f24,0x2c87,0xaccc,0xabe1,0xa748,0x2f3c,0x2816,0x2017,0x2957,0x9fe5,0x9d6d,0x32a0,
    0xa16a,0x2c15,0x29a8,0xa810,0x9e85,0xa94b,0x2085,0xacca,0x2d44,0xaa67,0xaa5d,0x2c38,0xad41,0x2a58,0xa2c2,0xac99,
    0x9155,0x3040,0x2f79,0x2b07,0xaf18,0xb485,0x2eb7,0xacc3,0xaddf,0xac74,0x2d95,0x2d1c,0xac51,0xab2b,0x2d2f,0xaad5,
    0xb430,0xa498,0xb0b5,0xacea,0x2111,0x2312,0x25d8,0x27f6,0x2d7f,0x24b5,0x2307,0x2144,0x2f6c,0xa1dc,0xb3ed,0x28ea,
    0xac13,0xb204,0xb2dd,0xaf8a,0xb007,0xb0d5,0xa98e,0xa3b7,0xabaf,0x21bf,0xa9b5,0x31ab,0x2f26,0xb03e,0xac3d,0xa272,
    0xb19d,0x2ec2,0x9ddc,0xb1a9,0xa860,0x218c,0x3472,0xa8b1,0x28de,0xa70a,0x18da,0xb307,0x3132,0xaa20,0x306a,0x2823,
    0x2dad,0xaca6,0xa8aa,0x2d5c,0xa5e5,0x2ca8,0xb087,0xab31,0x2e4b,0x29eb,0x9d90,0xa976,0x2c96,0x2d95,0x29ae,0xa3fa,
    0x245b,0xac95,0x2a88,0xb45b,0x298d,0xa5b6,0xa933,0x2387,0x2c40,0x982a,0xa7eb,0xaf46,0xa268,0x31fb,0xa3f4,0xabd9,
    0x206a,0x9ea6,0xac0f,0x28ca,0xafe5,0xa316,0x2a5c,0xaeee,0x2bde,0xb3c0,0x2133,0xa58a,0xa898,0x2975,0x2015,0x0e07,
    0xb2d0,0xa86d,0xb1f2,0x9a8f,0x2830,0x2e55,0x9ef1,0x2a5e,0x3351,0x2ce2,0x1f37,0x20d5,0x300b,0x95b9,0xa63b,0xb568,
    0x317b,0x20d7,0x2044,0xac1b,0xac3d,0xabd1,0x238c,0xae76,0x3132,0xa546,0x3062,0xb2c9,0xb05e,0x2759,0x3017,0x2cdd,
    0x1d2f,0x9e87,0x289a,0x2877,0x240c,0xa40e,0x2c7a,0x26b5,0xa0b9,0x2a59,0xaf14,0xb207,0x1df6,0xaa0b,0x1055,0x298a,
    0x1e33,0x2e1d,0x332f,0x3150,0xa4cd,0x3063,0xac29,0xaa39,0x248f,0x2b61,0x1e8f,0x29c9,0x280a,0x2efc,0x2520,0x2a19,
    0xa0d0,0x26d5,0xa97d,0xb2e8,0xa9b4,0x3539,0xaa5e,0x2a3d,0x2b19,0xac71,0x2362,0xa601,0xb090,0xae16,0x1ccb,0x2909,
    0xa581,0x2e4f,0xb0d2,0xb1f1,0xa561,0xac9a,0x3023,0x1c61,0xa9b6,0x2760,0x2835,0xacc0,0x3188,0xa383,0xacad,0x267a,
    0x2da9,0x26c7,0x361f,0x258a,0xaa17,0xac77,0xa6e3,0x2d90,0xb19d,0xac87,0xaa6e,0xb0e4,0xa9cf,0x9a1e,0xa6e2,0xa488,
    0x2c87,0xaa5f,0x30da,0xb03a,0xa999,0xa84d,0xac74,0x2f57,0xa0d3,0xac69,0xb367,0x3038,0x2abb,0xa24c,0xae3b,0x08c7,
    0xadf9,0xae23,0xa246,0xac2f,0x2cfd,0x2bba,0xaba8,0x29d1,0x2d3e,0x9755,0xaf16,0xb468,0xadf9,0xacfb,0xac51,0xaea9,
    0xa83c,0xa4ae,0x2dbc,0xb29e,0x2330,0xb01b,0xaa7e,0x2534,0x2866,0xa7c6,0xa1c2,0xad22,0x2515,0xadb3,0xac05,0xa2e5,
    0x197a,0xaeb2,0xa8c5,0x2919,0x2a9f,0x2b16,0xa59d,0xb297,0x29e1,0x2ef2,0x2421,0x2469,0x2efd,0x27ae,0x25e9,0xacdc,
    0x1e10,0x1b2d,0xa786,0x3234,0xacfe,0xaaf5,0x2887,0x294c,0xa2f2,0x3653,0x1552,0xade8,0x3293,0x248a,0x2fd6,0x2c6c,
    0xac5d,0x2d44,0x2b8e,0x21b2,0x2b47,0x302f,0x2384,0xa909,0xb47c,0xa3ee,0x2c2c,0x2044,0x2dbe,0x2319,0x318e,0xb0e9,
    0x33f7,0x3488,0x2215,0xad12,0xaa4d,0x332f,0xa6a4,0xa7c7,0xb297,0x2996,0x3091,0xb039,0xb30e,0x9ad2,0xaad2,0x2813,
    0x92c8,0xaa5e,0xb1f6,0x09f5,0x21dd,0x20a0,0xa6e5,0x29c8,0x2e81,0x2fa9,0x27af,0x254a,0x3478,0x27b2,0x28ae,0x2ae7,
    0x251b,0x2c2c,0xad10,0x9771,0x1f22,0x31a6,0x2e52,0x2917,0x9b4c,0xa947,0x9f1d,0xaacf,0xa7b2,0x3043,0xa894,0xac44,
    0x1769,0xa9b7,0xa85e,0xab63,0x2ac5,0x2fc1,0x21ef,0x2f03,0xa3de,0x30da,0xa95b,0x3130,0xac6d,0xae02,0xb257,0x2f3c,
    0xa493,0x2c99,0x300b,0xa40d,0x2d4d,0x9e52,0xa6f7,0xad56,0x2f25,0x9d5a,0xa857,0xa868,0x2cb5,0xaed1,0x2cdb,0xa89e,
    0xa90b,0x2a60,0xa8f7,0xaedd,0x2aef,0x2d14,0xadce,0x2942,0x317b,0xad8e,0xadc2,0x2962,0x3494,0x243d,0x3126,0x3348,
    0x3109,0x32b5,0x2e5a,0xaa23,0x3112,0xae65,0xa9a6,0x3181,0xaeb9,0xb080,0x2867,0x17da,0xa8a4,0xb076,0x3131,0xad4c,
    0xac13,0xb3e4,0xaa86,0x27e6,0xacb9,0x1c45,0x2fd8,0xa4f4,0xa670,0xace3,0xad9a,0x9f2e,0x2e57,0xb139,0x2b7c,0x24dd,
    0xaec9,0x2c2e,0xb0af,0x3325,0xacc0,0x255c,0x33d2,0x254e,0xaa6e,0xaa7b,0xa972,0xaab7,0xa76a,0x11fb,0xa6d1,0x2ba8,
    0x2398,0x2de0,0x2516,0xaa52,0x3070,0x3034,0x2557,0xb2b6,0x3550,0xb818,0xb617,0xbc7a,0xb9d4,0xbdd4,0xbb65,0x352c,
    0x1651,0x3aed,0xb73b,0xb85e,0xc00b,0xbd8d,0xb7b9,0xbc9b,0xb8a4,0x3549,0xb821,0xb9de,0xb847,0xaef8,0x25d5,0xbcc0,
    0xb7f2,0xbca6,0x343f,0xb4d0,0xb962,0xb8e8,0x31fb,0x3097,0xbb21,0xb98f,0xb8bc,0xbeab,0xbf63,0x2cc6,0xb68a,0xb76d,
    0xbf8d,0xbca2,0xaab4,0xac3d,0xbbc6,0xc009,0x3c08,0x3d03,0x3899,0xb985,0x3257,0xb818,0xb331,0xb00b,0xbc0f,0xb4ca,
    0xab17,0x388e,0xb9c4,0xbc42,0xb8e2,0xb9ee,0xac52,0xb5cd,0xbe27,0xbc92,0xbd45,0xba97,0xba94,0xa99d,0x3a19,0x3d18,
    0xba9e,0xafee,0xb971,0xb456,0xbf58,0xb727,0xb1fe,0x2208,0x2efb,0xbc59,0x34da,0xb4ee,0xb1cf,0xb3de,0xbb0b,0xb546,
    0x2f0c,0xbc00,0xbd02,0x3b5e,0xbda6,0xb539,0xbd1a,0x3d74,0xadc7,0x9d5e,0xb7a8,0xa9c2,0xad72,0x996a,0x2b5d,0xa806,
    0xb490,0x9af2,0x3007,0xa973,0x34c7,0xaeae,0xa49f,0xaeaf,0x2667,0xa49e,0x2898,0x3928,0x1495,0x3532,0x287c,0xae05,
    0x3218,0xb07e,0x261c,0xb29f,0x2e9a,0x1c92,0x36e5,0xa6b0,0x9d10,0x2a73,0xbbe6,0x31e7,0xaf54,0x2868,0x2ea7,0xa175,
    0x3076,0xa670,0x2077,0xa42c,0xb06a,0xb3ee,0xb001,0x26ef,0x34cf,0x3031,0x2dfa,0xac13,0x2a5f,0x3389,0x2990,0xb9c7,
    0xae29,0xa5f4,0xa431,0xaca3,0x2dfd,0x2e3a,0x1bce,0xb4bc,0x35f2,0x343d,0xb317,0x25de,0xb02a,0xae91,0x36bc,0x2904,
    0x31a3,0x2ef0,0x31fa,0x2178,0x2f43,0x9f9c,0xa9fa,0xac72,0xaf85,0x3291,0x2a45,0xa7cf,0x32bc,0x2d6e,0xaaa8,0x2dbf,
    0x3c0b,0xb834,0xbb0f,0x2ff1,0xb002,0xa878,0xab71,0xa71a,0x98fc,0x1d37,0x312c,0xaf31,0x2867,0x2bff,0xab04,0xaa45,
    0x2e72,0x311e,0x2eef,0xa1e9,0x2fe5,0x2d45,0x28b2,0x22a7,0xa6b6,0x9c34,0x3124,0x36a7,0xaaf6,0xad78,0xb23f,0xb4fa,
    0x3091,0xaf0a,0x2082,0xb479,0xb449,0x2326,0xb373,0xa805,0x1a41,0xa8f4,0xbe05,0x32c2,0x9dfc,0x3ee3,0x24a5,0xa67e,
    0xa859,0xaa9a,0x2c32,0x2d3a,0xafab,0xb863,0xb232,0xaae7,0x3511,0x2377,0x1a6e,0x31f4,0x28fd,0x345d,0xaf1e,0xb944,
    0xaf6c,0xabf9,0x2ad5,0xb4bd,0x341a,0xaa10,0xad7b,0xb493,0x2a61,0x3305,0xb821,0x2461,0xaab5,0x268b,0x2a1c,0x2295,
    0xa493,0x2971,0x9b96,0xa480,0x26c9,0x2849,0xab18,0xacf7,0x28a0,0x31a8,0xa8d9,0x2f99,0x3003,0x2350,0xb1cb,0x293a,
    0xb70e,0xb2e3,0xb93a,0x2c8a,0xb824,0xac96,0xaccc,0x2578,0xb253,0xa502,0x3c9b,0xb4aa,0x2295,0x2e6c,0xb359,0x1716,
    0x32c2,0x375a,0x2a8c,0x2801,0x3807,0x353d,0x27ff,0x2bc0,0xae28,0xa8c2,0x36be,0xb92f,0xad59,0x3068,0xb40d,0xb2ac,
    0x31e9,0xb66a,0xa127,0xb0c3,0xb337,0xaa8d,0xb261,0xae88,0x22ed,0xb574,0xc055,0x259e,0xac57,0x3e10,0x303f,0xa6aa,
    0xa0ae,0xb15e,0xaad3,0x9cf3,0xae56,0xb816,0xb2b0,0x2852,0xa9b6,0x34d7,0x298d,0x2e7c,0xadf8,0x38f8,0xa52f,0xa8cc,
    0xb06d,0xa6b6,0x212a,0xb573,0xad88,0xb173,0xaa24,0xb498,0xb402,0x34bd,0xb89e,0xa8ba,0xa850,0x2365,0x3474,0x2e2e,
    0xb05e,0x295c,0x33a6,0x2ec5,0x29af,0xab92,0xaea2,0x242d,0xb4d1,0x2fb1,0xb0a5,0xb6c3,0xab81,0x2ec9,0xb66b,0xb665,
    0x380a,0xa9f9,0x3bea,0x31fa,0xb627,0xaca0,0xaec4,0x9ef2,0xa8fd,0xa6ad,0x363c,0xa64c,0x22fc,0x1cce,0xaf5d,0x2c44,
    0xb8e1,0x30cf,0x2df7,0x29b8,0x2d38,0x3627,0x1775,0x2ba6,0x9cff,0x29ca,0x316c,0xb97a,0xa851,0x29a6,0x28bd,0xb488,
    0x318d,0x3429,0xacc8,0x2c81,0x2458,0xaa3d,0xaa3a,0xa12d,0xa481,0x1880,0xbba8,0x3324,0x24bb,0x3a1c,0xa45e,0xa55d,
    0x2b12,0xb43a,0x98fb,0x2e8c,0xad6e,0x2c2f,0xadc5,0x28d2,0xb05b,0x3101,0x292f,0x2cee,0x1f63,0x3541,0x9d79,0x365f,
    0xadc3,0x2a3e,0xacfe,0xb41f,0x2fd8,0x2ab0,0x1c75,0xb421,0x35c5,0x3609,0xb019,0x2af2,0xac2e,0xaab6,0x2e01,0x2809,
    0x2a94,0x2d08,0x312b,0xaa93,0x2c3c,0xa9b3,0xa8ad,0x2d6b,0xaf39,0x345b,0x2980,0xb585,0xa41c,0x245d,0xb0d7,0xb426,
    0x32c6,0xa870,0xb33a,0x3050,0xb40c,0xa9b2,0x2e7a,0x1fcc,0x314b,0xaf6a,0xb06a,0x98c0,0xada1,0xa884,0xacf6,0x2ada,
    0xb4bd,0x27bc,0x313c,0x2b56,0x2c14,0x3698,0x9faa,0x2659,0x1884,0xacd0,0x2ce9,0xbc66,0xa328,0x3654,0xabd9,0x2d94,
    0x341a,0xb6ce,0xae1b,0x3038,0x36d9,0xa972,0x310e,0x2910,0xa802,0xb184,0xbaab,0x31fe,0x24a3,0x36f1,0x2ba0,0xa952,
    0x2904,0xb13b,0xaa79,0x2793,0xaf44,0xb558,0xb3bf,0x2ba6,0xb131,0x3060,0x2db7,0x3497,0xae91,0x2f66,0xb0a2,0x31b5,
    0x30c3,0x2e65,0xa4cc,0xb40a,0x3265,0xb46e,0xaa3a,0xb557,0x3475,0x335a,0xb846,0xa46a,0x235c,0x2592,0x32e5,0x28b0,
    0x2e89,0x3038,0x3110,0xa931,0x2cd0,0x9ffb,0xa97a,0x2d3b,0xb561,0xad28,0x3550,0xadd8,0xb2d6,0x2a64,0x23ed,0xb199,
    0x3818,0xa8e9,0xb84c,0x30cb,0xb0cd,0x249e,0xa552,0x22aa,0xaf75,0x29b3,0x2f0d,0xb058,0xae22,0x28cc,0xaf1a,0xaffa,
    0xbcbb,0xab55,0x27ee,0x2bf1,0x2df4,0xafa4,0xae40,0x299e,0x2c28,0x9502,0xb622,0x39bf,0x24bf,0xb7b2,0xb643,0xad5b,
    0x2fd3,0x39f6,0x269f,0xb327,0x327a,0xa48a,0x3ce2,0x3520,0x1d96,0xadfe,0x3500,0xaf3f,0xb40d,0x3ae4,0x3260,0xafe6,
    0x3220,0xa771,0xa1ce,0xb178,0xb2a2,0x392e,0xb18b,0xb3b2,0x2f3a,0xbf00,0x9ec7,0xb3c6,0x265f,0x2e20,0xa8f1,0xb71b,
    0x3150,0x2c6a,0x3414,0xb7a3,0x2b4b,0xb417,0x33c1,0xb48c,0x3493,0x2cf9,0xb77f,0x2d71,0x9cd4,0xa91a,0x345d,0xab21,
    0x3469,0x2c19,0x342c,0x27a9,0x2819,0xa0e0,0x306a,0xb5fd,0xa850,0x2d0a,0x3368,0x2e41,0xa268,0x9fec,0xacb7,0x2dd2,
    0x3933,0x27a9,0xb367,0x2b45,0xa960,0xa90b,0xb09e,0x246d,0xaf9f,0xa39b,0x3242,0xb2a0,0x2692,0x340e,0xb02a,0xaf00,
    0xbace,0xad29,0x33c5,0xb129,0x36a0,0x3516,0x292c,0xaecb,0x2107,0x9e83,0xb51e,0x38c6,0xa983,0xb8c1,0xa836,0xb0f2,
    0x314c,0x372d,0x9de8,0xb4ca,0x327f,0xaa8e,0x36c1,0x30fa,0x2e41,0xac78,0xadb4,0x3822,0xb0b8,0x3646,0x2cc4,0xa8f3,
    0xb4bc,0x2787,0x2f15,0xac58,0xad3d,0x3584,0xb240,0xb35d,0x3447,0xbb16,0x2561,0xad4f,0x306b,0xaccf,0xb4c8,0xba53,
    0xb6af,0x2f07,0x3325,0xb390,0xb52f,0x2acb,0xae2e,0xad01,0x9b74,0x372c,0xaeaf,0x3266,0x28bd,0x2efd,0x2335,0xafca,
    0x3332,0x2922,0x351a,0x339f,0x317b,0xa758,0x2853,0xaced,0xb45a,0xb021,0x24e1,0x2fc9,0x27ed,0xa180,0xb037,0x2734,
    0xb852,0x2f23,0x3a26,0x2afc,0xbbc4,0xb1bd,0xa79e,0x267c,0xacc3,0xb0c1,0x3f7c,0xb48b,0xa8c9,0x1e38,0xab69,0xad4a,
    0x3b99,0x319a,0x321a,0xb097,0x393e,0x3999,0x3072,0xaf73,0x2867,0x2d71,0x1db3,0xba2a,0xa6a1,0x36e5,0xb724,0xaf09,
    0x31eb,0xad8a,0x28a5,0xb4f4,0x35cb,0xab8e,0xb7a6,0x365f,0x3060,0xb1d7,0x337a,0x3b34,0xb388,0xc207,0x3192,0x9379,
    0xb099,0x31c3,0x17d6,0xae40,0xab28,0xb2b4,0xb141,0xafeb,0x2dc4,0x240b,0xaa37,0xa9eb,0xa691,0x37a8,0x2658,0xbb11,
    0x2e8e,0x3118,0xb430,0xabed,0xbd72,0x34ba,0xac38,0xb920,0xb615,0x3616,0xadfb,0x34bb,0xa083,0x2de4,0x2e53,0x2f1a,
    0x2fb2,0x31d4,0x306f,0x340a,0x326e,0xad6f,0x2a8a,0xa95c,0xb95b,0x3230,0xb0ef,0xb954,0xa8be,0x304b,0xb9f0,0xb514,
    0xb891,0x36b0,0x3f09,0x30fb,0xbba1,0xb24d,0xaa52,0xa9b7,0x2d9f,0x9d7e,0x2ea2,0xb2f1,0xab1c,0x2e0b,0xb025,0x3279,
    0xb446,0xad9c,0x340e,0x2d31,0x3984,0x3a33,0x3183,0x2c04,0x2e65,0x2903,0xb1fc,0xb562,0xa926,0xb77c,0xb6e5,0xb448,
    0x2f59,0x3997,0xab7f,0x2c03,0x360e,0xae85,0xb822,0x30f9,0xacb4,0x2d2d,0x2e5c,0x37e9,0xb13c,0x3c07,0x310f,0xa3bb,
    0xa91e,0xa613,0xad07,0xa960,0xad78,0x37ba,0x2174,0x29f4,0xaeca,0x32e8,0xac4d,0xaffe,0xa9c0,0xac5a,0xaddb,0x3d40,
    0x337e,0xb10d,0xaefe,0xaf4f,0xb3a1,0xac7f,0x28d4,0xa923,0x39ad,0x392c,0xb73c,0x32c6,0xa8b7,0xb1c1,0x2a1d,0xae9d,
    0xb055,0x3149,0x3204,0x300c,0x2deb,0xa69b,0x2d64,0x2c31,0xb442,0x3123,0x398e,0xb522,0x25c3,0x2c8d,0xb518,0xb2d3,
    0x3230,0xb44c,0x363a,0x2e46,0xb520,0xacb2,0x34ee,0x2112,0x31ff,0xaadf,0xae40,0xa4ba,0xa007,0x222f,0xae2a,0x3297,
    0xb12d,0xa961,0x343c,0x2a49,0x336b,0x36c0,0x3251,0xacf8,0x2a11,0xaf3d,0xb80c,0xb83a,0x26f3,0xb1be,0xb588,0xb2fb,
    0x305f,0x3a07,0xb272,0x2ea5,0x3746,0xaeac,0xafa1,0x30d4,0x2ba7,0x2513,0x2b4b,0xb442,0xadad,0x3d91,0x32ab,0xaebe,
    0xb1b7,0xb0c9,0xb336,0x2d68,0xb264,0x390b,0xae81,0xaad3,0xa497,0x9c08,0x1aec,0x24cb,0xab9b,0x2441,0xa89b,0xb323,
    0x3494,0x29f8,0x2459,0xb0c3,0x2cc8,0xb85d,0xa9d9,0xb30b,0x3715,0xb21c,0xb318,0x1cf5,0x23ce,0x2e6d,0x3292,0x2112,
    0x3723,0xa48d,0x2cdd,0x1ad0,0xa6b1,0x1aa5,0x2c14,0x2eb4,0xae35,0x1a0f,0x383a,0x28f6,0x2f0f,0x296c,0x306d,0xb568,
    0x3c09,0xb7a8,0xb507,0x282a,0xad8d,0x26d8,0xafb2,0x2bd8,0xb17f,0x2cf8,0x2ace,0xaeac,0x3494,0x350d,0xb4f8,0xb159,
    0xc170,0xa29f,0xb319,0x2c7d,0x350d,0xa9dd,0xafe1,0xae07,0x282f,0x9cda,0xb2a7,0x3c19,0x9cfe,0xbbf1,0xb75d,0x9dd6,
    0xb6b8,0x3c62,0x2505,0xa960,0x1ef4,0xac70,0x3fb7,0xb5ba,0xaec1,0xb125,0x32ca,0xb3b7,0xb888,0x4233,0x19d0,0xb289,
    0x372e,0x3418,0xb533,0xae56,0xaec7,0x3595,0x28c6,0xb015,0xa6bb,0xbec0,0xb4c7,0xb5be,0x3126,0xb5c1,0x3420,0x307d,
    0x3434,0x2558,0x3293,0xba38,0x32a3,0xba07,0x36c0,0xb3bc,0x35d9,0xb886,0xba7c,0x1aad,0x9c30,0xb283,0x3434,0xb327,
    0xa431,0x2cad,0x34c7,0x31d2,0xae7f,0xa474,0x3475,0xb6ec,0xb35b,0x39a2,0xb4fe,0xb035,0xb42e,0xb0e7,0x2e36,0x2a7d,
    0x3b21,0x3893,0xb9f2,0xa879,0x2cec,0x291f,0xb13d,0x2528,0xb3f7,0x3257,0xad03,0xaaee,0x3238,0x3ad3,0xaf84,0xb215,
    0xc15d,0xada1,0xb00d,0x3122,0x3d82,0xb4c8,0xad65,0xaed6,0x2c12,0x2f47,0x2c1d,0x3502,0xb00b,0xbc2a,0xb17d,0xaa10,
    0xb08a,0x3e2e,0x27e8,0xa2d3,0x341d,0x975d,0x3dd7,0xb176,0xb430,0xb1ce,0x2ed3,0x3982,0x2bc6,0xc750,0x2033,0xab7d,
    0x3975,0x2c97,0xb01d,0xb47b,0xac97,0xb5fd,0x3197,0xb39c,0xb331,0xb253,0xb080,0xb2a6,0x31ec,0xb2d8,0x35a2,0x3270,
    0x39b9,0x31ac,0x3540,0xb223,0xb906,0xb53b,0x2e8c,0xb28f,0x320f,0xb6a4,0xb405,0x315d,0xa6b2,0x2729,0xa574,0x2e26,
    0x35f7,0x31e5,0xabc3,0x3052,0x3500,0xa9d3,0x30e5,0x23bb,0xb507,0x3961,0xb381,0x3108,0x2e27,0xa8ef,0xb20e,0x3027,
    0x3ea7,0x3673,0x40d4,0xb17d,0xb37d,0x31bb,0xac2f,0xacb5,0xb885,0xa842,0xba83,0xb0bc,0xb06e,0xb4c8,0xac05,0xb370,
    0xc580,0xaeda,0x3409,0x2b3d,0x3360,0x3b06,0xae77,0x2f0e,0x30ab,0x330e,0x37f7,0xb680,0x2ab7,0x3480,0x332e,0xb6e8,
    0x2f52,0x3a81,0x3078,0x2c14,0x3d49,0x2dfb,0xc0df,0x2f75,0x27e7,0x3138,0x3f7f,0x3788,0x2de9,0xcc38,0xabf7,0x3033,
    0x3348,0xa950,0xaf49,0xa8f4,0x317d,0x2842,0xb0e4,0xb003,0xa8ae,0x3ad6,0xacff,0xb0c3,0xafab,0xacb8,0x1988,0xb7f9,
    0x368a,0x3655,0xb4f0,0x3585,0xbef9,0x398e,0xaeaa,0xbc8a,0xab51,0xa4b8,0xb899,0x32a3,0xb068,0x312e,0xb7e3,0x38a5,
    0x3a95,0x3551,0xb41b,0x3038,0x398a,0xa855,0x3011,0x32e3,0x302e,0x3ce1,0xb98e,0x38bd,0x269a,0x1f7f,0xbb25,0x286e,
    0x3261,0x35fc,0x3fdf,0xb568,0xbb4b,0x2e1d,0xab8d,0xb16e,0x3a8b,0xb4f6,0xb52f,0xb074,0x2893,0x3b21,0xb2d9,0x312b,
    0xbe12,0xabc5,0xaaff,0x994c,0x3c56,0x3b91,0xac03,0xb402,0x3031,0x25c3,0xb7ab,0xb546,0xaba7,0xba07,0x29b9,0x2c3f,
    0xa83a,0xa50c,0xa6d5,0x3023,0x359b,0xa793,0xbb8d,0xb4a8,0x2cdf,0xb4ab,0x358e,0x3a08,0xb478,0xbe79,0x2283,0xa48e,
    0xb121,0x3160,0x337e,0xb11a,0xae0d,0x2c53,0xb122,0x2af6,0x280f,0x3427,0xad88,0xb1b7,0xb321,0xb5fe,0xb4f5,0x40b5,
    0xae23,0xafb4,0xb1d9,0xb76f,0xb96f,0xb895,0xada0,0xa99c,0x34c4,0xb8a2,0x35f1,0x30a9,0xab67,0xb19e,0xac6c,0xb427,
    0x2ce7,0x32f5,0x350e,0x33a5,0x320f,0x2f7f,0x29cb,0x2927,0x2664,0x38a7,0x3755,0x299b,0xb500,0xad47,0xb651,0xb24a,
    0xac9c,0xb802,0x3fab,0xaee6,0xb508,0xac02,0x2af9,0xb023,0x374a,0xb3b7,0x31d4,0xb10e,0x3874,0x3367,0xb6a3,0x323e,
    0xc437,0xacd1,0xb172,0xaa46,0x3388,0xaa76,0x333f,0xb478,0x9a9e,0xb48c,0x3420,0xb654,0xa9f4,0xbaf1,0xb8fb,0xad1b,
    0xb511,0x3c36,0xadd9,0x26d0,0x18d7,0xac0c,0xb5e2,0xb6e7,0x2976,0xb108,0x35fa,0x9c79,0xb587,0x444d,0xa97b,0xb20e,
    0x27ce,0x352a,0x32f2,0xb435,0xaed9,0x3119,0xa819,0xac9c,0xae53,0x3033,0xb514,0x31fd,0xb457,0xb571,0x216b,0x3b55,
    0xb3a4,0xb8e5,0xaac6,0xba83,0x3953,0xbcaa,0xab21,0xac2e,0x3833,0xb559,0x364a,0x27de,0x2db7,0x2d86,0x3017,0xae1d,
    0x301b,0xa94b,0x3695,0x2f30,0x2fd7,0x3013,0x3183,0x2aa7,0xac3c,0x39cc,0x3572,0xb009,0xb0de,0xb032,0x359e,0xb2ce,
    0x2db1,0xba95,0x3418,0xaa12,0x3275,0x2c2e,0xb6e7,0xacbe,0x3091,0x2ff9,0xb714,0xb255,0x2ee2,0x252c,0x92c5,0xad55,
    0x375e,0x1c81,0xb503,0x348d,0x9fc3,0x3180,0xace7,0xb69d,0x2ea3,0xa603,0xb9fc,0xb51b,0x180c,0xb655,0x2fc8,0xb1eb,
    0x2877,0x3f25,0xa369,0x2a97,0x3477,0xad1b,0x358c,0xaf4a,0x9e7b,0xb380,0x33b5,0x3067,0xb5d4,0x441f,0xae0c,0x22fe,
    0x3465,0x212a,0x1c24,0x34d8,0x2f56,0x2dd4,0xae59,0x2a27,0x31f0,0xb71d,0xb25e,0x3550,0x2acb,0xb006,0x2f0e,0xb474,
    0xb050,0xb268,0xa676,0x2195,0x345d,0x2704,0x1fdd,0xb2e0,0x3759,0xb1b9,0xb2a8,0xb188,0x2c21,0xb247,0x290d,0xb490,
    0xb412,0x2f0e,0x2cf4,0x2c76,0x23ba,0xa639,0x304b,0xb6e1,0xaf60,0x32d7,0xb377,0x2d63,0xa5db,0xb1a7,0xb019,0x2c38,
    0x3272,0x3746,0xb211,0xac9f,0x324e,0x138f,0xb126,0x1c14,0x2bf1,0x2d85,0xb943,0x9605,0x2a74,0xa4b7,0xb422,0xa026,
    0x3d61,0x2065,0xb247,0x35d8,0x3571,0xb065,0xa516,0xb4e6,0xaaaa,0x2a8c,0xb38a,0x38fb,0xaccc,0xb41a,0x32dc,0xb53f,
    0x335f,0x3a95,0xa7d1,0x3123,0x305e,0x9576,0xb419,0xa846,0xab50,0xb6d4,0x9d27,0x292f,0xb203,0x3c21,0xb05e,0xa4ba,
    0x196f,0xacba,0x275e,0x31b4,0x2dd8,0x34ae,0x3039,0x3050,0xa8af,0xb37d,0xaeea,0x340a,0x2857,0xb238,0x31ce,0x376e,
    0x38a7,0x29f7,0xb07d,0x2fbd,0xb5ac,0x3367,0xae73,0x3868,0xa946,0xb7cd,0xb6dd,0xb035,0x2d9a,0xb282,0x330e,0xb1a5,
    0xb865,0xb198,0xb0e3,0xac91,0xa6a5,0xa916,0x3125,0xb30d,0xb921,0x2e2b,0x983d,0xaea5,0x31eb,0xae4f,0xb4df,0x9b10,
    0xc008,0x3685,0x30f5,0xac86,0x2c6f,0xa59a,0xb5c9,0x29ea,0xb925,0x36b0,0xbcc5,0xb0a2,0xa050,0xa517,0xb586,0xab8d,
    0xb92d,0x2bea,0xb37b,0xb0a0,0x3abb,0xb5e8,0xb477,0x299e,0xb1ae,0x2f62,0x3737,0x373f,0xacf0,0x30df,0x370e,0xb864,
    0x30d1,0x3515,0x1994,0x196b,0xa582,0xaade,0xb625,0xafa5,0xaefd,0xbab1,0x3159,0x3798,0xac0e,0xc2f5,0xaf18,0x1a8e,
    0x398f,0xb4f5,0x2d46,0x3397,0x304d,0x36b5,0xaf9e,0x2f09,0xa912,0x312e,0xadbe,0x3187,0x298d,0xb535,0x3a45,0x3822,
    0x37a2,0xad66,0xad6a,0x30f4,0xbcab,0x3a50,0xa613,0x3adf,0xb8c4,0xb755,0x3b8b,0xb3ae,0x2e74,0xb5c5,0x2e1d,0x2bd9,
    0x2c6d,0xa475,0xacbd,0xb018,0xb1bb,0x2443,0x328a,0x1c05,0xb741,0x3a1a,0xb2d5,0xb4ca,0x3a49,0x9f1b,0xb82d,0xb220,
    0xc8ac,0x3027,0x41b6,0xa901,0xb919,0xb034,0xb214,0x31c8,0x33f7,0x328e,0xb41d,0x1337,0xa7b6,0xa933,0xb38f,0xa4b3,
    0x3805,0xa1a4,0xae3a,0xacaf,0xa0c2,0xb55b,0xb501,0x33a4,0xa80c,0xa03c,0xb5c0,0xb87d,0xadb3,0x25e4,0x34dc,0xadfd,
    0x2462,0x3228,0x2668,0xad1d,0x3057,0xa7b9,0x3030,0xb052,0x2a58,0xb4d7,0x319f,0x354f,0xb1eb,0x3bf6,0xa085,0xac8d,
    0x35b0,0xaed4,0x2da5,0xad5f,0x2af7,0x2d4e,0xaabc,0xaafe,0x2951,0x2c20,0xad70,0x327d,0xb0b6,0xb372,0x28a6,0x35b5,
    0xb25c,0xb1bb,0x2a20,0x2b4c,0xa5db,0x3705,0xa52e,0x35a9,0xb0fa,0xb861,0x3c1e,0xb1f4,0x3293,0x2bf0,0x90fd,0xad99,
    0x3975,0xadfc,0xad32,0x1f32,0x335a,0x312f,0x2a82,0x2cb4,0xb4fe,0x2dee,0xb09c,0xb252,0x3564,0xade8,0x2ad7,0xa9aa,
    0xbc54,0xb858,0x39d7,0xa08d,0x2cb7,0xab68,0xb700,0x1c14,0x35b6,0x2e12,0xb090,0xac12,0x343e,0x3018,0xb033,0x961a,
    0xac0c,0xa775,0xb5a4,0xac7a,0x2b02,0xb2bb,0x2e84,0x2ecf,0xa694,0xaf69,0xbb75,0xb684,0xa855,0xb1e1,0x2c93,0xabdf,
    0x2e34,0x3df2,0x2aca,0xaf56,0x30f9,0xaa31,0x2f3b,0xb2bb,0x1cd8,0x2e97,0x21a0,0x3650,0xb644,0x40e4,0xa9fa,0xa841,
    0x31dd,0x305f,0x2cf2,0xae9e,0x2e4c,0x304d,0xb135,0xaac4,0xb056,0xac0b,0xb2ca,0x381c,0xad5f,0xb30b,0x1812,0xb78d,
    0x2c17,0xb357,0x2020,0x2fa5,0x3446,0xac52,0xa47f,0xac2b,0x3306,0xae02,0x3658,0xb05a,0x308e,0x2f82,0xadd4,0xaec7,
    0x3301,0xa61f,0xb1e2,0xa8e1,0x31a8,0x2ee6,0x2d75,0x2d74,0xb531,0x323a,0xa2fd,0xb1d1,0xaa5a,0xb160,0x3347,0x2b39,
    0x38b8,0xbc81,0xa619,0xabc2,0x3264,0x2015,0xb466,0xa91e,0xaa1d,0xa773,0x374a,0xadd1,0x2bf7,0x2994,0x1d24,0xa523,
    0x3aaf,0xa16d,0x2597,0x2dc5,0xac55,0x9e9c,0xad44,0xabec,0x221d,0x27e8,0xbb62,0xba86,0xa2ce,0x2fab,0x25a7,0xa675,
    0x2b44,0xb288,0xa305,0x2876,0x3328,0xa92d,0xb169,0x9cf8,0x9cf9,0xb2a7,0x34b5,0x3225,0xabe1,0xb904,0xada6,0x2278,
    0x31e3,0x34f1,0x1038,0x3499,0x244a,0x3246,0xad82,0x2590,0x2d81,0xb3ce,0xa9e6,0x33e5,0x284a,0xb146,0x94a2,0xb715,
    0x2eb0,0xb18f,0x25cb,0xa3de,0x30cc,0x3438,0x240a,0x3028,0x3604,0x2b0f,0x31d5,0xac84,0x307e,0xa486,0xa93a,0xace1,
    0xb0ee,0x2ca9,0x2ac2,0x2b19,0x2e43,0x9fcb,0x23de,0x30fb,0xac68,0x2c61,0xab02,0x2710,0x2b9a,0xa914,0xaffd,0x2cc5,
    0x3fc3,0x36f9,0x2c5d,0x27dc,0x9d24,0xa950,0xa4d9,0x2e99,0xa4ec,0x2308,0xad35,0xa77c,0x2ccc,0xab7e,0xb0f9,0xad1d,
    0xae2d,0xa866,0xb194,0xa85d,0xac18,0xa0e6,0xb042,0xa3e9,0xa189,0x214e,0xb9b7,0x391a,0xa7f5,0x2a5a,0x1e15,0xb5a0,
    0x93d9,0xb7e5,0xa43e,0x132f,0x309b,0xaa0e,0x281c,0x9bbd,0xa694,0xb447,0x3191,0x3025,0xad9e,0x3de5,0xa027,0xa250,
    0xb527,0x3398,0xac22,0x32cf,0x1cee,0x2773,0xafbb,0x9c53,0x2397,0x2df7,0xa43b,0x2a45,0x1b26,0xb2a4,0xb36f,0xa3c9,
    0x2e93,0xabae,0x278a,0xa1c9,0xb216,0x3266,0x2083,0x31bd,0xa0b7,0xa911,0x3655,0x2b86,0x309d,0xb28b,0xa873,0xb533,
    0xab9b,0x1987,0x31c8,0x20ce,0x9581,0x2573,0xa5de,0x26f7,0xb05d,0x3841,0x2472,0x2765,0x30e9,0x2922,0xb393,0x2adb,
    0xad86,0x3923,0xb26b,0x2706,0x2e1b,0xa77a,0xb272,0x3043,0xadc9,0xaf64,0xb538,0x2e85,0x267d,0x08e4,0xb4e1,0xa96e,
    0xbcb5,0x28b5,0xb14a,0xa8f4,0x3913,0xaf48,0xb058,0x32dc,0xaf10,0x9f53,0xbf43,0x3a0e,0xa99b,0x2e24,0x2873,0xb81b,
    0xab21,0x3890,0xa2af,0xac23,0x3334,0xac95,0xacac,0xa741,0x2847,0xb89f,0x37f7,0x37be,0xaaab,0x41d1,0xa469,0x9e78,
    0xb1cb,0x341c,0xa513,0x364b,0xa197,0x2ef5,0xb5eb,0xa145,0x19ea,0x2bba,0xacce,0x31c4,0xac8e,0xb38c,0xb4fd,0x344c,
    0x32ec,0xaa83,0x2768,0xaea1,0xbb78,0x2dc0,0x2382,0x3879,0xb72d,0xb211,0x363e,0x2cf6,0x2f90,0xb423,0xaab5,0xb741,
    0x3319,0x3032,0x32b2,0x2a6b,0x2643,0x2b85,0x2d71,0xa169,0xb656,0x371a,0xa985,0xb60b,0x3622,0x2c84,0xb758,0x2227,
    0xbe0f,0x359f,0x349a,0xae8d,0xa062,0xac21,0xb840,0x344d,0x2df4,0x237b,0x31db,0x1eab,0x1986,0xac3b,0xaf16,0x1eb8,
    0x2d49,0xadc7,0xb1af,0xa466,0x2a16,0xb14e,0xb359,0x2eaa,0xae8e,0x2972,0xbc89,0xb8cf,0xac43,0x1d6c,0xa831,0xb48b,
    0xa830,0x3c76,0x19bd,0x9fbd,0x343b,0xa65f,0xaf97,0x2c82,0x24bc,0xb24f,0x31ec,0x357d,0xae84,0x2cf3,0xaa47,0x22af,
    0x309c,0x3064,0xa7c1,0x34fb,0xa655,0x267c,0xb00f,0x2b20,0x8f71,0x2883,0xa389,0x3001,0xa9f7,0xb0bd,0x241d,0x386b,
    0xb024,0xb1f7,0x291e,0xaa5f,0xb4a6,0x347c,0xac21,0x334e,0xb24f,0x96e0,0x2a4f,0x24f6,0x30ab,0x3169,0xae8f,0xb437,
    0x3406,0x2957,0x3404,0x2941,0x2b9a,0x2d38,0x306f,0xaa8d,0x2fbf,0x2df0,0xaa0c,0xb679,0x2db6,0x2872,0xae24,0x26c3,
    0xbd78,0xaf62,0xb4da,0xa5ac,0x1fb5,0xa939,0xb6a2,0x2e08,0x28c0,0x2762,0xacc1,0xb016,0x2f70,0x2e34,0xaaaa,0x2886,
    0x3c94,0xa359,0xb013,0xac3a,0xafcf,0x3267,0xaf95,0x2cb2,0xab2b,0x2698,0xbc74,0x2c33,0xa850,0x28a1,0x25f3,0xb04d,
    0x2ea6,0x2c98,0x25ec,0x254b,0x3457,0xaa9d,0xb8dd,0xa8f9,0xa7b1,0xb039,0x2d2f,0x316a,0xab22,0xb8bf,0xae1a,0x9a0f,
    0x2c24,0x332d,0xaa9d,0x3543,0x273f,0x2f5c,0xb0e3,0xa87a,0xab02,0xad65,0xa674,0x3122,0x242d,0xa8b6,0x1f7f,0x35f4,
    0xac03,0xad14,0x2e31,0x1ccd,0xb014,0x33ea,0x2153,0x2806,0x25f1,0x22a3,0x3012,0xac56,0x3346,0x2fae,0xac0f,0xaa2d,
    0x35b1,0x25f5,0x2ec5,0x1e1d,0xa8bd,0x2ca3,0x2491,0xa958,0xada0,0x2f0b,0xb39a,0xb7f4,0x2757,0xabb8,0x2fd9,0x2d71,
    0x38c3,0xb92f,0xb025,0x2c19,0xaa9e,0xa94b,0xa8f4,0x3136,0xb423,0xb052,0xb07d,0xa86a,0xb83b,0x347f,0x36de,0x3035,
    0xb5cb,0xb307,0x1d24,0xb44f,0x3866,0x38b2,0xacee,0xa3b3,0x2d0a,0xb2f5,0xbc3a,0xba56,0x380f,0x335f,0x3438,0xb854,
    0xbb78,0x406e,0x37af,0x33fd,0xbbfa,0x3c6e,0xb800,0x3959,0x31a7,0x30a7,0xa3ec,0x39a2,0x35a4,0xb855,0xb3b8,0x3c47,
    0x3853,0xb80f,0xb0a3,0xb5c0,0xa92f,0xb326,0x3df0,0x38e9,0xb969,0xb834,0x374b,0xb708,0xaf09,0xb49c,0x2f70,0xb6c4,
    0xbadc,0x316e,0x3252,0xb831,0xb866,0x3453,0x3624,0xb098,0x332a,0xb571,0xb4da,0xb903,0xb877,0xb2c5,0xb9e2,0x3bbd,
    0x30b2,0xb7db,0xae1e,0xb627,0x228f,0x360a,0xbb46,0xb080,0x39c5,0x391e,0xb5ca,0x2d58,0xb4a5,0x32cb,0x2b79,0xb0bf,
    0x3288,0xb5e9,0x4042,0xb035,0xb7cd,0x34aa,0xb0e1,0xb934,0x2b8e,0x954c,0xb581,0xbad5,0xb619,0x2c77,0xaef7,0x32ef,
    0x3916,0xb072,0x3210,0x3009,0x1942,0x3178,0x3060,0x3846,0xb1c5,0x304b,0x2f54,0xa56a,0xa84c,0xba37,0x305a,0x3bde,
    0xb5a8,0xbdb2,0x376d,0x3c29,0xb325,0xaed5,0xa880,0xb81a,0xb84c,0xa52f,0xb7ca,0x382d,0x2dad,0x3a96,0x345b,0xb9f3,
    0xb22c,0x3141,0x376c,0x2c1f,0xb08c,0xb811,0x2e80,0xb609,0xb579,0x30c4,0xb3dd,0xbe9b,0x2306,0x9d55,0x3046,0xb9f4,
    0x3b01,0xaed8,0xbbde,0x3de1,0x9ee4,0xb59a,0xb412,0xaf19,0xbd05,0xb103,0x3446,0x2af1,0xb4bc,0x2818,0x298a,0xa84c,
    0xb892,0x36da,0xb48b,0xa757,0xbc58,0x2d44,0x2079,0xb120,0xb804,0x2fba,0x35c3,0x38a5,0xb04c,0xafb1,0xa96a,0x39cf,
    0x3c30,0x30ec,0xaff7,0x2430,0xb1e1,0x3b06,0xa472,0x3c04,0xb2ad,0xb957,0xb4f6,0xb0d8,0xa62d,0xb351,0xa96a,0xb0d2,
    0x3618,0x269e,0x3430,0xb46d,0xb16a,0xb80d,0xa7f0,0xa839,0x36f0,0xb0c8,0x3d74,0xb3d1,0x29b8,0xb1ee,0xb308,0x363f,
    0xabbe,0x3869,0xae68,0x3867,0x3057,0xaffd,0xa3ef,0xbd75,0x3c0d,0x3159,0xae49,0xb215,0xb10b,0xb4a3,0x2ae1,0xbba1,
    0xb041,0x2d38,0xb77c,0xace2,0xaf16,0xbb56,0x2972,0xbd11,0xb2da,0xb584,0x2be6,0x34b7,0xb7c6,0x2509,0x2cc3,0xb1fb,
    0x3483,0xb461,0x2833,0x2e28,0x31e1,0x367d,0xb594,0x32ef,0x34d1,0x30af,0xb850,0xab5d,0xb328,0xae79,0xb192,0x31c7,
    0xb613,0x3943,0xb112,0x308e,0x3a68,0xa53c,0xb277,0xb684,0x2ef3,0x284f,0x30e7,0x3c8e,0xb223,0x2228,0xa875,0xbba9,
    0xb5e4,0xb281,0xb87b,0x1e79,0x3028,0xb5e8,0x2929,0x3510,0x31bc,0xb9ef,0xb1f4,0x3916,0x2ead,0xb514,0xb01e,0x3754,
    0x2d47,0xb1bd,0xa2aa,0xb840,0xadb4,0x310f,0xb572,0x2e82,0x3967,0x2bc5,0x37ff,0xaf8a,0xb05e,0x289b,0x2a39,0x3983,
    0xb042,0x2f45,0x339c,0x385f,0xb8ae,0xa942,0xb235,0xb487,0x384a,0xb4a8,0xb11f,0x3134,0xb214,0xb72f,0xb5a3,0xbc75,
    0xb725,0xa6a8,0xa8e9,0x3099,0xaa12,0xbc8d,0x2cce,0xb6c4,0xb227,0xbd0c,0xb6b2,0x3ca1,0x310e,0xa0de,0x31a6,0xb622,
    0x2fee,0xb546,0x3625,0x3631,0xb432,0x3c43,0xad5f,0xb902,0x370e,0x2cfd,0xbb83,0xb281,0xb348,0xbabf,0x2874,0x2e17,
    0xb532,0xacf8,0xacdb,0x294d,0x3a17,0xaced,0xaf12,0xacfa,0x2e1c,0x2d74,0x309c,0x37b8,0xa841,0x3c60,0x30f3,0x277d,
    0x27c8,0xb1ef,0xbcd5,0x2e6f,0xa5df,0xb4a0,0xb42f,0x3d58,0xb3be,0xb878,0x2a1b,0xbcc4,0xb5d8,0x289a,0x303d,0xbbcb,
    0xb728,0xaee0,0xbcbb,0xb304,0x283f,0xb997,0xb8a8,0xba50,0x3be7,0x285c,0x2af4,0x30a1,0xb435,0x3001,0x30ef,0x2c8d,
    0x8b00,0xb555,0xb5e3,0xbae5,0x3d71,0xa7f6,0xa3fe,0x9d52,0xb79e,0xb0b5,0x38ec,0x3bcd,0x2c72,0xb4a2,0xb4f0,0x356a,
    0xbb18,0x32fb,0x39cd,0xb2f2,0xb12b,0x3938,0xabb4,0xb84f,0xac9a,0xb173,0x3032,0x3225,0xb985,0x3349,0x3230,0x35a4,
    0x39e7,0xb24f,0xb4da,0x3d27,0xb49e,0xb4da,0xb542,0x3191,0x311e,0xb3cc,0xbd5f,0x2d89,0x309b,0xbaa0,0xac4f,0x3878,
    0xb376,0x24a1,0xb6ab,0xba3d,0xb5a8,0xae79,0xac31,0xbadd,0x3666,0xadf3,0xb091,0xbc75,0xb266,0x28bb,0xb3f7,0xb1c4,
    0x3c19,0x185d,0x3434,0xa52d,0x2471,0xb5c5,0xaa6c,0x2fa0,0xb0bf,0xb43e,0xb23c,0x1c1e,0xb6ee,0xb110,0xa452,0xb71a,
    0xa0e2,0x2770,0xad1d,0xb6aa,0xb3d0,0x36d5,0xb72c,0xb1a5,0x9f53,0xb34b,0xb468,0xb04e,0x28f9,0xba74,0xb340,0xba37,
    0xb61a,0x3680,0xb28f,0x2cf6,0xb307,0xb517,0xa944,0xbc04,0x28a9,0xacf3,0xb6ec,0xbaef,0xb006,0xb862,0xb2a4,0xb4ee,
    0xb4e3,0xb368,0x2ce1,0xaec6,0xb052,0xbb47,0xb3e8,0x2d44,0xb02e,0x3a1b,0xb6b6,0xbb5c,0xb073,0xb230,0xa5c8,0xb504,
    0xa8cb,0xb558,0x340f,0x2d62,0x29a5,0x321b,0xb5b3,0xb4ae,0x3689,0x2d56,0xb03d,0x3072,0x2dbf,0xae3a,0xb364,0x3e13,
    0xb635,0x39a4,0xa70c,0x3807,0x366d,0x2f4c,0xad09,0xba70,0xb8a3,0x9529,0x3d33,0xb066,0x2ebb,0x3e4d,0xb498,0x3faa,
    0x3c89,0x30ff,0xbc05,0x32d1,0xaf59,0xbcda,0xaf93,0x3a67,0xb83e,0xb4b1,0xafbc,0x27e3,0x2bf4,0x2dac,0xb026,0xb6a9,
    0x34d2,0xac10,0x2bb0,0x3880,0xaf4b,0xb494,0xb2f9,0x18c2,0x36c9,0xb4da,0xb50c,0xb43d,0xb2c0,0x354d,0xaef2,0x3190,
    0xb300,0x2ec0,0xafa7,0xb6c8,0x2dd8,0xadc5,0x2d69,0xbc82,0xbc81,0xb142,0xb6b8,0x22df,0xabc2,0xbd4b,0xb46f,0xbd92,
    0x2ff2,0xae76,0x3671,0xa8c9,0xa390,0xb982,0xa4b5,0xac27,0xb193,0x3f1f,0x301b,0xb89f,0x3660,0xb033,0xac11,0x3ba0,
    0xb6c1,0x2f14,0xa89d,0xb3fc,0xb07d,0x3978,0xadca,0x381e,0x36e4,0xae76,0xac78,0x3004,0xaa32,0x3aa0,0xb416,0x3956,
    0xad08,0x37ad,0xb1d9,0x2b05,0xb540,0xb177,0xac19,0xb71c,0xad73,0x2909,0xaf38,0xb4a7,0x2aa3,0xb5cc,0x2e96,0x2b06,
    0xb6e1,0xb383,0x313f,0xb194,0xad77,0x326e,0xacb0,0x3364,0xb28c,0xb493,0xb2e8,0xbd86,0x3ae2,0xb1a4,0xa8dd,0x368d,
    0x38a5,0xaea2,0xb11b,0x2930,0xb0e5,0xbd89,0xad5e,0xbb73,0x3735,0xb3f6,0xaa13,0xb679,0xacd9,0xb589,0x31f3,0x3a47,
    0x31f8,0x33cc,0xabbc,0x3972,0xb439,0x2f5f,0xa01d,0xb1e7,0x3807,0xb2ee,0x3060,0x37b8,0x2c6a,0x397b,0x32d0,0x296e,
    0xb555,0x27c3,0xb1d0,0x344a,0xab99,0xb59e,0xb357,0x2c0e,0x96fa,0x3126,0xb581,0xb2e7,0x3aa8,0xb403,0xad41,0xb844,
    0xb37c,0x23f2,0x33ae,0xa86c,0xb024,0xaa9b,0xb696,0xb609,0xaf46,0xb0a9,0x34eb,0x2c1d,0xb28d,0xaeb1,0x2ade,0xafd3,
    0xaecb,0x32bc,0xaf93,0x332f,0x2c5b,0x2d28,0xb126,0xba8c,0xba86,0xb4d1,0x349a,0x3801,0x2e40,0x231e,0xb89b,0xb2be,
    0x37b0,0x3082,0x27ea,0xb3ad,0xb11f,0xb484,0x2daf,0xba0d,0xb215,0x31b4,0xb495,0xa3ce,0xb9b5,0x3231,0xb104,0xbb6d,
    0xbd2b,0x31d1,0x3049,0xb4be,0x317f,0xb909,0xb4a4,0xb451,0xbc5b,0x2e18,0x2b45,0xb4b7,0xae34,0xa25b,0xac11,0xb131,
    0xb37c,0x31b9,0xb829,0xa0bb,0x2dac,0xac2c,0xb0f7,0xb429,0x32e8,0xb231,0x35ae,0xa91c,0xaf91,0xb0c0,0xb485,0xafde,
    0x3662,0x9f8d,0xb3a7,0xb100,0xad3e,0x346d,0xb281,0x3391,0x2591,0x38c7,0xb4c7,0x30ed,0xacb3,0xb241,0xb46e,0xb8e7,
    0x3d29,0xb550,0x3838,0xb856,0xb443,0x32d5,0x284e,0xb6cd,0xb864,0xac7d,0xb45f,0x2b87,0x30a4,0xb7bc,0xad38,0xaa53,
    0xb6a6,0xb1d0,0xab0d,0x35e6,0x319c,0xb22d,0x2cab,0x322f,0x2f0e,0xb131,0x3543,0x38f9,0x2f08,0x31e9,0xb34e,0xb89c,
    0x3013,0xaf49,0x35a3,0x1367,0xb02f,0xbad7,0xaa1f,0x28c3,0xb552,0x34fb,0xb84c,0x337a,0x387e,0xb215,0xac00,0x3566,
    0xb493,0xaca6,0x35dc,0xb8a9,0xb405,0x34c6,0xa4c5,0xb536,0x3044,0x30eb,0x35fb,0x31c0,0x26aa,0xad04,0x9e95,0xacdc,
    0xab80,0xb1a2,0xae1d,0xb482,0x382d,0xb421,0xb080,0x26ea,0x33a3,0x25ec,0xb838,0xb924,0xb05a,0xb921,0x2a68,0xb433,
    0x34be,0xb08b,0x3ae8,0xb42c,0xb25a,0xb972,0xb254,0x3712,0xb59c,0xaa83,0x3284,0x3637,0x3cf3,0xaef2,0xb48f,0x3857,
    0x2274,0xaed3,0x3550,0xb76b,0xa610,0x38a4,0xafa0,0xaea9,0xb023,0xa5c3,0xb112,0xb450,0xae62,0xbb7a,0xada7,0x3b9c,
    0xa951,0x38bb,0xb274,0x3501,0x3216,0xb26e,0xaccf,0xbc56,0xbc91,0xb25a,0x3726,0xa6ed,0xb094,0xb526,0xb30c,0xbb74,
    0xb00b,0xa7c4,0xb7f4,0xb31c,0xac18,0xbbce,0x2d69,0xbcf4,0xad0e,0x33c0,0xb3bd,0xb4da,0xbc9a,0xae53,0xb29a,0x3a19,
    0xb0a9,0xb515,0xacf7,0xb811,0xad7d,0x38c0,0xa987,0x3938,0x35f1,0xb2db,0xb061,0xb40a,0xa5c2,0x3606,0xb483,0xb00f,
    0x322c,0xb675,0xb523,0xae0f,0xb41b,0xb3d0,0xb026,0xb85c,0x3ad1,0x30a8,0x3974,0x31b4,0xad51,0x2f82,0xb125,0xbd7a,
    0x3443,0x3118,0xb913,0xaede,0xb3d9,0xbdb6,0xb3c6,0x3866,0x1e9e,0xb82b,0xb1d5,0x362f,0x3c68,0xb223,0xb414,0xb75f,
    0xb57d,0xa40d,0xbe5c,0xb80a,0x2f4f,0xb814,0xb48a,0xba33,0x2d6e,0xac26,0xba9d,0xb0ce,0x2d84,0xb2d8,0xb37b,0x350d,
    0xae6f,0xac34,0xb19d,0xb5f1,0x3440,0xb384,0xb179,0xbce5,0xb48a,0xb51c,0x2ba7,0xb4fc,0xb079,0xb753,0xb750,0xb726,
    0xb542,0xb459,0x3959,0xb020,0xb2dc,0x3146,0xb02b,0xb228,0x2935,0xbcf7,0xaffd,0xb65d,0x3c63,0x303d,0xb410,0xbaec,
    0x3c2d,0xb167,0x39cc,0x2d4e,0xb402,0xb26f,0xb505,0xba07,0xbacd,0xa568,0xb776,0xab74,0x2e53,0xb9f5,0xb217,0x38ed,
    0x31ee,0x369d,0x2f93,0x3274,0x3445,0xacbb,0xa37e,0x2b78,0xb256,0xa567,0xb389,0x34bf,0x2b06,0xbcd7,0xb277,0xbae4,
    0x384f,0xadaa,0x34c6,0xb3fc,0xb44d,0xba07,0xb101,0xb0ab,0xab3c,0xb96c,0x3368,0x3531,0x37c4,0xac0b,0x2a48,0x28b7,
    0xb3dc,0x303b,0x2c97,0xba5d,0x31d1,0x2c77,0xb44e,0x304d,0x37a6,0xa252,0x38f8,0xb3f0,0xada7,0x3086,0xae98,0x378d,
    0xb4a4,0x2878,0x36a8,0xb847,0xac82,0xb1df,0x980d,0x34ff,0xb5c0,0xadd8,0xada2,0xb5ee,0x322d,0x3909,0x34e2,0x37ac,
    0x29f6,0xaddb,0x3c3d,0xb07a,0x3171,0x3013,0x31bb,0x3d68,0x2ebe,0xb099,0xadf7,0xbf16,0xbcbf,0xb0df,0xb0de,0xbdd3,
    0xb337,0xb4b6,0xb763,0x2907,0xb2c4,0xbab1,0xb014,0xba70,0x3dd7,0xb42c,0x3344,0xb14c,0x2a9a,0x33b0,0xb0ac,0x35de,
    0xb610,0xb5c2,0x2a16,0x31d2,0xacdd,0x2f02,0x3010,0xbc46,0x396d,0xad86,0xbacc,0xa662,0xb2e1,0xbf25,0xa960,0xb9c6,
    0xadb0,0xa5ab,0x3b06,0x2905,0xb161,0x33b3,0xad18,0xbc5c,0xb03c,0x3a2c,0x2add,0x3801,0x3302,0x3260,0xa66e,0xbd78,
    0x374a,0xb193,0x3abc,0xba13,0x2efb,0xbc16,0xb0c9,0xbea0,0xb1ba,0x2d12,0x2e0f,0x267e,0x2e78,0xb16a,0xb496,0x3467,
    0xb59a,0x2c06,0x1ccd,0x9d26,0x3344,0xac99,0x9923,0x3b46,0xb5bc,0xb17e,0xb7f2,0x36d7,0xb420,0xafea,0xb220,0x30b5,
    0xa7af,0xb122,0x3899,0xac19,0x2640,0x3122,0xb163,0x3031,0xb6d9,0x3797,0x30f5,0xb6b8,0x34de,0xb0ef,0x3182,0x2d69,
    0x321d,0x2eec,0x34bc,0x23e1,0xb2b2,0xb83c,0xa899,0xb74d,0x3b3a,0xad63,0x33dd,0xa85e,0x2f89,0xb4af,0x197a,0x35e2,
    0xb6c4,0x3b3d,0xa790,0x351d,0x3757,0xae25,0x2855,0x36e3,0xb4ea,0xb1d9,0x305b,0xb381,0xa206,0x3aab,0xb393,0x399c,
    0x34e5,0x2e17,0xafe5,0xb1a6,0xad84,0xba11,0xaff1,0x3630,0xac0d,0x24bc,0x2e98,0x37a8,0xad18,0x3076,0x2afb,0x2dc9,
    0xb867,0x2e12,0x38ca,0x3797,0xad77,0x3472,0xac79,0xb3ac,0x3761,0x2e33,0xb264,0x2925,0xac9b,0xb97a,0xacfa,0x3881,
    0xb391,0xbc12,0x2cc2,0xbc75,0x3302,0x2fa6,0x25b4,0x3b1d,0xb45f,0xb28d,0x375b,0x31fc,0xb287,0xb06b,0xb304,0x1fa3,
    0x3c5b,0xa92a,0x35a6,0x2e72,0x2cfb,0x2c2b,0xb259,0x3c42,0x3240,0x35cd,0xae1f,0xbaaf,0xb894,0x3535,0xb522,0x350c,
    0x30be,0x2d8d,0xb013,0x2df2,0x248b,0x2c36,0x306d,0x3210,0x3c3f,0xb1a5,0xb230,0xb411,0x308c,0x3980,0xb0f9,0x3b94,
    0xb41c,0xbf1a,0xb715,0xa975,0xbf30,0xb2ac,0xa487,0xb879,0x379a,0xa91d,0xb720,0xb55d,0xaf8b,0xb20f,0xb0bc,0x390e,
    0x331a,0xa866,0x2d72,0xa9c1,0xb2fd,0xb86f,0x2a31,0xb3d9,0xb652,0xac43,0xb082,0x31f7,0xb61f,0xa183,0xac60,0xbc59,
    0xba94,0xb3ee,0xb701,0xb8dd,0xb306,0x34b4,0xb407,0x31aa,0x3671,0xb06a,0x33e4,0xb3b5,0xb22b,0xb9be,0xb444,0x3467,
    0xb22e,0x35d7,0xb4ba,0x3664,0x2fb8,0xb01d,0xae4f,0xb8ef,0x36c2,0xb3c2,0x3406,0xab1f,0xadab,0x391c,0xae5e,0xb859,
    0xaf96,0xabe6,0xbd78,0xb403,0xb358,0xb5d4,0xacab,0xb8ab,0xb0d7,0xb4b6,0x2d48,0x2ac3,0x2d4b,0xb2fb,0x30b2,0x37ce,
    0x229e,0x2e7d,0xb5e4,0x3a07,0xb0ef,0xba50,0xa550,0x334a,0x267d,0x2c33,0xbec4,0xb40c,0x3043,0x32be,0xaa9e,0x322c,
    0xb559,0x3886,0x30c1,0x3604,0x2a96,0xb075,0x2bb8,0x3994,0x390b,0xb09f,0x3abe,0x30bb,0xa871,0x3452,0xb4d3,0x3672,
    0xb03c,0xb0f7,0xba1d,0x2bec,0x3039,0xb9ec,0xb1b0,0x3309,0xb593,0x36cb,0xa341,0xa4c9,0xb028,0xac0f,0xb45b,0xb257,
    0xb13c,0xa928,0x38bc,0x2cd8,0xb0ab,0xa55f,0xb483,0xb8e3,0xb4b0,0xa101,0xad6e,0x257a,0xb034,0xbdad,0xaf9d,0xb533,
    0xb305,0xbe3d,0xb6c0,0x399d,0xb384,0xb222,0xb352,0xb25b,0x3c4e,0x2d69,0xb4ce,0x346c,0xb44c,0xae7b,0xb822,0xb76d,
    0x2fd1,0xaad5,0xa2d7,0xaad3,0x3107,0xb94d,0xb451,0x38e3,0xb619,0x3402,0x3523,0x2eef,0x38de,0x2cfb,0x2dfa,0xb955,
    0x2cb0,0xb3b5,0xb932,0xafd5,0x2824,0xb6b8,0xaf42,0xbbf7,0xb832,0xb0ed,0x9242,0x31ab,0xb2dc,0xbf86,0xb054,0x3366,
    0xb2e1,0xb2e5,0x2ceb,0xb412,0xb65b,0x2b8d,0x2d18,0xa453,0xb4e2,0xa9ac,0x2d93,0x34c5,0x2a52,0xb0dc,0xb3c3,0x35c3,
    0xb9cf,0xb107,0xb4b1,0x1d35,0x290a,0x304f,0xb289,0x2807,0xb483,0x3112,0xb234,0x306f,0x39b1,0xb226,0x2492,0x3406,
    0xb88c,0xb4c1,0xb79a,0x36dc,0xb601,0xa9d9,0xb377,0xb3ee,0xb335,0xb563,0xb237,0xb445,0xac0f,0xb828,0xb275,0x2fa4,
    0xb0b4,0x324c,0x346c,0x356d,0xa82b,0x95e0,0xaca4,0x38b2,0xaeb2,0xb338,0xb57a,0x3065,0xa4f2,0x3722,0x36fb,0xaad4,
    0xb4f3,0xb1e9,0x346b,0xaa81,0xb02c,0xb16f,0xac78,0xb6b6,0xb48e,0xaf5a,0x2c36,0xa371,0xb9ac,0x0851,0xad02,0xbc00,
    0x286d,0x31d9,0xb53d,0x394d,0xb1b5,0xb8bc,0x3927,0xb557,0x3383,0xacdf,0x396f,0xb06f,0xabae,0x322e,0x3202,0xb420,
    0xa37b,0xb848,0xaef4,0x3cb8,0x3a60,0xb26c,0x3303,0xb9d9,0x9e25,0xb0fe,0x39ec,0xb121,0xac2e,0x3906,0xb6f3,0x31ef,
    0x2b01,0x2bc5,0x3a8f,0xac29,0xb483,0x98f4,0xb040,0xb3b2,0xb0ec,0xbad3,0xb302,0x38f6,0x3027,0x292c,0xb3c8,0xbf18,
    0xb7a0,0xb1a0,0x2d7a,0xb398,0x2da9,0x3a2f,0xb607,0xb984,0x3728,0xb04b,0x3927,0xad18,0xb16f,0xb964,0xa5e9,0xb4b5,
    0x2db1,0x34a6,0xb406,0xbcdc,0xb9bd,0xad0f,0xb2bd,0xa72d,0xac50,0x28f9,0xb7a5,0x39af,0xacbe,0xb8a3,0xa0b1,0x314b,
    0x3196,0xb060,0x34f2,0x317f,0xb300,0xb333,0x2ee0,0x3110,0xae84,0xb91e,0x1436,0xb843,0x3b69,0xb28f,0xae9a,0xb8e1,
    0x3a53,0x314e,0x36df,0x3c96,0x3123,0xb9f2,0x2cd0,0x2eb8,0xb809,0x2a2e,0x392b,0x2df0,0xb199,0xb4db,0x1c66,0x2f60,
    0x2dd9,0x2f5c,0xb3a4,0x2918,0x3568,0xaf4d,0xb08d,0xbdd7,0xb52b,0xb201,0x3c35,0xabb7,0xb0e7,0x30eb,0xb2ce,0x3289,
    0x297d,0xb3af,0xb3eb,0xb466,0xa4d1,0xb252,0xb297,0xb914,0xb2f1,0xb632,0x2d02,0x38b7,0x2d86,0xafdc,0xad5c,0xb7b5,
    0x3419,0xb214,0x38d7,0xb53f,0xa9f1,0x35ad,0x9bee,0xb46d,0x37f4,0xb0fa,0xaaba,0xad90,0xada8,0xb400,0xb12f,0x3911,
    0xb59c,0x38b4,0xb581,0xb3d1,0xa85d,0x2bb0,0xa59b,0xab40,0x32d0,0xb64e,0x37dc,0xb619,0xb176,0xa9f1,0xb088,0x35ed,
    0x3862,0xabdb,0xb8a7,0x21fa,0xb1ca,0xb4ff,0xb312,0xb80b,0xb62a,0x3102,0xb8f9,0xb531,0x36c8,0x267a,0x28bd,0x3972,
    0xb760,0xb1c2,0x31ad,0x33de,0xb1c7,0xb804,0xb653,0xb010,0x30ee,0x1d92,0x2f59,0x1f11,0xad44,0xb069,0xb46c,0x3714,
    0xb00e,0xb7d6,0x302c,0xb645,0x3a6f,0xb121,0x2c98,0xb80d,0x3919,0xae9d,0xb0b4,0xb686,0xb2b3,0xb7a5,0xafa6,0xbbb6,
    0xb57e,0xb430,0x3579,0x30a1,0xb47f,0x340f,0xac4f,0xb5fc,0xb244,0xba7b,0xb143,0x2972,0x332b,0xb2ea,0xb411,0x31a2,
    0x3217,0xae4b,0xb5af,0x355e,0xb03b,0x39e6,0x36bb,0xb3fd,0xb25a,0x31af,0x35b1,0x2bc9,0xb246,0xb655,0x262e,0xb0eb,
    0xb446,0x3b06,0xa682,0xb414,0x34ca,0xb0cc,0xb183,0xb779,0x340a,0xb201,0xb1c7,0x31b2,0xb0c7,0xaf58,0x3245,0xbc27,
    0x3b3a,0x2b19,0x3aad,0xb43a,0xa0cf,0xb38f,0xaeaf,0x36cb,0xb9ba,0xb0d6,0xb0cf,0x3bf9,0xba09,0x165e,0x2ec8,0xbd02,
    0xbf33,0x280b,0x2ed5,0xb963,0xb000,0x38d4,0xaa60,0x2c1a,0xb6eb,0xb1a5,0xaa4f,0xb19c,0x2e3f,0xbc97,0x2fd4,0xba34,
    0xab88,0xb6a8,0xad53,0x34b1,0x3793,0x2998,0xaf33,0x2bfb,0xb869,0x26c8,0x2d03,0x3b0e,0xb046,0x36a8,0xb7c4,0xa366,
    0x32c7,0xad80,0x2fe5,0xb4ab,0x2c7b,0xb165,0xb163,0xb310,0xb394,0x35d1,0xb234,0xb227,0xb1da,0x8ec5,0xaa6a,0x369c,
    0xbc21,0x2b34,0x304d,0xb3f2,0xb453,0x2cae,0xb0d7,0x3a46,0x3cce,0x2c37,0xb5e4,0x30b2,0xa4f4,0xa252,0x3125,0xb4e9,
    0xb5bd,0x327a,0xb895,0xb74f,0x308e,0xb4c4,0xaf3a,0xbfee,0x3806,0xab58,0xb600,0xaf2e,0xb281,0xb23d,0xb3ed,0xaef9,
    0xaea3,0xab2f,0x3c46,0xaafc,0x93e6,0x2dca,0xb0a2,0x3536,0xb50f,0xadbc,0xb6ad,0xb6b4,0xb778,0xb036,0xa48a,0x320a,
    0xb596,0xae23,0xb595,0xaab5,0x2bc6,0xb5bb,0xb445,0x388b,0xa9a9,0x2ca8,0xba0e,0x2c4f,0xb2d1,0xad56,0xa9d9,0xb715,
    0xb1b6,0x3294,0xabd5,0xb5c6,0x38a8,0xb0a7,0x26cf,0xb623,0xbf6e,0x28ac,0x35ef,0x3799,0xa6c4,0xbc02,0xb326,0xb856,
    0xb4dd,0x2dbd,0x3802,0xb3ab,0x2dab,0xb933,0xb137,0x329f,0xb1d0,0x365e,0xb3d1,0xb85b,0xb3e8,0xac6e,0x2454,0xba42,
    0x39f3,0xaf9a,0xb373,0x3205,0xa721,0xb5a5,0x2b5f,0x3040,0x3202,0x3068,0xb29e,0x3261,0xa52f,0xbc99,0x1ec0,0x3393,
    0xb46b,0x2189,0x2c09,0xa749,0xb2ef,0xae3e,0xb117,0xb8de,0x35c1,0xb1a0,0xb746,0xb25c,0x287b,0xae77,0xb268,0xb850,
    0xb29d,0x287c,0x3865,0xb155,0x9aee,0xb600,0xb059,0x3361,0xb2a2,0x3994,0xada6,0x3570,0xadec,0x30cf,0xb115,0xb48a,
    0xbc30,0xb44e,0x3b5a,0x39b4,0x20bb,0x3061,0xacad,0xba2f,0xae70,0xac45,0xb8e7,0x2d34,0x2ed3,0xbc38,0xa5c8,0xb0e9,
    0xb095,0x3797,0xb876,0xba12,0xbc4a,0xab48,0x92da,0xac86,0xb10a,0x31c9,0xa4bd,0x326a,0xb352,0xb562,0xb0e7,0x2911,
    0x3450,0xb153,0x3350,0x2694,0xafb8,0xb794,0xa028,0x3120,0xb0f7,0x2f8e,0xab21,0x30b4,0x2d47,0xb220,0xb28a,0x3a24,
    0x3496,0xb57b,0xb46d,0x277e,0xa0f5,0x3ab7,0xb7a8,0x3c75,0xa5bf,0xa89f,0xac42,0x322c,0xadb9,0x208f,0xb15f,0xb215,
    0x2c17,0x389b,0xb4ca,0x3597,0xbce7,0x2ea8,0x3133,0xc05e,0x33d7,0xb4cf,0x3329,0xb9d7,0x22fd,0xbdab,0x2cc8,0xbe06,
    0x3b60,0x2d31,0x318e,0xb41e,0xb3f7,0xb3f4,0xa784,0xba6e,0xb872,0x3bf2,0xb1eb,0xb4dc,0xb4d4,0xa783,0x2db4,0x318f,
    0xad8c,0xb53c,0xb42a,0xb1b1,0x2cb3,0x34d2,0xb546,0x3873,0x35ee,0xac78,0xab62,0x2ed2,0x2cc4,0x2e66,0xac7d,0x2e68,
    0xb556,0xb3fa,0xb55c,0x2cdf,0x22cd,0x2d19,0xb114,0xbde5,0x3bf8,0xb578,0xb4a5,0x3c9e,0xb702,0xb926,0x2e7b,0xbc63,
    0xc132,0xab5f,0x3488,0xb4c9,0xb475,0xb4dd,0xb11a,0xb92a,0xb373,0x3042,0x2f02,0x3a11,0xbbee,0xb100,0xa48e,0xb96d,
    0xbe27,0x303a,0x380b,0x2311,0x26bc,0x3ba5,0xb243,0x3f71,0xb98a,0xa978,0xb677,0xaae5,0xb117,0xbb3f,0xaf3b,0xb2d2,
    0xb090,0xba87,0xaf06,0xb8e1,0xb129,0x3053,0xb41b,0x37b9,0x35af,0x2d02,0xb6fa,0xb314,0x32df,0xb15f,0xb306,0xb122,
    0x38a7,0x2c9a,0x3319,0xb150,0x2d7c,0x344a,0xb024,0x3e6a,0xad25,0x2f6c,0xb34a,0xb84a,0x3600,0xad7b,0xb0c2,0xb9f0,
    0xb5d8,0xaf79,0xb047,0xb5c4,0xb023,0xb7e5,0xb7cb,0xb5fd,0x3954,0xa7e3,0x348d,0xae2f,0xb2a8,0xb4bd,0xb039,0x3bc2,
    0xb2c3,0x33e5,0xb159,0xb1df,0xb654,0xb448,0xb204,0x33ee,0xb581,0xacc6,0x39c2,0x25cc,0x195e,0x3016,0xb3b4,0x39c0,
    0xb760,0xb206,0x21ca,0xaed3,0xb379,0x9cbc,0xb039,0xa8d2,0xb140,0x38c6,0xb133,0x327d,0x3a60,0xb0a4,0xb398,0xb85a,
    0x3bec,0xb08f,0xa4c7,0x2c1d,0xac81,0xaf0f,0x2c54,0xa92b,0xb248,0xb202,0xb394,0xaded,0xb1ef,0xb036,0x2e7e,0x36e3,
    0xb85c,0xa560,0xb7e4,0xb8e1,0x30e6,0xb071,0xb205,0x9ebb,0xb2f6,0xb1ac,0x3468,0x26b1,0xb2fd,0xb95c,0xb525,0x3023,
    0x3ada,0xb039,0x3b8a,0xb40b,0xb3b7,0x2eea,0xb28b,0x2c34,0xb606,0x2fd0,0xb5a7,0x2fe6,0x342e,0xb2a2,0xb34b,0xb001,
    0x29c5,0xb3f8,0xb603,0x2720,0xb469,0xa957,0xb562,0xb41a,0xb061,0xae13,0xb32f,0xafe9,0xb0cd,0xb871,0xb424,0xadb2,
    0x3562,0xb298,0xb6bf,0xb2ee,0x31dc,0x2410,0xac01,0xb213,0x3576,0x2257,0x37a3,0x1c84,0x2e05,0x331f,0x3439,0x3811,
    0x24ed,0x325c,0xb68c,0x3882,0x2843,0xadc2,0x2c53,0x2862,0xb002,0x2c13,0x3384,0x37c0,0x31c8,0x3167,0x387f,0x317b,
    0xab01,0xa824,0xac74,0x34c2,0x3405,0x3877,0x2f49,0x37cb,0xafaf,0x3055,0xb05c,0xb072,0x31e0,0x2edd,0x28d9,0x2977,
    0x335b,0xaef3,0x3308,0x2d4c,0x2e19,0xb38c,0xb06e,0x2d76,0x2c8d,0xb28b,0x332b,0xa2fc,0xb1d1,0xb134,0xab7e,0xb1ce,
    0x2772,0x2d65,0x238b,0x3564,0xabd0,0x2fcc,0xb407,0xa198,0x35d0,0x2ab8,0x2fdf,0xb408,0xb21a,0xb612,0xb2b0,0x35b7,
    0x2ffe,0xb649,0xa971,0xae3b,0xb580,0xb57b,0x29ee,0xb060,0xab35,0xb96e,0xb901,0x2e04,0x2c53,0xb5d3,0xa752,0xb6a3,
    0xa99a,0x33fc,0x38a2,0x3635,0xb431,0xae81,0x36b0,0x2d00,0x279b,0x3d68,0xb9d1,0xb3e7,0xa786,0xb294,0xbab3,0x3af2,
    0x3f7d,0x3147,0xaccf,0x30d5,0x3804,0xa4ff,0x2f43,0x3d7c,0xb4e3,0xbc8c,0xb2b0,0x37ff,0xb8da,0x3978,0xa8c4,0xbb32,
    0x3b51,0x3c31,0x3a90,0xae83,0xb0a9,0xa03f,0x3886,0x368c,0xb0aa,0xb496,0xb78e,0xb724,0x3054,0x3b07,0x301b,0xb607,
    0x3611,0xb0ba,0xbf0a,0x3166,0x3b81,0x300a,0x2ed2,0x326e,0x34af,0xa8ce,0xb19b,0xb62e,0xa8e0,0xa4b6,0xb0f2,0x3a48,
    0x3004,0xb70f,0xb573,0x30ec,0x3442,0x3d12,0x3376,0x3578,0x3564,0xb909,0xb73e,0xb978,0x34f6,0x3c1a,0xae94,0x30a3,
    0xb989,0x9806,0xb8cd,0x3b95,0x3dcf,0xa979,0x3185,0x3c56,0x35a4,0xb937,0xade6,0x367d,0x3337,0xb64f,0xb3ab,0x33d1,
    0x3030,0xb643,0xb299,0xb09f,0xb4ed,0xa382,0x3142,0x372b,0xb17a,0x32cc,0x3662,0x2d95,0x338b,0x328f,0xb14b,0x33fa,
    0x301e,0x32ea,0xade1,0xb739,0x374a,0x3439,0xac41,0x3026,0x2a13,0xb068,0x3390,0x29ec,0x2e22,0x328f,0xb705,0xb4b9,
    0x3807,0xa8ab,0x2dda,0x2c53,0xb210,0x33ff,0x33ee,0xa8df,0xb450,0xb882,0x2d16,0x32e9,0xb373,0xae9f,0x295f,0x3355,
    0xb299,0xa9c1,0xa97c,0x3431,0x31fc,0xa6a6,0xa5c5,0xb399,0xaccc,0xb170,0xb566,0x34ae,0xa105,0x2b8e,0xb4b9,0x2eee,
    0xb043,0x3785,0xb11e,0x30a5,0xb1b4,0x30f8,0xa953,0x32f9,0xb84a,0xaf7e,0x289c,0x2a28,0xae95,0x2827,0xb751,0xb480,
    0x3091,0xb5a2,0xa84b,0x36c9,0xafa5,0x342e,0xb188,0x3080,0xb1ad,0x2f0d,0xb3b8,0x3507,0x9a64,0x2e7d,0x2e79,0x9b81,
    0x3990,0x371a,0xbd16,0xbdbe,0xb414,0x3066,0x35b1,0x3a7b,0x3cae,0xb7cf,0x3806,0x34b0,0xacc6,0x279f,0xad17,0xb306,
    0xb251,0xb574,0xb606,0x2ee3,0x3695,0xb5c2,0x26ec,0x3b84,0xb7d2,0xbec6,0xb573,0x3420,0xbafc,0x3a58,0x27a8,0xb75c,
    0x3d36,0xa512,0xb7a5,0xad02,0x3bfa,0x329b,0xab17,0x3745,0x2fb5,0xb599,0x3667,0xbac2,0xb305,0x997f,0xb219,0x4062,
    0xb33d,0x3373,0xbed9,0xb9af,0xb6d6,0x3d56,0xb3a4,0x2ef5,0xb095,0xbb2e,0x3808,0x3c8c,0x2f19,0x29d7,0xb856,0x39fe,
    0xba40,0x3ef0,0x3445,0x1c3c,0xb708,0x3a90,0xb98a,0x3b61,0xb5bc,0xb681,0xb962,0xb94a,0x9c4f,0xb08a,0xbccc,0xba67,
    0xb797,0xba6a,0xb182,0xb3cc,0xb17e,0xbd53,0x35fd,0xb729,0xbbce,0xb6dd,0xb9b4,0xb3f4,0x35b0,0x3b25,0x3a67,0xb519,
    0x3850,0x2c8c,0x37d7,0x35a1,0xba61,0x3218,0xb3ff,0x395f,0x35db,0x3826,0x301a,0x3bff,0xa082,0x3b4b,0x3084,0x2608,
    0x3545,0x3782,0x3923,0xb1bc,0xb603,0xb4da,0x393a,0x3ade,0x3180,0xb212,0x3092,0x3869,0x3373,0x37fd,0xad87,0x39ec,
    0x3a1a,0x3734,0xb4ea,0x33af,0xba6d,0x377b,0x395f,0x3964,0x39ce,0xb629,0x35d7,0xb87b,0x37ea,0xadc9,0xb05d,0xaa95,
    0x357d,0x360a,0xa9a1,0x2ca4,0x397b,0xb9a7,0xaf50,0xb1b4,0x27e9,0xa9ef,0x3add,0x3630,0xba2e,0xaffd,0x39c4,0x3719,
    0x346d,0x2da5,0x28f7,0x372e,0x381b,0xb314,0x3032,0x3c95,0xb052,0xb3f6,0x37a1,0x3823,0xb02f,0x3c67,0xb682,0xa94e,
    0x38ec,0x3046,0x3207,0x2840,0xb5bf,0xc032,0x3585,0x3890,0x39fd,0x39b6,0xb7cc,0xb7c7,0x3c51,0x3d66,0x3cf0,0xbafe,
    0x3073,0xb1c3,0x9562,0xb046,0xb272,0x2de2,0x3474,0x3140,0xb3b6,0x2e65,0x2c6c,0x282e,0xb172,0x3083,0xb174,0xb27e,
    0xb28a,0xb07d,0xb10b,0x30c2,0x25d6,0xaf7f,0xacba,0xacbf,0xa5af,0xad2d,0xa3b5,0x2244,0x24ec,0xacb0,0x1da4,0x2ee0,
    0xb26d,0x2a17,0x319e,0xb1b9,0xab8c,0x3117,0xafae,0x2db0,0xae71,0x22fc,0xa502,0x2f09,0x281a,0x30f6,0x25a1,0x3125,
    0xa0be,0x278a,0x2b9f,0xaded,0xb11c,0x3211,0x3131,0x26cc,0xb27c,0xa488,0x28ac,0xae7c,0xa3df,0xab7b,0xb2e4,0xaccc,
    0xb262,0x2fc2,0x2bd5,0xb0ef,0x29d9,0x2003,0xa5a0,0xaf00,0xae67,0x3190,0x2e1b,0x2a65,0x2c26,0x324d,0x30d1,0x3270,
    0xb276,0x3116,0x2ee2,0x2f5e,0xaf67,0x2968,0x94be,0xaded,0x9f09,0xadf7,0xae80,0x27f4,0x28c3,0xb262,0x98cc,0x335f,
    0xb33c,0xb396,0x3309,0x2b3c,0xaf6a,0x20bb,0xb20f,0x33b6,0x337e,0x2ee9,0x2f21,0xaf56,0x2818,0xb304,0xad9b,0xb06c,
    0xadfe,0xb01d,0xafd7,0x3456,0xb23b,0xad51,0x3098,0xafbe,0xb0bd,0x2d8c,0xac1f,0xa57f,0xadf2,0x2da5,0xb06a,0xaf2f,
    0xb04f,0xaa6b,0x33af,0x3016,0xaeb6,0xb128,0x2e85,0x32b1,0xb1e6,0xb030,0xb0bf,0xb119,0x222f,0xb068,0xae95,0x33eb,
    0x3438,0xb0d8,0xac83,0x289a,0xaf8c,0x2e77,0x2636,0xabf0,0x2ecf,0x3407,0xac8b,0xad0d,0x3033,0xb15d,0xa8d4,0x9962,
    0xae23,0xb1d6,0xb121,0xb0f6,0xaf93,0x2e95,0x2e04,0xb32d,0x2eb3,0x2638,0xae83,0x3198,0x20e9,0x31db,0x2d2a,0x3320,
    0x342e,0xb406,0x2c7f,0xafe0,0xb215,0x1bf2,0xb3f9,0x30b0,0xb02e,0x32bc,0xa7e1,0xac6d,0xb156,0xb220,0x308b,0xb23d,
    0x34b0,0xb9ff,0xb45d,0x3bb2,0xbc5c,0xad40,0xb7c3,0xadae,0xb1a1,0x3685,0xbcc3,0xbaae,0xb1d3,0xb475,0xb08a,0xac8e,
    0x36b0,0x3ac0,0xba8b,0xb784,0xbe52,0xb909,0xbb3c,0x3814,0x38c7,0xb4d5,0xbd24,0x3ce9,0x3a30,0x36b9,0xb80f,0xbcc7,
    0xb6cf,0xb43a,0x382a,0xbd98,0xbbdb,0xb6ad,0xbb4a,0xbc75,0xb89c,0xb4d7,0xae8c,0x3833,0xb832,0xb65d,0x3e3d,0x34a6,
    0xb833,0xbe46,0xaa71,0x35c9,0xb5a4,0xb825,0x3127,0xbb4d,0xb410,0xbb46,0xbd5d,0x2a7f,0xb767,0xb125,0x1c63,0x3ce0,
    0xb948,0xbee1,0xbd97,0x3444,0xb775,0xba3f,0xbca9,0x381a,0x3658,0xb4f7,0xb82e,0xb9fc,0x3d36,0xb5f2,0xa830,0xa71f,
    0xb934,0xa955,0xba92,0xbd4e,0xbd76,0xb5f9,0x3064,0x2f6e,0xb731,0xb554,0x3a1e,0x3c8c,0xb5fa,0xbc1c,0x2c0b,0xbd30,
    0xb6de,0xb383,0x3685,0x356c,0xb35d,0x375f,0xb56c,0x2e6e,0x3d0f,0x3aa5,0x37fc,0xb04d,0x3c08,0xac04,0xba61,0xb978,
    0xbe89,0x279c,0x3840,0x3610,0xbac8,0x3b09,0xb0f3,0xba6e,0x35fc,0xb99f,0x36e3,0xb733,0x36dc,0xb349,0xb25c,0x32d7,
    0xb6fd,0x3a1d,0xb53f,0x3cd6,0xb6f1,0x3b5c,0x300f,0xb204,0xa0bb,0x3891,0xb628,0xb71f,0x3d2d,0xaab0,0xb51c,0x30a1,
    0x19c5,0x36c9,0xb9d0,0x37d2,0xbd66,0xbcd6,0xb499,0x30ef,0xb2ca,0x396b,0x2fa1,0xb106,0xb976,0x3846,0xaa1f,0x2c8b,
    0xb843,0xb569,0xb0dd,0x38fb,0x3b54,0xb8df,0x3591,0x324d,0xb1ac,0x21d1,0x36cb,0xba7c,0xb6c2,0x3150,0x3ccb,0x3240,
    0x3644,0x3896,0xb44e,0xb2ef,0x2a74,0x3467,0xb519,0xbd10,0xb4c1,0xbb4f,0x3ba6,0xb277,0x3122,0x3894,0xb6c4,0x992f,
    0xafc7,0xabd8,0xb35b,0x99ef,0xb1b7,0x2ff2,0x2c7a,0xafaf,0x2fbd,0x3002,0x3441,0xac49,0x2dad,0x33a4,0x2c90,0xb157,
    0x3330,0xad89,0x2d4b,0xaf99,0xb32e,0x342a,0xaf9f,0x31d7,0xb3e0,0x2dd1,0xae92,0xb2da,0x253d,0xb16a,0xb190,0xb09b,
    0xadbe,0x33db,0xaab4,0x2d8a,0x3180,0xa416,0xac6d,0xb0fd,0xb007,0x30ef,0xa448,0x2b27,0xa9ff,0x2dea,0xb15f,0x2a3f,
    0xae62,0x289a,0x2ee6,0xb455,0xb222,0xb184,0x3431,0x34a7,0xb1de,0xb211,0xb48c,0x3398,0x2dae,0x1e00,0xb00c,0x31f0,
    0xb08a,0x3050,0x3408,0x3106,0x2e8d,0x3111,0xa70c,0xa497,0xb2ca,0xb008,0x32ca,0xaec9,0x322a,0x30cc,0xa0ea,0xb40f,
    0x33e1,0x2df5,0xaf61,0x24d0,0x2d05,0xb02b,0x31f1,0x2f0e,0xb4e6,0xaecf,0x2ecc,0xabe1,0xb2f4,0xaed5,0xb014,0xb244,
    0xb812,0xafb6,0x3c06,0x3626,0xb62b,0xb1a0,0xb675,0xb985,0x30a2,0x2cb1,0xb68f,0xb540,0x3854,0xb40d,0xbc3b,0xb8f0,
    0x3c68,0xb478,0x2d77,0xb85d,0x3d61,0x3439,0x381a,0x3328,0x385a,0xb65a,0xaa6e,0x30ab,0xbcbb,0xb445,0xb427,0x30f6,
    0x3338,0x3c22,0xb0ca,0xb52d,0x316d,0xb4f7,0x3a3b,0x393b,0xb62b,0x34ca,0xb6e1,0x3920,0xb9b4,0x36c3,0xb401,0xb2eb,
    0xb051,0x3837,0xbce1,0x3703,0x3266,0xa4f4,0xb2b4,0xb0a5,0xb759,0xb3c8,0xb96b,0xb452,0x2c03,0xba3e,0xac5c,0x38f3,
    0x31a0,0xac72,0x2e1c,0xb07a,0xb566,0x3eb9,0xba3b,0xb7f5,0xba16,0x367d,0xad67,0x37e9,0xb035,0xae0b,0x2c2f,0x3558,
    0x3502,0xb58a,0x2df0,0x2df9,0xaefe,0x9d44,0x3651,0x386f,0xb177,0xb437,0xb790,0xb80f,0xb517,0x353f,0xb8ac,0xba06,
    0x37ed,0x3775,0x351b,0xab76,0x337b,0x344e,0x3a84,0x2dff,0xb1bc,0xb525,0xb476,0xac8e,0xb6ea,0x3972,0xa197,0x34c6,
    0x3964,0xb22a,0xab18,0xaeb4,0x3523,0x2cca,0xbdbe,0x2e54,0x2661,0xb255,0xb5c1,0x3597,0xb8c4,0xbc96,0xb692,0x36e5,
    0x39df,0xac53,0x34e0,0xb1d7,0xaf7c,0xb6ad,0xbac0,0x3616,0x3938,0x309f,0x36cc,0x3b07,0x2e6e,0x353e,0xba5a,0xb4d2,
    0x3297,0xa23d,0xb3ae,0xb034,0xb4ec,0xb580,0x345f,0x37f2,0xb4a7,0x32c5,0x28e5,0x3a8d,0x3337,0x2e4d,0x3726,0xb855,
    0xba70,0xb87e,0x310b,0x32ab,0xb8bc,0x3840,0xb7b0,0xb446,0x29e1,0x331d,0xba63,0x2b88,0x20c9,0xa93a,0xbbe8,0xb636,
    0xb896,0xb842,0xaa81,0x39e2,0x37f3,0x3ca8,0x3410,0xac2a,0x35dd,0xb68b,0xbc14,0x2bb7,0x30af,0xaf07,0x3cd0,0x309b,
    0xa1bd,0x2a75,0x2b65,0xa20d,0xb138,0xa88a,0x1530,0x30b4,0xb543,0x2cba,0xb025,0xad26,0x2be0,0x2f1e,0xad1f,0xb134,
    0xabc2,0x34fc,0x3017,0xad83,0xb062,0xb01a,0x2cd2,0xa8f6,0x255b,0xb348,0x1bdf,0x2bec,0x3194,0x29cd,0x2898,0xb1a7,
    0x2e7a,0x2ba4,0xacb2,0x2e2c,0xaa78,0xa601,0x3000,0x31ee,0xa52c,0x2c99,0xaf49,0xacbe,0x2fba,0xb210,0xb2e1,0x210a,
    0xaf7f,0xb40d,0xb01b,0x2e56,0xb2e2,0x3292,0x2682,0x2f07,0xaf21,0x32e4,0x2d71,0x30d5,0xaf2d,0xb38f,0x26fc,0x2fd6,
    0x22f2,0xb2fd,0x2937,0x2ee0,0xb4d9,0x307b,0xb142,0xaf58,0x154b,0xa9c2,0x25c7,0x2ee8,0x2f38,0xaa93,0xab7b,0x27a5,
    0xb191,0x316c,0xb27a,0xaaef,0x98f3,0x29d8,0x316e,0xb110,0x3056,0x31da,0xb32b,0x2ca4,0x2112,0xacb5,0xb084,0x9ecf,
    0xb220,0xb736,0xb7b4,0xb9a2,0xadf9,0x2fe8,0x3467,0x2587,0x3c25,0xad2d,0x3bc5,0x3970,0xb202,0x3454,0xb525,0xbfd1,
    0xb034,0x366d,0x3a77,0x35fa,0x32be,0x33d0,0x3686,0xbb66,0xb566,0xb572,0xb91d,0x38c5,0xb4e8,0x3777,0x3991,0xb46e,
    0xbadd,0xb4ad,0xbb68,0x30d9,0x2493,0x3433,0x378f,0xb136,0xb5b9,0x32d2,0xc029,0xb826,0xbce1,0xb1fd,0x3990,0x3d15,
    0xb1ee,0xbcb5,0xa7f0,0xbc21,0xb86f,0x3a6f,0xb670,0x9f7a,0x2a1b,0xba2d,0x29d8,0xba82,0x3b63,0xba29,0xae4f,0x39d9,
    0xbda3,0x3fca,0x39ea,0xb7d1,0xb97c,0x31cc,0xb7de,0x35da,0xb546,0x3c9d,0xb3da,0xb62e,0x32f0,0x3295,0xb8ef,0xb44c,
    0xb7f5,0xbcab,0x3488,0xb942,0xb530,0x358f,0x35e8,0xb7ad,0xbccd,0x31b6,0x3952,0xb339,0xb651,0xb444,0x38ef,0xb855,
    0xac54,0xad55,0xb06e,0xb33d,0xa199,0x9d36,0xad92,0x2cc7,0x35dd,0x2be3,0x314b,0xa451,0xb41c,0xb22a,0xb464,0xa964,
    0xb06d,0x2d71,0x297c,0xb610,0xabcc,0x2d26,0x290b,0x3343,0x2403,0xb5a6,0xb51b,0x2d49,0x2e32,0xaf19,0xa78e,0xb5bd,
    0x2e9c,0x3000,0x2a8c,0x3451,0xb762,0xb2e7,0x34ce,0x9336,0x30bc,0x31cd,0x33e2,0x2d5d,0xb103,0x2c1a,0x3291,0xb829,
    0xafb8,0x37bd,0xad17,0x30db,0xab9c,0xb492,0x3708,0xadd3,0x29df,0xb83c,0x2bbd,0xb549,0xb2d6,0xa854,0x15e7,0x3171,
    0xb6c9,0xa882,0xb04f,0x335e,0xb151,0x33c2,0x33cc,0xabde,0xb2e9,0xac43,0xb9bf,0x363f,0x37e9,0x2c3e,0xac09,0xb20d,
    0x332b,0x36aa,0xaefb,0xadbc,0xb1b1,0xaf51,0x28f8,0x354b,0x2502,0x2df9,0xb0e5,0xac61,0x2cb8,0xb768,0x27c5,0x333d,
    0xb3c6,0xaec7,0xaf69,0xb79c,0xb806,0xb0e0,0x3c56,0xbbe4,0x38bd,0x39bc,0xb5d1,0xbac8,0xad6b,0x3521,0xbf25,0xbbbb,
    0x3dce,0x3e57,0xb992,0x366f,0xab08,0xb7cf,0x2d1b,0xb06f,0xb7fc,0xb461,0xb623,0x3a01,0xb715,0x3b76,0x32d4,0xbcc1,
    0xbe53,0xbac5,0xb807,0xb8c1,0x2dbb,0x38f0,0x3535,0x2e45,0xbcbb,0x3829,0xbcec,0xbe1e,0xb9b1,0xb340,0x3d07,0x372d,
    0xb27e,0xbc02,0xbb22,0xbabd,0xba2d,0x399c,0xb493,0xb5e5,0x344d,0xba57,0xb96a,0xbdb3,0x3aca,0xb9af,0xb8da,0x2e48,
    0xb733,0x3b39,0x3315,0xba1e,0xb078,0x38d1,0xb90d,0x38a5,0x37f1,0x3bbe,0x30fd,0xbde7,0xb554,0xb9ab,0x324c,0x2bb6,
    0xb7b2,0xaf74,0x3c6a,0xb8da,0xb8e5,0xb2af,0x3b7f,0xad64,0xb834,0xb87c,0x2d2a,0xbc7b,0xb9e6,0xb4eb,0x28cc,0xb7dc,
    0x2cd7,0x3aa3,0xb4f4,0x38df,0x3dda,0xb6ce,0x2ce9,0x314b,0xbc31,0xb338,0xbf34,0x319f,0xb38e,0xba08,0x30b3,0x2c6d,
    0xb24a,0x38db,0xbae9,0xb584,0x3483,0xacac,0x35b4,0x3504,0xb0e7,0x36e9,0x372b,0xb7ef,0x2668,0xbdbe,0xb24a,0x3b0b,
    0xb248,0xb519,0x35cf,0xbce2,0x3812,0x36aa,0x2cce,0x3143,0xb764,0xb4c4,0x3baa,0x3e2d,0x3616,0xbc9c,0x2f79,0xb4b8,
    0x2bc9,0x32b6,0x4063,0x2e4a,0x36cf,0x3398,0x2ea5,0xbd2e,0xae0f,0x3d8c,0x29ac,0xb980,0xb021,0xb40e,0x30f6,0xb852,
    0x3704,0xb9cc,0xac71,0xb80a,0xb497,0xba34,0x38f1,0xb8f6,0x3443,0xb423,0xb152,0xb315,0xb050,0xb804,0x3705,0x3b1d,
    0x2d6a,0x2f93,0xa868,0xb38b,0xad25,0x3a04,0x30cf,0x36a1,0x3d84,0x32a4,0xbace,0x3126,0xa845,0xb683,0xb63f,0x36ae,
    0xad8e,0x27e3,0x18e1,0xb3ae,0xa223,0xb0f3,0xadfd,0x313d,0xb0d0,0xa986,0x2d0e,0xb30c,0xa151,0xb0d7,0xb1e6,0x309e,
    0xb1a8,0xaec0,0x32c7,0x30db,0xa332,0xb12c,0xb339,0xb167,0x348f,0x2df4,0x3180,0x2d16,0xb078,0x27b9,0x2e02,0xa8c6,
    0xb03c,0xb0eb,0xb1ab,0xa811,0x32e8,0xaccb,0x33ea,0xae8f,0x3253,0xb06f,0xa88a,0x2b20,0x2df6,0x2c4b,0x30d0,0xa56b,
    0x28ae,0xac02,0x31d0,0xaaee,0x15bd,0xa04f,0xb0e4,0x2c13,0xaef4,0x318a,0xa5ff,0x2470,0xa74b,0xad91,0x2b7c,0xb0b6,
    0xaf73,0xb12b,0x2be5,0x1c23,0x2fd9,0x2d0b,0x2f06,0x32b4,0xaf0f,0x2fa6,0xa813,0x2a77,0x147a,0xaf44,0x32f0,0xb101,
    0xa810,0x28ea,0xb2fa,0x3091,0x3494,0xabc3,0xa7aa,0xa917,0xafb3,0x31df,0xad3e,0xb0e0,0x2a69,0x2e57,0xb2e1,0x33a2,
    0xba0b,0x3b26,0xb59d,0x36c7,0x3ddf,0xb5e3,0x2909,0x9e0e,0xbbac,0xb7b1,0xbc99,0x27c1,0xb8bc,0x38bb,0x32bb,0xb14c,
    0xb987,0x3561,0xb41c,0x363c,0x3d51,0x3507,0xb191,0x33b8,0x3230,0x38bb,0x39d6,0x3e78,0xb55d,0xb8d4,0x34c9,0xafe3,
    0x395d,0x3938,0x2d97,0xb4bb,0x3a87,0x340e,0x3a46,0x3323,0x2bfc,0xb6e8,0x3c13,0x328d,0x2da3,0xb830,0x3bdb,0x1a2c,
    0xaea1,0x3b77,0x35f0,0xb2c7,0xb6c6,0xb161,0xb0d4,0xb038,0xad5e,0xb54d,0x3143,0xb653,0x3812,0xb609,0xb393,0xa540,
    0xaf0f,0x26f2,0xad15,0xb228,0xb15d,0xb725,0xb908,0xc006,0x30fb,0xb956,0xb362,0xaf1f,0xab33,0xac6f,0x33af,0x3c62,
    0xaec7,0xb0f6,0x364b,0x3518,0xbb4e,0xb497,0x3a98,0x2a73,0x2dae,0x2a2c,0xb637,0xa726,0xb32d,0x2ab1,0x3524,0x2b03,
    0x31a3,0xaa25,0x2c05,0xae14,0x1a77,0x2fd8,0xa81e,0x312f,0xb317,0xb21c,0xb29b,0xaffe,0x2fcf,0xb4ca,0xb448,0x2ec7,
    0x2948,0xad89,0x2b33,0xabc8,0x33b2,0xad9a,0x2d8a,0xb091,0x28b7,0x2b3a,0xa1ee,0x3466,0xb3ee,0xae6c,0x2b81,0x2a6b,
    0xaa3b,0x200b,0x3364,0x2b8a,0x2d16,0x2f96,0x35e8,0xaf22,0x2b2f,0xb2d4,0x2f44,0xb0d3,0x2a12,0x30be,0xafd8,0x3063,
    0x2464,0x24c2,0xa928,0xa42b,0x30b4,0xac6a,0x2cca,0x2984,0xb16d,0xb43b,0xa76b,0xb172,0xb168,0xb4ee,0xb0f8,0xb11f,
    0xb2e5,0xb0aa,0x34a1,0xa97c,0xaeb5,0xb332,0x3179,0x3064,0x333a,0x2af4,0xb0c1,0xae63,0x291b,0xa6a5,0xb161,0x33cd,
    0x301e,0x2438,0xaaa3,0xb06a,0x30ff,0xb26c,0x3086,0x2d2b,0xb217,0xa633,0x2d80,0x2dc3,0xaa1f,0xa95c,0xb055,0x2782,
    0x318c,0x306b,0xb146,0x314b,0x2f76,0xb131,0xa396,0xae8a,0x302e,0xb116,0x2f6e,0xac11,0x2d8e,0xacef,0xa55f,0x3260,
    0x2b43,0x277a,0xb262,0x2e72,0xaa94,0xb3fd,0x2e41,0x2e52,0x331c,0xaf49,0x2e9c,0xb3d5,0x2ff4,0xafcf,0x2ff3,0x31df,
    0xb0ee,0xb38f,0xaf83,0xb16c,0x2c85,0x3228,0x2bf3,0xb0e9,0xa957,0xaf33,0xac52,0x31a9,0xb07c,0x3007,0xaf6a,0xaf4b,
    0x2ab0,0x30c0,0x2e1e,0xa56c,0x2406,0xa7fe,0x312c,0xb0e5,0xaaf0,0x3036,0xb048,0x2cd9,0xafd7,0x2f51,0xb1e4,0x2d81,
    0xad3b,0x2d62,0xa183,0xaa41,0x3122,0xb29d,0x25c1,0xb24f,0x324b,0x93c2,0x2dd5,0x3292,0x25cb,0x2c55,0x2724,0xa45e,
    0xaa97,0xa903,0x2d3c,0xac9b,0xacba,0x31a2,0xb36e,0x3118,0xb14f,0x297d,0x3208,0xb0ce,0xa9e8,0x14a0,0x3468,0xafa8,
    0xb4ad,0xb965,0xbecf,0xb738,0x304a,0xb909,0x3082,0x2e33,0xb56d,0xb7f6,0xb9e2,0x32f7,0x3052,0xb765,0x3257,0x3b98,
    0xb347,0x3d32,0xbb13,0x3640,0x3249,0x3c9d,0xbdfe,0x3684,0xb4b2,0x3504,0x3561,0x3330,0xadbc,0x3520,0x3b84,0xb740,
    0xb385,0xb451,0x0793,0xb9af,0xb88f,0xa873,0xb16b,0xa504,0xba0d,0x3a60,0x34ec,0xbd00,0x3933,0x3b45,0x313e,0xa53e,
    0xb7e2,0x366d,0xbc13,0x359b,0x2b85,0x3c78,0xb86d,0x2f60,0xb579,0x2d81,0xb9b8,0xbb68,0xb974,0xac19,0xb5b5,0xb080,
    0xb8bd,0xb393,0x281b,0xb513,0x2e2e,0x3c8a,0x381e,0xb4d7,0xaf35,0x38a6,0xb52d,0x2a39,0xb463,0x389c,0x3aaa,0x3809,
    0x37d9,0x2ee5,0x35db,0xb73e,0x3475,0xb0da,0xb189,0x31f3,0xb79a,0xba64,0x39ba,0xbc3f,0xb9fb,0x29dc,0xb743,0x3950,
    0x2e06,0xae29,0x2bba,0x2cdb,0xae6a,0x27a0,0x3043,0xb2f7,0xab90,0xb2c8,0xb014,0x310e,0xa8a8,0x270e,0xb147,0xae18,
    0x2a6b,0x31a9,0xad37,0xa60a,0xaf01,0xafe4,0xa73e,0xaa9b,0x3114,0x2fb1,0x2e66,0xaa67,0x2db6,0x31a4,0x27b4,0xb165,
    0x2861,0x224a,0x2334,0xb3df,0xad95,0xb01d,0xae08,0x3370,0xb07f,0x1d41,0xb208,0xac1d,0x307a,0x30e3,0x2c5a,0x3179,
    0x2e29,0x2f9b,0x307d,0x3285,0xb0bd,0xb073,0xb357,0xafac,0xb03e,0xadd7,0xace5,0xac9c,0xb067,0x28d3,0x2b45,0x303c,
    0x2fc7,0xb5ba,0xb173,0xb2bc,0xb0bd,0xae98,0x2e46,0x2fb2,0x2efd,0xb097,0xaf12,0xafd6,0xa8c1,0xb100,0x3152,0x2ff4,
    0x3253,0xb11e,0xad16,0x0daa,0x2e06,0xb140,0xb227,0x3153,0xae32,0x21ed,0x2990,0x2434,0xaa84,0xb3e1,0xa9bf,0xaa98,
    0xa8dd,0x3670,0xa25e,0x3dd2,0xaf0c,0xbb1d,0x3088,0xb415,0xa9a2,0x36b8,0xbd65,0xb793,0xbb1c,0x3456,0xb546,0xb44a,
    0x3587,0x3055,0x3a32,0xb9ad,0xb595,0x333d,0x388b,0x3a01,0x3193,0x32f9,0x35d1,0xaf08,0xb1f0,0xb9ac,0x3056,0x3960,
    0xb10f,0x2f44,0x386e,0xbc76,0xb91a,0x36ef,0xab88,0x3e80,0xab68,0xb8e6,0x39d6,0xa448,0x3e2c,0xba6e,0xae15,0xb991,
    0x2cac,0x3996,0x3e55,0x3556,0x36e1,0xae26,0xb771,0xbca5,0x3127,0x3551,0x3ac7,0xbdf9,0xac6f,0xa34f,0x3374,0xb553,
    0xafbf,0xb86d,0x3160,0x250e,0x2d2d,0x2dbc,0x2e6b,0x354c,0x2e2c,0x2ecc,0x2b8c,0x3908,0x31d4,0x30b7,0x31a0,0x3ef9,
    0x3462,0xaf12,0xb8d5,0x3338,0xbc90,0x3567,0xb85d,0x38cd,0x3556,0xb2b3,0xbcab,0x3857,0x3b30,0xba55,0x2ef2,0x9a0c,
    0xb53e,0x33ea,0xb283,0xa570,0x3b7c,0x3960,0x3df1,0x3bfe,0xb9a4,0xb1e8,0x1db6,0x30a4,0x2179,0xbb35,0x3915,0x3aa5,
    0x3332,0x3517,0xb85e,0x367d,0x3519,0xa910,0x2b9b,0x39d0,0xb321,0xad1c,0x3737,0x3991,0x35f6,0xa589,0x3930,0x290c,
    0x3c4f,0x34db,0x3bcd,0x28d2,0x3517,0x39aa,0xb7c3,0x37b3,0xaf37,0x2e6c,0xb325,0xb67b,0xaef9,0xb48b,0xb54d,0x3608,
    0xae6d,0x3b78,0xb9ed,0x2a22,0x3822,0xa5dd,0x39fe,0xa909,0x3950,0x38f3,0x3cc2,0xb875,0x2c30,0x3bad,0x2b5b,0xbb0f,
    0xb18b,0xbb85,0x0cee,0x357a,0xb6dd,0xb04f,0x2922,0xb62b,0x38dd,0x36fa,0x355e,0xafc1,0x1a2a,0x3a2d,0x341e,0x3450,
    0x26ed,0x3414,0x39a6,0x39fd,0xb593,0x38a5,0x3629,0x3424,0x2a45,0x35a6,0xb172,0x2500,0x3813,0xb41a,0x3225,0x3ac1,
    0x354d,0xb4a6,0xb8cf,0x3931,0x3090,0xa87a,0xa54f,0xb74f,0x38d9,0x307f,0x3535,0xbf88,0x3656,0xb709,0x39c6,0x2e73,
    0x37ab,0x3c47,0xb250,0x2721,0xb0ee,0xb041,0xb4e2,0x3c10,0x38ae,0xb4ad,0xb649,0xbad0,0xb91c,0xbbc9,0xb870,0xb947,
    0xaab9,0x342c,0x3848,0x283e,0xb50a,0xb55b,0xa0aa,0x37ec,0x39df,0xb8a6,0x3c11,0xb899,0x39ec,0x3c1b,0xb4ee,0x3931,
    0x35f3,0x394a,0x2b67,0xb1e6,0xb669,0xb51f,0xb84a,0x3375,0x34e5,0x399a,0xad2a,0xa995,0x31a4,0x396a,0xb899,0x3521,
    0xb6e3,0x30d8,0x36e6,0xba3a,0xb54f,0x3405,0x37ba,0xb4df,0x3ce2,0x3a03,0x35a4,0x34ae,0x3c72,0x33ca,0xb9de,0x3a29,
    0xb451,0x37e1,0x36cd,0xba9a,0x303c,0xb450,0x2a2f,0x3919,0xba72,0xb5fe,0xb03a,0xba9c,0x38a8,0x3869,0xb191,0x3bd4,
    0x30ca,0xb6a9,0xace0,0xb52f,0x3b40,0xb61e,0x3967,0x35a8,0x3639,0x3e0d,0x9fd6,0x3b6a,0xbd28,0xbbd1,0x3930,0xad90,
    0xbec9,0xb9be,0xb6b7,0xb2e4,0xbd67,0x41d0,0x2c31,0x3aaa,0xb9d3,0xbb3e,0x3bad,0xae06,0xb104,0xbc9b,0x3143,0x24f9,
    0xb463,0x38e2,0x319e,0x3ca1,0x3027,0xb4b3,0x3c79,0x3c16,0xaa54,0x395c,0x38d8,0xbbe4,0xbaf0,0xabc8,0xb5a8,0x3542,
    0xaad4,0x322d,0x3c8c,0x368a,0x38d2,0x3209,0xb521,0x3d58,0x39e6,0x300c,0xb7cc,0xb4f4,0x3c65,0x39b2,0x209c,0xb5c6,
    0x2e54,0xb413,0x385f,0xaf92,0x329a,0x3056,0xbaa0,0x34b7,0xb515,0xbbcd,0xb9eb,0xbe2e,0x32f4,0x39b7,0xb5f4,0x3498,
    0x2637,0x3ac6,0xba05,0x9ae8,0xb6d6,0xb70a,0xb580,0xb912,0x3666,0xb995,0xb4a1,0x3d02,0xbbc4,0xbc2b,0xb39c,0x3a58,
    0x3ad0,0x312b,0x39ae,0x38c0,0x3164,0xb0df,0x3774,0x3dab,0xbf10,0xb83e,0xb87d,0xb5c0,0x3b79,0xbbc2,0xb929,0x3b08,
    0x347d,0x3f79,0xbe6c,0xb70f,0x38ca,0xb0e0,0xbbc3,0xbad4,0x38df,0x2c20,0x3a15,0xb577,0x356a,0x3a0f,0x3c2b,0xbbac,
    0x32d0,0xba97,0x38d2,0xb573,0xb2ab,0xb42a,0xb892,0xb8eb,0xb717,0x3c46,0x3c1a,0x3d49,0x9de1,0x385e,0x32ba,0xb6d7,
    0xbac0,0x3b2c,0x39c5,0xb71d,0x2040,0x3645,0x39eb,0x3098,0xbd37,0xb83d,0xb842,0xb5c7,0xb9e2,0xb3fe,0x31c1,0x37ab,
    0xb8b2,0x3e52,0x251f,0x3c68,0xba57,0x36ff,0xabde,0x3831,0xbba9,0xb6c3,0xbb97,0x38ef,0x38ce,0x2cb3,0xb839,0xb6f7,
    0xbd28,0xb4e7,0x389b,0x2924,0xa24d,0x3307,0xbbb6,0x3c06,0x3686,0x3c96,0xb701,0x3073,0x3df4,0xbc9c,0x382d,0xb6a7,
    0x34a9,0xad08,0x3287,0x36ba,0x3861,0x388a,0xb99a,0xb229,0xa397,0xbd02,0x3699,0x3aff,0xb98b,0x3a0c,0xb9e9,0xb084,
    0xbb46,0xac27,0x318e,0xbc23,0xb0b3,0x3102,0x30c0,0x39df,0x326f,0xbb0b,0xb7b0,0xb2a9,0x3c47,0x39e4,0x299a,0xa977,
    0xb993,0x391a,0x3768,0x38ba,0xb5bb,0x35d7,0x3c6d,0xb663,0x3aff,0xbbcf,0xaeed,0x35c0,0x38d9,0xb8db,0xbbe8,0x3add,
    0xbd85,0xb73d,0x339b,0xb834,0xbccb,0xb4e4,0x325e,0x39a0,0xb931,0x351e,0xb8c5,0xace3,0x3966,0x386d,0xad28,0x3c06,
    0x3546,0x3c54,0x2d43,0xbaa7,0xb6fa,0xb441,0xa83b,0xb711,0x2881,0x37ff,0x385f,0x31ef,0x3688,0x2c21,0xb670,0x3828,
    0x9c2c,0xb205,0xb615,0xb9ac,0x3895,0x3ce0,0x3ad2,0x3804,0xb5e6,0x3435,0xb296,0x3990,0xb854,0xb65f,0x2d46,0x354f,
    0x30d4,0x3018,0xb637,0xb84d,0x38dc,0x2a5e,0x3193,0x33f9,0xb992,0x3803,0xab64,0xb889,0x3837,0x3cf1,0x319d,0x2f07,
    0xb847,0x291b,0x35bd,0xb8ad,0xbc07,0xb977,0xbd61,0x3bb2,0x3ba8,0xbc43,0xb8b3,0xba2f,0xaffe,0x2c6d,0xb42c,0xb4c3,
    0xb16c,0xb64f,0xac6a,0x301f,0xb689,0xa122,0x3af7,0x36d4,0x2e49,0xbba7,0xb991,0xb858,0x35c7,0x3a64,0xb2ee,0xb197,
    0x2fda,0x3b3d,0xbc5d,0x36dc,0x3af3,0xb6c1,0xb7b5,0xb456,0x3e6e,0xbe38,0xb2b5,0xb7a9,0x37d0,0xbad8,0x3907,0x33d1,
    0x38a8,0x38c9,0x30b0,0xba4a,0x283d,0x3c71,0xb5de,0x971b,0x3c11,0x3603,0x3b4b,0x2ea6,0xbb0e,0xb796,0xb82c,0x3b9c,
    0xa20e,0xb218,0xb467,0xb695,0xb2e0,0x3867,0x34a7,0xb7c2,0xb6f4,0x3459,0x3977,0x22e8,0xb0ed,0xb48d,0xa185,0x3806,
    0xb80c,0xb854,0x2fdd,0x21b2,0xa4ef,0x34d3,0xb99e,0x3aae,0xba24,0xb71f,0x3411,0xb2ee,0xbb2b,0xb72f,0xb459,0xb186,
    0x2f38,0x3e7f,0x329e,0x35e8,0xbb11,0x327f,0xb45d,0x393b,0x3bdc,0x3bd2,0xb2e9,0xb22b,0x3624,0xb9d7,0xb13d,0x3667,
    0xb955,0xb4e5,0x3baf,0x3a15,0x3b3d,0xbba0,0xc067,0x2846,0xbf3c,0xbb24,0xbef4,0x3554,0xb7dc,0x39de,0x3874,0x2e93,
    0xbba7,0x3acf,0xbcd7,0x3cb2,0xc0bd,0xb77f,0x3b58,0xbdb2,0x35ed,0x3aa6,0x39d3,0xbb54,0x38cd,0x3ac9,0x3aa3,0xb48f,
    0xb6d0,0xb530,0xbc26,0x2c87,0xa871,0x3bf4,0xb4cb,0x3b82,0x3c25,0xb4d4,0xbd6e,0xb5a7,0x2aa7,0xb6bb,0xb589,0xade8,
    0xae1f,0xb977,0x3800,0x3569,0x37b1,0x351a,0xb72e,0x3789,0x3ccb,0xb176,0x3552,0x2ec5,0x3c9f,0x2cac,0xb263,0xbc5a,
    0x336a,0x3a38,0x36d6,0xbaa6,0xb7db,0xb08c,0xb607,0xacde,0xb52b,0xbb67,0x3a88,0x355c,0x36b4,0x3bbe,0xb48f,0x3d1a,
    0x35e2,0xbc90,0x2a61,0xb9fe,0xb7ae,0xb0d9,0xbc2e,0xb936,0xb941,0xb54c,0xb4af,0x3786,0xba54,0xbad3,0x36be,0x35bf,
    0x33f4,0xbbcc,0xb730,0xac41,0xb87d,0xb246,0x381f,0x3488,0xb2ad,0x399d,0x385a,0xb9c4,0xb402,0xb6ad,0xb64c,0xa52c,
    0x3a74,0x3dbd,0xbb73,0xacc8,0x3b4a,0x3d9f,0x2e5f,0x3aa6,0xbac2,0xb5e6,0xb09c,0x388b,0xb96b,0x3cb1,0xb94c,0x39e6,
    0xb8af,0x39ff,0xa83c,0x3c16,0xb5f8,0x209d,0x3aef,0xb511,0x392b,0x406d,0xbc3b,0xbcf4,0xb003,0xbc5c,0x35a1,0xbbad,
    0xb4b3,0x3a4f,0xbc92,0x3e04,0xbd4b,0x3d3a,0x37b9,0xbca9,0xb944,0x3f45,0x380d,0x3c99,0xbe26,0x379a,0xbd3b,0x32fd,
    0x3a9c,0x3b8d,0x3844,0x1db7,0xb93d,0xbbab,0xb4dc,0x2829,0xb972,0xb812,0xbca8,0x3760,0xa8e6,0x3b2f,0x3b9c,0x3144,
    0xa0d0,0x3093,0x3406,0x379e,0x3665,0xa913,0x372b,0xb975,0xa8f3,0x35ec,0x3a7f,0x3a2c,0xb9d3,0xbb5b,0x34b3,0x39f3,
    0x3538,0xbc3d,0x3709,0xb90b,0x27a5,0xb9e1,0x3c85,0x342a,0xbd7a,0x3a8a,0xb8c5,0xb68b,0x3924,0xbab7,0xbb0f,0xb687,
    0xbc57,0xb0b4,0x403b,0x37df,0x3c50,0xb3c2,0xbb63,0x3842,0x32fd,0xbc1f,0xb031,0xad7f,0xb590,0x33d4,0xb4e2,0xb8f2,
    0x35ab,0xb553,0xbfaa,0xb9b7,0x3906,0xae71,0xbde3,0xb4a0,0x3ba5,0x34b8,0x374d,0x389f,0xba42,0x3af2,0x3dcd,0x211d,
    0xbba1,0xb8a3,0x3337,0x2f34,0x3d99,0x37fd,0x3924,0x389a,0xba58,0x3c8a,0xb834,0xb3f9,0xbd14,0x38c7,0xc116,0x3596,
    0xb672,0x38e1,0x3571,0xb508,0xb501,0xb5fe,0x3516,0x37d1,0xb75b,0xb6be,0xacd1,0xb43b,0xb7ae,0xba43,0xb7e7,0x29bb,
    0xbc91,0xb5ff,0x3656,0x3048,0x2f18,0xab5c,0xb954,0xb546,0x368f,0x3835,0xae8e,0x39de,0x28d6,0x380c,0x2f1b,0xba68,
    0x3814,0xbb02,0xb56a,0x3616,0xb700,0xba10,0x3523,0x3295,0x3d7d,0x2c3c,0xb025,0xb528,0x377e,0x2b25,0xb55a,0x2860,
    0x3692,0x37d2,0x3819,0xb71e,0xb3ea,0x3a60,0xa254,0xb7b2,0xb46b,0xb95b,0xb4e7,0x3783,0xb997,0xb18d,0xb68c,0x3cb8,
    0xbd71,0x40e5,0xba50,0x39bd,0xbb85,0xb74f,0x3f34,0x3616,0x3850,0xbc13,0xb5ec,0x3969,0x38c2,0x35f5,0xb41f,0x2daa,
    0x3c9d,0xba80,0x3609,0x3143,0x40a8,0x322d,0xa45f,0xb4f1,0x3915,0x3e3d,0x4069,0x354a,0x3ca9,0xb92f,0x395d,0x3c3a,
    0x0ec9,0x3bb1,0x3179,0x23e0,0xba31,0x365b,0xb3e4,0x3b06,0xba40,0xb804,0x3735,0xb6bb,0x3e77,0x3988,0xb3ce,0xb9c7,
    0x388f,0x3551,0xb494,0x3b5a,0xc085,0x37f9,0x3546,0xb420,0xaab1,0x3e4c,0xba15,0x3713,0xbeab,0xbb47,0xbc2d,0x3764,
    0x2599,0x290a,0x39d9,0x37bd,0xbc44,0x39ff,0x3a9c,0xba72,0xb43c,0xb9ea,0x380f,0x37a2,0xb6ea,0x3a02,0xb6c5,0xb401,
    0x31b1,0x2c67,0x3be1,0xa9a3,0x3421,0x2cfe,0x377d,0xa8f9,0xbcae,0xbb12,0xb609,0x2311,0x3a7c,0x4035,0x3268,0x2d51,
    0xb759,0xb4d5,0xa76d,0x3be4,0xb8a0,0x3cc2,0xab8c,0x3591,0x3a39,0x36d4,0xb85d,0xba27,0x3c9e,0x3832,0xb88a,0x30d9,
    0x3f33,0x3429,0xb920,0x3914,0x358f,0xbb4d,0x3a97,0x356d,0x3c46,0xb76e,0xb910,0x2bd8,0x389b,0x3a03,0xba81,0xb923,
    0xb6d4,0x2d68,0xb0c6,0x37f8,0xba90,0xb4a3,0xb008,0x3c4e,0xb75f,0xb5df,0x3460,0x34fb,0xb91e,0xa571,0x3ba5,0xbcc3,
    0xb4c6,0x368a,0xb1d5,0x3ac5,0xbc94,0xbc33,0x3416,0xb161,0xb707,0x38c5,0xa936,0xb48e,0xba95,0x33d1,0xb68f,0xbb59,
    0x2c74,0x3129,0x39a2,0xb9bb,0x38e5,0xb66e,0xace2,0xb3f9,0x397b,0x2ab7,0x3b86,0x2a8f,0x21bd,0x3b3a,0x3831,0x34d3,
    0x31db,0x2daf,0xb4b0,0xb1f1,0xbb99,0xa672,0x3cc0,0xb823,0x3676,0x3771,0x33f5,0xb83a,0xb60c,0xb85c,0x301c,0xb0f2,
    0x3998,0x3e72,0xa39f,0xbc29,0xbbee,0xa445,0xb8f4,0xbcec,0x3c17,0x3b90,0x3c70,0xb123,0x39a3,0xb591,0xb0c3,0x3554,
    0x3fe2,0x32f2,0xb321,0xbe7e,0xb844,0x3fae,0x3035,0x2f86,0x3d87,0xb444,0xb948,0xb3c6,0x3f98,0x3a27,0x38a4,0xb0bb,
    0x35d6,0xb650,0xbd34,0xa087,0x3a11,0x3499,0x3a1a,0xb3f2,0x312f,0xb945,0x388f,0x33df,0xbeae,0x343e,0x3ae1,0xb870,
    0xb472,0x396b,0x3324,0xad72,0x30e5,0x3dcc,0x3a23,0x3892,0x38fe,0x2a97,0xb89a,0x36f7,0xb9ea,0xb946,0xbd94,0x30b0,
    0x3c1e,0xba3a,0x2e7d,0xac5e,0xb0c9,0x2a1c,0x3813,0x24f6,0x371b,0xad82,0xb8fe,0x38ee,0xbe4d,0xbb93,0xb922,0x3928,
    0xacba,0x3f12,0x3891,0xb88e,0x3acd,0x378e,0x36b7,0x3436,0x365d,0xb817,0xbabb,0xa83e,0x34f5,0x3a05,0x3421,0x3aa1,
    0xb257,0xb974,0x2950,0xb52f,0xb70b,0xb3ce,0xba0d,0xb12c,0x3692,0x36fe,0x3ce1,0xa4f5,0xb811,0x367a,0xbbb8,0xb02f,
    0x3cbf,0xb5c5,0xb11b,0xb568,0x32bc,0x3b69,0x3b85,0xbc7c,0x305b,0x1653,0xad4b,0x3c63,0x3775,0x2b48,0xbaa9,0x3103,
    0xbc63,0xbd05,0xb8be,0xba1c,0x3952,0x3ca0,0x2e82,0x3929,0xbdd5,0xb9f3,0xb927,0xb27a,0xbaf6,0x3bff,0xb80d,0xbc0d,
    0x3c21,0x38f6,0xb3ed,0xb57c,0xbb03,0x31ed,0x3b0e,0x3e3c,0x3ecf,0xbaf0,0xbb1f,0xb9e7,0x3c89,0xa9c9,0xb144,0xbd34,
    0xbb29,0xb699,0x315c,0x2061,0x35b5,0xb9c5,0x3843,0xba1d,0x3c20,0x2fea,0x31b3,0xb4fc,0x39c6,0xb8ac,0x2e42,0xbb1b,
    0x2cb0,0xbc5c,0x403c,0xbcc8,0xc179,0x35eb,0x337f,0xbefc,0x3ac4,0xb9f1,0x2fa7,0xb822,0x38fd,0xbede,0xae94,0xb3aa,
    0x3924,0x32ab,0x352a,0xbab3,0x379f,0xb491,0xbd39,0x3501,0x3b7d,0x3b8c,0x2528,0x39ac,0x2e12,0xb778,0x3ca1,0x3aae,
    0xb8e0,0xb86a,0xb7e0,0xb74f,0xaa06,0x3723,0x3155,0x2c65,0x3378,0x35e1,0xb263,0xac31,0xb929,0x37a3,0xb9e4,0x3827,
    0xbb2c,0x3633,0xb2f0,0xb125,0xbb76,0x3ba3,0x40ac,0x3cd8,0xb8a8,0xbd1c,0xbc67,0x3bcf,0x34a8,0xaf45,0xbdae,0xbb17,
    0x3908,0x3221,0xb436,0x318b,0xaa13,0xb09c,0x394d,0xb86e,0xb95c,0x3c4d,0x34fa,0x3dc2,0x3ddd,0xb53e,0x3ccd,0xb88a,
    0x36b2,0x3c8e,0x3af7,0xb3c9,0xb3e8,0x3c3c,0x38e3,0x2c9d,0x33aa,0x2f35,0x366d,0xb067,0x2a6a,0x3c25,0xb3ab,0x3880,
    0xa8c2,0xb5dc,0xb4f1,0xb59e,0xb497,0xae75,0xb1e0,0x3796,0xb476,0x39c3,0x2603,0x385e,0xb409,0xb02a,0xb0ab,0x3560,
    0xb604,0xbb89,0xb90b,0xb824,0xb812,0xb246,0xb33c,0x30e6,0xb4aa,0xbb34,0xba74,0xb648,0x35f5,0xbd45,0x3ac3,0xb8d7,
    0xb327,0xac61,0x3e6c,0x32e3,0xbc1e,0x3572,0x28bb,0xb85e,0xb2a8,0x3508,0xa20f,0xb918,0x3c1b,0xb6bf,0xbc84,0xac87,
    0x34f8,0x2e2b,0x3de3,0xb6aa,0x37a6,0xb46d,0x330d,0x317e,0x3a4b,0xb11e,0x3ba7,0xb067,0x36f5,0x3b33,0x3058,0x2531,
    0x3a6d,0x366f,0x30a5,0xb944,0xbafa,0xb980,0xb46b,0xb4a5,0x3b3d,0x37d8,0xb3b7,0xb758,0xad1d,0x2ad0,0xac39,0xb69a,
    0xb36b,0xb6a7,0x2c07,0xb21a,0xb12e,0xafd2,0xb49d,0xb4cc,0xb145,0xbfaf,0xb5ce,0x28cf,0x3554,0xb0a1,0x2d70,0xb218,
    0x3104,0x3ede,0x37c5,0x393d,0xb059,0x9e12,0xb1f5,0x3a0f,0x3bcd,0x279e,0x1ada,0xb98e,0x366a,0xb4b9,0xa1e4,0xba2f,
    0x312a,0xb652,0x2de3,0xa47c,0x38d2,0x30ea,0x3ca0,0x3906,0xb8eb,0xbae4,0x3066,0xb06d,0xb895,0x38f2,0xb9aa,0xbaaa,
    0xb8a1,0x3ca6,0x3cfc,0x3aa7,0x3867,0x34b9,0xb87a,0x386c,0x3e2f,0xb361,0xa406,0x3bf0,0xb3c6,0xb459,0x3a17,0xb84e,
    0xb808,0x1a8b,0x3429,0x382c,0x344c,0x30dc,0xb852,0x38d5,0xb0b3,0xbf58,0xb423,0x2f8b,0x343a,0x377a,0xb61a,0xb637,
    0x3373,0x30ca,0xbc0b,0xb0e8,0x32e7,0xb883,0x395a,0xb457,0x3c46,0x3b9e,0x338e,0x382d,0x3634,0x38b6,0x296f,0xb33f,
    0xaf2e,0x3abd,0x3bcc,0x3220,0x3051,0xbb8a,0xbb4f,0x3673,0xb4b0,0x3075,0x3746,0x2a83,0xb36d,0x38c6,0x3978,0x3595,
    0xb0e2,0x2c7c,0x3519,0x31e2,0x3689,0x31aa,0x387b,0xbb2a,0x3870,0x37a8,0x382a,0x3998,0x3876,0xbd0f,0x3e4f,0x1599,
    0xbc17,0xaa8c,0x375e,0x39db,0x3aa2,0x2f66,0xba42,0x3ad8,0xbae2,0xbc8d,0x3bd6,0x2bfd,0xb0c4,0xb29c,0xb40f,0x37f0,
    0xbda1,0xbb1d,0x3cdd,0x28aa,0xb90e,0xa570,0xb8f8,0x3a07,0x3426,0x3b06,0x3788,0x37d1,0x360a,0xbb66,0x2d5a,0x3adf,
    0xb337,0xbae2,0x30a1,0x3540,0x356b,0x31d7,0x34a6,0xb4c2,0xaf68,0xbc2f,0x2587,0xb2a4,0xbabc,0x3945,0x2cba,0x385d,
    0xb4ac,0xac5f,0x3234,0xbab1,0x3459,0x2c4c,0xb507,0x3c52,0xb8eb,0xb6a9,0x32b3,0xb603,0xb081,0x3c57,0x3833,0x27f2,
    0x38d2,0x308f,0x3918,0xada5,0xb068,0xbcd4,0xbafc,0xbc3d,0x3547,0x38a1,0xbae2,0xbdf3,0xb750,0x3251,0xb79e,0x4051,
    0x2d5f,0xbd19,0xad26,0xb751,0x3a81,0x382b,0xbac4,0xb5b1,0x38dc,0xbac0,0x37ab,0x3167,0x3a3d,0xb140,0x3ab3,0x3b9f,
    0x37b9,0xba44,0xab94,0x35e2,0x389a,0xb5ee,0xb96b,0x2395,0x3857,0x3cb3,0x3ab8,0xb36d,0xbd29,0x3422,0x3c0c,0x3af7,
    0x3a45,0xb2e0,0xb939,0x2f3f,0xbd3b,0x3390,0xb8af,0x3cc3,0x35e9,0xb014,0x3268,0xbc1d,0xbc87,0xaf74,0xb637,0x2cca,
    0x3a23,0x35c3,0xade4,0x2a3c,0x3824,0xb880,0x3ca8,0xb002,0xad77,0x35a9,0x34f0,0xbb9c,0xb61a,0x30d3,0x3828,0xa60e,
    0x36aa,0xada4,0x30c3,0x2a73,0xb56c,0x32ce,0xb72c,0x3a8c,0xb850,0xb85a,0xb9cc,0xb49d,0xac56,0xb07b,0xaf08,0xadcc,
    0x31de,0xbeb9,0xbc36,0xb142,0x3d83,0x323b,0xbda1,0x2b1d,0xa848,0xb1a1,0x2e9f,0xb998,0x38c2,0xb69b,0x3b73,0x3ba8,
    0x397d,0xad8f,0xb33e,0x393f,0xb468,0x2e3e,0xbb10,0x3acb,0x3d89,0x3369,0x31ec,0xbca9,0x3482,0xb6b7,0xbab3,0x3824,
    0xb895,0x2cc1,0xafb4,0xbae0,0xb7b7,0xb541,0x3a97,0x3db1,0xbc11,0xb645,0xb7c8,0xb65d,0x39e7,0xac22,0x3c38,0xbc8a,
    0x3dd0,0x3225,0x1073,0xb09e,0x340a,0x2dab,0x3cd0,0xba16,0xb409,0x406c,0x384a,0x3a91,0xb792,0xb91a,0xac8c,0xb1d0,
    0xb629,0xbb2f,0xaaba,0x2c9c,0xbacf,0xb40a,0xba1d,0x3778,0x2d57,0x3657,0xbb75,0xbbaa,0x2c51,0xb944,0xba69,0xb76d,
    0xb6a5,0x2c54,0x3704,0x327c,0xbc3c,0x31e6,0xbc25,0x2ee9,0x33f2,0x3457,0xb783,0xb180,0xacd4,0xb79d,0xbeaa,0x295a,
    0xb6b6,0x3b0f,0x3430,0xb8dc,0xbc5e,0xb730,0xbc24,0x9fb9,0x38fc,0x34f1,0x3298,0x3978,0x3602,0x322f,0xb906,0x373a,
    0xb620,0xb820,0x2cec,0x366f,0x3811,0x3530,0xb451,0x34e0,0xb200,0x37f1,0xb430,0x2d4f,0x3e29,0x38cd,0xb389,0x363a,
    0x36a6,0x365b,0x3789,0x3194,0xace2,0xb99c,0xb85b,0x333f,0xb790,0xb3b1,0x3b07,0x3eb8,0x3677,0x34fc,0x38f0,0x3c7f,
    0xb868,0xb47a,0xb92d,0x3043,0x3bc4,0x3945,0x2d17,0x3b1c,0xb637,0x3470,0x3651,0x1d4f,0xb903,0x38ac,0xb025,0xb3d7,
    0x3a11,0xb7bd,0x3601,0xbc77,0x36cb,0xafc6,0xb70b,0xa901,0x3527,0x3e69,0x39ed,0x301d,0xbabe,0xb901,0xb82d,0x39b6,
    0x33a0,0xb96c,0xb4ee,0xb34a,0xb054,0xb2a0,0x3ce7,0xbec2,0xb3bf,0xb4e4,0x3683,0xb22b,0xbaf4,0xa9a6,0x3402,0x2d0b,
    0xb2a3,0x3abe,0xb41d,0xbd32,0xb829,0xae3c,0xb122,0xbcd6,0x3a2a,0x2cc0,0x307f,0x2db1,0x328d,0x393e,0x3180,0x342d,
    0x3153,0x34fd,0x3c0d,0xba7f,0x3a5d,0x3cd6,0x3c5e,0xb6d2,0xb836,0xb8b5,0xb48a,0xae8c,0x390c,0x39e2,0x3558,0x3adb,
    0xacc3,0x3694,0xbc87,0x3dae,0xbc18,0x2a11,0x3946,0xb5ba,0x3767,0xb800,0xbd2a,0xbda8,0x3d7a,0x3754,0x2ce5,0xb42a,
    0x3813,0x3897,0xbc25,0x35f0,0xb531,0xbf93,0x2945,0x3029,0xae67,0x31cd,0xb112,0x3909,0x19ea,0xba91,0xbe87,0x3483,
    0x3979,0x40f9,0xb93d,0x39a6,0x24bf,0xba8e,0x3d4a,0xaaf1,0xb559,0x3574,0xb359,0x389b,0xba16,0xb80c,0xba2a,0x3759,
    0xae4f,0x2c18,0x3969,0xaf88,0x39ea,0xb57c,0xb71d,0xbdbb,0x2790,0x33bf,0x2cdf,0xb8cb,0x3db2,0xba2d,0xb827,0x3014,
    0x39ca,0x3a67,0x3811,0x34f2,0xb369,0xb3ce,0xbe7c,0xb395,0xbe77,0x396f,0x3edf,0x3c8d,0xa65a,0x3b41,0x3756,0xb8d5,
    0xba4e,0xb853,0xaac3,0xba1d,0x3a7a,0x3997,0x3c3a,0xbcb8,0xb318,0x2f26,0x3c0c,0x295a,0xba33,0x2d30,0x3aff,0x3549,
    0x3539,0x35f3,0x3098,0xb81e,0x2d70,0xb9c7,0x331e,0xb5d7,0x3843,0x3a18,0x2dd7,0xba61,0xab69,0x38dd,0x3a75,0x39b0,
    0x3726,0x3365,0xb552,0xb725,0x368a,0x3c7b,0x24a0,0xaf9f,0x263c,0xb3ae,0x3a52,0xb1ff,0xb62e,0x34d9,0x3853,0x3baa,
    0xb9df,0xbb1d,0xb4ca,0x3c8d,0xbbd0,0xb335,0xb9dc,0xa7e2,0xb5c8,0x3b82,0xbc05,0xb705,0xb8ac,0xbdf9,0x2bb2,0xabc9,
    0x308a,0x3cad,0xb9da,0x3588,0xb8a3,0xb688,0x38b7,0xb9b0,0x3c87,0x3d27,0x2e74,0xb904,0x3831,0x3501,0xb072,0xb4b4,
    0x9245,0xbc8e,0xba26,0x30b7,0x3319,0x2a6d,0x3c21,0xb51a,0x3621,0xbf7a,0x2c98,0xbbfb,0x36a0,0xb83e,0x2e2f,0xb637,
    0x384e,0x28da,0x3050,0xb21d,0x3109,0x356a,0x3012,0x3d24,0xb522,0x3016,0x3826,0x34ec,0x3892,0xb9c0,0xb415,0x3579,
    0xb823,0x3c40,0x3a39,0xb649,0x38ad,0x2d1a,0xb1e1,0x39b3,0x3952,0xbd4b,0xb05a,0xb2a7,0xb346,0x33f8,0xa161,0x399d,
    0x377e,0x2f37,0x3423,0xb40f,0xbe39,0x3641,0x3449,0x368e,0xb5dc,0xba41,0x2ebb,0x3b64,0xb639,0x3834,0x3c03,0x3455,
    0xb717,0xb6b2,0xb4e4,0x2fd6,0xaa4a,0x3455,0x323d,0x34dc,0xb743,0xb816,0xb9ab,0xbc6b,0x21f4,0xb1a5,0xb8a9,0xb906,
    0x2fe7,0xaedb,0xba87,0x39a6,0xbc11,0xb612,0xb068,0x39a5,0x2fa5,0x38a7,0xb1df,0xb4a8,0xadbf,0x3d56,0xb9a5,0xb841,
    0xb143,0xbe81,0x33ad,0x93d1,0x3096,0x34db,0xb1db,0xb988,0x338c,0x39a2,0xb759,0x27a8,0xb87a,0x3804,0x3036,0x36c8,
    0xb93f,0xbb94,0x3cfb,0xb451,0xbc41,0xb08b,0xb0f4,0xb0f6,0xac58,0xbafa,0xadec,0xba1b,0x3bdf,0xb6cc,0x3001,0x2ee1,
    0x2dbb,0x37ae,0xab5c,0xbba1,0xb032,0x2f30,0x3a29,0x308a,0xa7d3,0xb888,0x37d4,0xb953,0xb840,0x3c03,0xb146,0x3850,
    0x3b21,0xadbe,0xb171,0xbb34,0xbe45,0x3632,0xad45,0x386e,0x3496,0xbc00,0xb9f9,0xb254,0xbc56,0xba04,0x37d3,0x379a,
    0xbb5f,0x392a,0x3693,0xb8c3,0x2628,0x3adc,0x3c19,0xadad,0xb652,0x3c2e,0xbc64,0xbb9e,0xb67b,0xbae4,0xb976,0x35ce,
    0x3aef,0x3d07,0xbb6d,0x2dbf,0xb9a1,0x390f,0x389a,0x3660,0xb05b,0x3cde,0xa8e0,0x340f,0xad71,0x318d,0x2848,0x3246,
    0x3a2f,0xb97a,0x302b,0x2bf4,0x38fa,0xb2ef,0xb89c,0xb988,0x3e28,0x360c,0x35f1,0xa6e8,0xb8b1,0xb3ea,0xa5d9,0x39c9,
    0x3bad,0xbd67,0xb802,0xbc7e,0xb030,0xb499,0xb744,0xbdca,0xb661,0xb85c,0x3856,0xb8d4,0xb0ea,0x3c97,0x3a95,0x383f,
    0x3502,0xaa41,0xbcf8,0x35b0,0x3a11,0x32e0,0xb70d,0xb982,0x38f1,0x3dc9,0xb584,0x3404,0xbbd0,0x350a,0xb587,0xbafe,
    0x2d26,0x372f,0x31ee,0x3702,0xb51f,0xbb22,0x3b54,0x3915,0x3a51,0x3b9b,0xb15f,0xbdaa,0x3cd8,0x3b03,0x2ec1,0xb914,
    0xa667,0x386c,0xa897,0xb158,0x367e,0xbb5d,0xb859,0xb462,0x344f,0xb8cd,0x3a93,0x39b8,0xb179,0x396e,0x29f2,0x338e,
    0xbb1f,0xba3b,0xb525,0x36a6,0x3c44,0x3cda,0xad11,0x3562,0x3928,0xb868,0x399b,0xb5ad,0xb824,0x3ae4,0x3951,0x37d9,
    0xbd26,0x374f,0xb868,0x3a55,0xb92f,0x2e38,0x3df3,0x3a09,0x9e14,0x38a5,0xbc77,0xbad1,0xb94f,0x3b00,0xae50,0xbcc7,
    0x2bb5,0xb5a9,0x38cd,0x363e,0xbd01,0xae9a,0xb525,0xb6dc,0x3105,0xa3dc,0xb885,0xb838,0x3d63,0x2cb1,0xbc21,0xa912,
    0xb814,0xb690,0xb9e1,0xb77c,0xb4d0,0x9ed8,0x3f3e,0x2748,0x9d7b,0xbdf3,0x3729,0x3388,0x3db9,0x2bdb,0x36f5,0x2315,
    0x36d4,0xb902,0xb6f3,0xb3ed,0x2e61,0x301e,0xb6d6,0x30b0,0x3627,0x392c,0x2ec7,0xbdaf,0x389c,0xb6cf,0xbb65,0xbb18,
    0x3334,0xb604,0x37f7,0x3b50,0x312e,0xbcea,0x3e9c,0xae57,0x3a68,0x36f6,0x3697,0xbcf7,0x34ee,0x39e1,0x2b58,0x3b0e,
    0xb1c5,0x3b76,0x362a,0x2ea9,0xb8d8,0xb815,0xbcd7,0x2edd,0xb85d,0xb09b,0x3098,0xb91e,0xb618,0x2bbe,0x3333,0x19f0,
    0x2de8,0x3b9e,0x3c02,0x3272,0xb530,0xb6c9,0x36a3,0x39e1,0x349f,0xb6ee,0xbc26,0xbc85,0x370b,0x3b96,0xadec,0xac73,
    0xa37a,0x371b,0xb552,0xb355,0xb42d,0xb4c8,0xb17b,0xb614,0xb851,0x38c2,0x3875,0x2cd2,0xad49,0xad8e,0x35e4,0x3218,
    0x37c0,0xb914,0x34da,0xb365,0xb8db,0xb543,0x3aa7,0x31d1,0xb9f7,0x36ab,0x3d4d,0x3ad4,0x38df,0xb953,0x312e,0x3025,
    0xb7cf,0xb58c,0xb404,0xba46,0x2b43,0x3ded,0x3204,0xb8cd,0xbfa4,0xb9a7,0x39f8,0x3923,0xbd4b,0xb112,0x375c,0x3c22,
    0xa582,0xbdfd,0xa9c0,0x2e7f,0xb6dc,0xbdbc,0xb45b,0x357d,0x31d6,0xb3d0,0x2549,0xb592,0xb866,0xb942,0x3652,0x36bc,
    0x3785,0xbb42,0x3d80,0xb5b0,0xb5b3,0x3625,0xba30,0xae84,0x3c97,0x3d88,0xbad1,0xb7c0,0xb4bb,0xbc36,0x9b26,0xba69,
    0xb6a2,0x2202,0x2af4,0x3a88,0xbe79,0xb4de,0x38d3,0xb060,0xbc79,0xbed9,0xb004,0x3a9b,0x2895,0xb070,0x34df,0xad32,
    0xbc91,0x345a,0x9c2f,0x340a,0xbcaf,0xbce0,0xad2a,0x3c77,0xbc31,0x3800,0x1d7b,0xb5e8,0xbb4d,0xbbac,0xb8b7,0x2e91,
    0xaa97,0xb578,0x3aca,0xbab6,0xa32c,0x3bae,0x3898,0x38b1,0x3880,0xbc46,0x24de,0xb086,0xbb53,0x3821,0xb9f0,0xb9b2,
    0xb24b,0x3850,0x3c48,0xb96a,0x3a0c,0x2df4,0x3c0a,0xbb2b,0xae0a,0xb8f2,0xb5b8,0x39b0,0xbc42,0x34bc,0x0303,0x3f2d,
    0x369f,0x372c,0x35d6,0xb5ca,0xb459,0xb1c8,0x329c,0x3ab2,0xba05,0x3a84,0x3829,0x32d0,0xadd6,0x342f,0xbc4e,0x349e,
    0xb875,0xb6bd,0xbde4,0x3872,0x3d65,0x37b6,0x32d1,0x3b2e,0x19c4,0x30ee,0xacf7,0x3de1,0xad2c,0x3852,0x2ae2,0x36dd,
    0xb67f,0xbc2d,0xb6c3,0xaa6f,0xafc8,0xb4d4,0xb7c1,0x385c,0x3528,0xbd9e,0xac0b,0xba6d,0x2e93,0xb607,0x3bdb,0x37cd,
    0x3c9e,0xb8e5,0xb485,0x38e0,0x3c6a,0xb56a,0xbcf2,0x39e6,0x3add,0x39cc,0x3c35,0xac61,0x3bf0,0xb9ef,0xb98a,0x36f2,
    0x3ba4,0x362c,0x3bc4,0x2c5e,0xb417,0xb098,0xbc08,0xb2a4,0x2bf2,0xbcea,0x3440,0x3574,0xbc4d,0xaa40,0xb59d,0x3989,
    0xb479,0xb93d,0x38eb,0xb2c4,0xa865,0x3233,0xb867,0x3687,0xbacb,0xb406,0xb5cc,0x3aaa,0x34f0,0x37d8,0x3d22,0x376f,
    0x3889,0xa87a,0xb876,0xb959,0xb903,0xaf05,0xaea2,0xb498,0xa918,0x391b,0x3c63,0xb33b,0x34c2,0x3de3,0xb8f4,0xb7c5,
    0x3c4b,0xb08a,0x38d5,0x32e2,0x2283,0x284b,0xb749,0xafbf,0x3671,0xaf22,0xb6d1,0x366e,0xb810,0xb0fe,0xb7b4,0x367e,
    0x3827,0xc0b0,0xbc70,0xb8e5,0x3c02,0x3d3c,0x2dbb,0xbf6e,0xbc87,0x3e43,0xb2a3,0x3c86,0x3ac2,0x3db5,0x3819,0xb846,
    0xb57a,0xba4c,0xb8ab,0xb35f,0x3318,0x3e0f,0x393d,0x3c8e,0xb49e,0xb9c1,0x3f3e,0xb927,0x3cf6,0x3e25,0x36c7,0xb5e1,
    0xb76c,0xb16b,0xb8f0,0x3952,0x2fbb,0xb9b3,0x3d88,0x3dc3,0x2c2e,0x366d,0xbb15,0xb71c,0x3c9f,0xbab4,0xa83e,0xb60e,
    0x3507,0x2c39,0xbc29,0x38f3,0xbc46,0xb80b,0xb391,0xb57b,0x33e7,0x3c95,0x3d0a,0x3558,0x3974,0xbabf,0xb89b,0xb216,
    0xb0fe,0xb7aa,0xb93b,0xba52,0xb650,0x3bcf,0x383c,0xbc39,0x392f,0xb7bd,0xb555,0xbe44,0x38cb,0xba3e,0x331d,0xbc63,
    0x3ee1,0x3660,0xabe3,0xad98,0xacee,0x3edb,0x3838,0x3052,0xb5ec,0x36ac,0x2f85,0xb050,0xbd6b,0xa779,0xbc7e,0xb66b,
    0xb47f,0xb179,0x2e04,0x34a3,0x3838,0xaf3d,0x3fcb,0x353d,0x34ff,0xbb1a,0x3611,0xb704,0xba9d,0x3d0d,0x3c13,0xb564,
    0xbb85,0xbdc5,0x3cc6,0xa745,0x286c,0x3a2c,0xb7c0,0x3c74,0xbaff,0x348e,0x3a1c,0x38b7,0xbd2d,0x3c46,0xb210,0xb4ba,
    0xb742,0x3b57,0xb333,0xb9a3,0xb0bb,0x3951,0xb92b,0xabab,0x3382,0xbbd9,0xb82e,0x3a70,0x3b7a,0xa597,0x3519,0xb820,
    0xaf1f,0x3ab8,0xae56,0x3425,0x2712,0x32db,0x3a05,0xb8c2,0xae5c,0x3810,0xb068,0x35ce,0x3265,0x36b0,0xb7b5,0x3889,
    0x39b5,0xb545,0x379f,0xb409,0xbc44,0x3830,0x3c63,0xb173,0xb825,0x3819,0x3ae2,0xb31d,0x3699,0x3deb,0xb994,0xb880,
    0x3e40,0xb3e1,0x31a5,0xbb00,0xba7d,0x38c7,0xb925,0x3854,0xb984,0xb454,0xb531,0x30e1,0xb56f,0x3dc0,0x37f3,0x3a85,
    0x3d0a,0xbd30,0xb431,0x363d,0x35ed,0x38ec,0x3830,0xbd62,0x3bc2,0x3804,0x3a57,0x3808,0xb690,0x3883,0x30c7,0x343a,
    0xb5a2,0x347c,0xbd2a,0xa2d8,0xacf5,0x312f,0x3d39,0x38d6,0x31fe,0xb233,0xb011,0xbc62,0x3ce6,0x3d14,0xb060,0x3505,
    0x357f,0x3e9a,0x3a61,0xb548,0x3ca7,0xba45,0xbc4e,0xb8a1,0x3a6d,0x39bc,0xb15f,0x35d4,0xbd14,0xaeb4,0xa9b9,0x3bbf,
    0xbded,0xa9da,0x3bda,0xba31,0x36dc,0xb671,0xb855,0x3887,0xbadf,0xbb3c,0xa48e,0xb79e,0xb591,0x3474,0x3dee,0x3728,
    0xb8ec,0x3492,0xad0a,0xb97a,0xb3ce,0x3cca,0x3877,0xbd15,0x38f1,0x3b4a,0xb5b7,0xb458,0x3ff0,0x4414,0x3953,0x3cbb,
    0xb630,0x3ef5,0x3e5a,0xb8e5,0xb7f8,0x3e46,0x4001,0x3996,0x3c23,0xbf74,0x3959,0xb598,0x442e,0x3cc1,0x39cf,0x3524,
    0x3c70,0x3982,0xb4ea,0xb0cb,0x2d9b,0xb28c,0x3cce,0xba18,0x3523,0x3dda,0x3c45,0x3a10,0x362c,0x3da6,0xb6d4,0x3a21,
    0xb588,0xb534,0xa7b9,0xb9df,0xb57f,0x38b6,0xb04a,0x3535,0xb997,0xb61e,0xacd1,0x2ace,0x3594,0xbb25,0xadd5,0x3d30,
    0xb617,0x259a,0xb816,0xaf1a,0x2c33,0xb3b4,0xbd8b,0x2236,0xbbae,0xb8e0,0xbaf7,0x2f6f,0xba31,0x38cf,0x3668,0xb9d2,
    0x3892,0x3f73,0x34a9,0x37fd,0xbd70,0xaa0d,0xb8d4,0x3124,0x3ef9,0xb5c7,0xb169,0xb8e2,0x3dbd,0xb852,0x372b,0xbbfa,
    0xb467,0xba44,0xb730,0x3941,0x3837,0x339c,0xbc13,0xba08,0x2f63,0x34f7,0xaf3c,0xb110,0xb595,0xbe19,0x3863,0xb163,
    0x9bcb,0xbc44,0x3763,0x362d,0x309f,0xbf93,0xbcee,0x3775,0xb0ea,0xb974,0xbc01,0xb8fb,0xb565,0xb96b,0xb686,0xba26,
    0x2e67,0x2dab,0x2679,0xaea1,0xac13,0x2259,0x2bb5,0x204e,0x2af3,0xa235,0x2b57,0xa87a,0x2c28,0x2838,0x27f0,0x2983,
    0x2957,0x9eee,0xa437,0xa689,0xadd6,0xaf81,0x2d0e,0x2f60,0x90cf,0x2bd6,0xa758,0xa66a,0x2a9e,0x2887,0xa9ce,0xa0de,
    0x9cd5,0x252d,0xa804,0x2e74,0xb230,0xa504,0x2274,0x2dc9,0x253e,0xa7cf,0xaacd,0x2cdc,0xa86b,0x282c,0x199a,0xa29b,
    0xa9a4,0x2a1c,0x244a,0x26db,0x2c3e,0x2092,0xac5e,0xa05d,0x226e,0x1a4a,0xa865,0x2ca0,0x9ad2,0x9669,0x20a1,0xab39,
    0x2357,0x2e54,0xa521,0x30b8,0xa825,0xadac,0xac2e,0xa8cf,0x251b,0x9686,0xa8a3,0xaca3,0x2a7f,0x1939,0xa30c,0xb01e,
    0xa1f7,0xabf5,0xa546,0x28a1,0x1d60,0x2441,0x2d7d,0xa52a,0x2c78,0x2fab,0x2c18,0xa6c1,0xa881,0xac2f,0x21db,0xac14,
    0x2d86,0x9da9,0x2d26,0xaa52,0xa897,0x2918,0xa90d,0xad78,0xaece,0xac7f,0x317d,0x2ba2,0x27af,0xab44,0x2791,0x28ea,
    0xa6bb,0xa415,0xabe3,0x1fef,0xa2a4,0xaaaf,0xa8bb,0x2185,0x27ac,0xa834,0x20d1,0xa674,0x2573,0x2c98,0x2a6b,0xa1b0,
    0xa558,0x26b6,0xaa6b,0x1d82,0xa8df,0x2af1,0x2c8b,0x9726,0xa0d0,0x2bae,0xa72d,0x9e33,0x8ea4,0x2f2c,0xa868,0xa439,
    0xa939,0x280a,0x24e6,0x2cca,0x1d2b,0x2037,0x293c,0x2204,0x2b5b,0x9e28,0xaa72,0x2750,0xa53d,0x2c0e,0x22cc,0xad00,
    0xa852,0x209f,0xa5ab,0xa8d5,0xab01,0x1995,0x272c,0xa763,0x293f,0xad5e,0xa610,0xaa1f,0xab6a,0xa0e8,0xaaba,0xa9ec,
    0xaa1a,0xa371,0x2b53,0xaa54,0x288c,0x2914,0x278d,0x2b21,0x16f6,0x2a01,0x28a6,0x18a3,0xa128,0xabd6,0x19f9,0xa309,
    0x213e,0xaa87,0xabc2,0x1c06,0x1b63,0xa862,0xa651,0x29f0,0x2150,0x2a85,0x2301,0x249e,0xa04f,0xa437,0xaa07,0x2945,
    0xa38f,0x2c09,0x1e6e,0x207f,0x28df,0x2974,0xac6b,0x2e68,0x9f10,0x2279,0x1f72,0x26fa,0x2329,0x24c8,0x28e4,0xac63,
    0x1fde,0xa785,0xad16,0x9274,0x9909,0x256a,0x9de9,0x2d05,0x2a2d,0x1d41,0x259f,0xa477,0x2630,0x2651,0xa527,0x2d26,
    0x2476,0x2723,0x128c,0x9d00,0xadab,0xac42,0xaca4,0x2315,0xa87f,0xac69,0xa801,0xa9be,0xa939,0xa11b,0xa9d4,0x24ae,
    0x1fc6,0xac73,0xa992,0xa2c8,0xa835,0xa717,0x2def,0xab27,0x224b,0xad1f,0xa992,0x98dd,0xaca8,0xa99e,0xa2ab,0x2d84,
    0xa6bb,0x2599,0xac78,0x28d8,0xa9ef,0xae19,0x2ef3,0xab29,0xaf04,0xa8fc,0x2507,0xa8d3,0xb2e0,0x2b1b,0x2621,0x9aa8,
    0x24bf,0xa857,0x24a7,0xad58,0x270e,0xac12,0x28f2,0xaa5e,0xaf04,0xaa0c,0xaca6,0xa0e4,0x2cea,0xaeaa,0x1b0b,0x92ab,
    0xadfc,0x2059,0xa630,0x2627,0xaa84,0xac19,0xada5,0x93ea,0xa54c,0x25d0,0xb10a,0xb0c7,0xa6f8,0xae2d,0xa7bd,0xaf6f,
    0xb0ad,0xa1af,0xac24,0xac38,0xa9dd,0x2201,0xa9be,0x1fab,0xadcd,0xa956,0xae34,0xa81f,0xa015,0xa66d,0x288b,0xa9c0,
    0x2821,0xac15,0x1d2f,0xae8b,0xaba0,0x2c5d,0x2b7e,0xa915,0x1f12,0xad06,0xae63,0xb0af,0xa70a,0xaeb8,0x2bb8,0xaaae,
    0xa651,0x14bc,0xa367,0xad9c,0xa90f,0xac01,0xac86,0x2bd3,0x273f,0x2ce9,0x287c,0xaba9,0xa059,0xabec,0xab16,0xaaef,
    0xa881,0x1ba2,0x2713,0x263f,0xa9d1,0xabaa,0xaf43,0xa720,0xa5f4,0x2775,0xa818,0xaeca,0xb062,0xa0c3,0xa908,0xad0e,
    0x2674,0x17db,0x24ac,0x1c52,0x20f2,0x9d61,0x2f0a,0x9cc5,0x9bbb,0x2ad3,0xa7ec,0xaba9,0xa8b9,0x2535,0xa957,0xa7b1,
    0x2350,0x29e6,0x28d8,0x25f7,0xadb7,0x2ac1,0xa978,0xaafb,0x2042,0xaa14,0x2935,0x2ba9,0xaef4,0xacaf,0x29e5,0xa7aa,
    0xa608,0xa5fb,0xb1c0,0x26a9,0x2d86,0xac36,0x2b79,0xb1e1,0x22fd,0x1f1b,0x2836,0xac7e,0xa4aa,0x2bc9,0x2f03,0x2aec,
    0xa19e,0xa7ac,0x2a64,0xa172,0x28e5,0x1efe,0x214f,0xa648,0x95c3,0x215e,0x242c,0xa5de,0xad5e,0x1a93,0x254c,0x2da2,
    0x284a,0xa734,0x2072,0x28d7,0xa2c5,0x2d6e,0x9dfd,0x2b04,0xa4cb,0x2d49,0xa9ed,0x288e,0xa87d,0xab41,0x20fc,0x26b9,
    0x2034,0xa67f,0x24ab,0x1ab9,0xa644,0xa521,0xa8ea,0x2e29,0x2a36,0xaced,0x1418,0x2bb1,0x9d4f,0x272b,0xb2fa,0x1635,
    0xa465,0xa868,0x2c75,0x2b6f,0xad04,0x2b0d,0xa250,0x2d2f,0xad26,0x27b2,0xa4b9,0x2c0e,0xb008,0x2c1a,0x297e,0xa9a8,
    0x1de5,0xa11d,0x218c,0x2ec5,0xa305,0x9bd9,0xa6aa,0x29fb,0x2a36,0x2c4d,0x301e,0xa024,0xaab5,0xa727,0xace0,0x09e3,
    0xa8d9,0x2495,0x29c4,0x9d6f,0x2344,0x2207,0xadf6,0x303d,0x2b4d,0x9f5c,0x28dd,0x2528,0x2b1e,0x27eb,0x2b85,0x2974,
    0x241e,0x2153,0x26c9,0xa67a,0x26a2,0xac7b,0x3150,0x2a9a,0x2c2d,0xa918,0x2d38,0x9a77,0xa297,0x2205,0x1a16,0xaeaa,
    0xa5c9,0xa486,0x2a1f,0x2d9d,0x26a1,0x1fcd,0xa7c2,0x9ee7,0x2531,0x2e8d,0x2a86,0x20fb,0xa385,0x2873,0xa582,0x1e4b,
    0xa964,0x2e00,0x2d3a,0x2352,0xa6a8,0x2c9a,0x2abe,0xa31a,0x24bc,0x290f,0xa67a,0x28da,0x27d0,0x24da,0x1ad0,0xa94c,
    0x1cc2,0x0e9f,0x2d7a,0x226c,0xac92,0x266c,0x283d,0x2bc6,0x2769,0xaa34,0xa5d5,0x251b,0x27c0,0xae71,0x2b3c,0xac7a,
    0xa86d,0x292d,0x28f7,0x2dfe,0xa82e,0x9227,0xa829,0xa81f,0x196c,0x296f,0xa8d3,0xa81a,0xa22e,0x2a24,0x1e43,0x23fd,
    0x2262,0xab08,0x27e9,0xa881,0x29f2,0x10a0,0x2d7a,0xa0ef,0x2e5f,0x240e,0x19d5,0x2e59,0xa91d,0xa8bf,0x2c4e,0x2798,
    0xa736,0x274c,0x30ab,0x2200,0x2d61,0x24be,0x2182,0xa54e,0x27d2,0x282d,0xa2bf,0x303e,0xad70,0xaad0,0x2981,0x306c,
    0x24b7,0x28cc,0x2839,0x294e,0xa4ab,0x26a7,0x2527,0x2c1f,0x2a9c,0x208b,0x2937,0x1cbc,0x2af3,0xa28d,0x23da,0x9e82,
    0x8ee0,0xa79a,0xa541,0x2ccd,0x2b64,0x2b32,0x27e2,0xa9b9,0xac1c,0x2594,0x289b,0x2943,0x2df4,0xa750,0x26a7,0xa252,
    0xa506,0x21d7,0xa5c5,0x2d2a,0xad39,0xa830,0x1d7d,0x1cbc,0x29ad,0x2291,0x28d6,0x2b4b,0xa745,0x9fea,0xa1de,0x1fb5,
    0x2945,0xa3d7,0x2c20,0x186c,0xa57c,0x2218,0x2871,0x2b62,0xa17e,0xa31f,0xa0ca,0x26df,0x24ec,0x2d9e,0xa491,0xaa68,
    0x247b,0x272b,0x26c3,0x2c1e,0xa45a,0x9998,0x2b15,0x28c8,0x2401,0x25c9,0xa36d,0x23e8,0xa82a,0xaaee,0xa85f,0x9a92,
    0xaaa5,0xb019,0x283a,0xa028,0x2e35,0x26de,0x90d9,0xa9e7,0xa616,0x2982,0x9e1a,0x2cbe,0xacaa,0x29d8,0xac51,0x1da5,
    0xac0a,0xad0d,0x275a,0x9ef8,0x86ee,0x21ea,0x2b8d,0x9908,0xa63d,0xa174,0xa75f,0xa850,0x205f,0x9f44,0x2738,0x25e1,
    0xa84d,0xa4f7,0x2ab6,0x9bc2,0x1531,0x2a8d,0xaa5b,0x282c,0x2877,0x29a8,0x2782,0x29c4,0xac75,0xa4ef,0x2952,0x21b0,
    0xa7a3,0xaec2,0xa739,0x1da9,0x295e,0x28a3,0x2b09,0xa51f,0xa60e,0xa632,0xa835,0x24fb,0x9a37,0xa41d,0x2973,0xa811,
    0x2601,0xa56f,0xa1b8,0x2d98,0x256d,0xa938,0xab72,0x1fec,0x2695,0xa45a,0x2a22,0xa24f,0xa533,0x230b,0x2aab,0xaec9,
    0xa1a7,0x9fc5,0xad1c,0x244e,0x2950,0x2808,0xa6c5,0xaa1c,0xaafd,0x9f27,0xaae9,0xa525,0x293c,0xaa6a,0x2cb3,0x1daa,
    0x185c,0x2880,0x27ea,0xa8cc,0xa81d,0xa919,0x276f,0xac11,0xa4ff,0x19cf,0xaaa2,0xa5fc,0x1a3a,0xaa57,0x2464,0x9dcb,
    0x2a97,0x21c1,0x2818,0x235e,0x2f09,0xa3e8,0xa5dc,0xa894,0x29f3,0xad43,0x2589,0x2650,0x23d3,0x2856,0xa114,0xab05,
    0xa526,0x2ca5,0x9d70,0xa38b,0xa2c4,0xa3ec,0xa675,0x2ba1,0x2996,0x250b,0xa81c,0x27bf,0x1f7e,0x222b,0x274a,0xaf04,
    0x261a,0xacef,0x995b,0x285a,0x1adc,0xa4d1,0xa93e,0x1ceb,0xa94a,0x2a6c,0x949a,0x205e,0x2832,0x2b11,0x2658,0x24b7,
    0x2db0,0x2765,0x2565,0xa624,0x1a3c,0x29eb,0xa623,0x1b14,0x21e7,0xa801,0xa2e4,0xa502,0x1eba,0x9c61,0xad2d,0x2451,
    0xa562,0xa88a,0x9538,0x211f,0xa5ce,0x0e24,0xa9af,0x2f65,0xa44c,0x27ff,0xa921,0x2097,0xa6a6,0xa034,0x286c,0x22d0,
    0xb094,0x2880,0xa8d3,0xaa10,0xaa3d,0x28a8,0xade4,0xa1e2,0xa21c,0xab2c,0xb0ab,0x2ada,0x9907,0xaf9e,0x24a8,0xac70,
    0xaccc,0xa9dd,0x253f,0x2c90,0xac9c,0x3370,0xa5b7,0x294e,0x2eef,0x2709,0x2858,0xa3a0,0xa2e3,0xac32,0x1db7,0xa855,
    0x2bfb,0x26f6,0xa414,0x1eac,0x2a5d,0xaf1b,0xa2a8,0x2b52,0x2671,0x288d,0x1f58,0x2ed6,0x29ea,0xa644,0xa3eb,0x2931,
    0xa4e5,0xa818,0x2c95,0xaaaa,0xa075,0x264d,0x2b3c,0x2a4c,0x9ec3,0xa7d6,0x2b43,0x1932,0x1bec,0x28a8,0xa8a0,0x2ebe,
    0xa8f7,0xa15c,0x9ea8,0x2e02,0x2414,0xab45,0x1afe,0x2d5e,0x228f,0x9277,0xaabc,0xa72a,0xae23,0x9436,0xacea,0x21b4,
    0xab05,0x2e7d,0x1463,0x1f94,0x2417,0x96ae,0x88d3,0x1872,0x2e1e,0xac2b,0x258f,0x2e55,0x9b38,0xa930,0xa353,0x24b1,
    0xad8a,0x0a98,0xaf1e,0x2c1d,0xa42c,0xafd4,0xa587,0xabd1,0xae50,0x2d7d,0xb024,0x2497,0xad2d,0xa229,0x2362,0xa06a,
    0x2298,0x2303,0x2455,0xa76e,0x2497,0x28eb,0xad08,0xad5f,0x2bd2,0xad81,0xa8ae,0xa42d,0xa5fb,0xa7bf,0xab7c,0x28fc,
    0x94d3,0x1c4d,0x27e7,0xa9bf,0xac7d,0x2c13,0xab8b,0x9a56,0x2816,0xaae5,0x2cb2,0xa9ab,0xa397,0xac86,0x2753,0x1b0d,
    0x18fa,0x29a5,0xacb3,0x271f,0x2726,0x2dc0,0x2ce9,0xa8f3,0x9c7e,0x2c7d,0x200a,0x1d50,0xae86,0xaa26,0x23c2,0x2c72,
    0xa9db,0x2d8f,0x2529,0x2606,0xa676,0xac67,0x2802,0xa893,0xa4e9,0xa8e6,0xa97a,0xa580,0x9d2a,0x131b,0x28aa,0xa62b,
    0xa2f3,0xa971,0x2b59,0x2987,0xab62,0xa6a1,0x1da6,0xaba2,0x19d3,0x2da9,0x285e,0x2363,0xa19c,0xa5b6,0xa06b,0x25a3,
    0x270e,0x2c74,0xa539,0xa45a,0x25e5,0x15ff,0x9d0e,0x2680,0x232e,0x0f3f,0x252e,0xa94e,0xa851,0xa88c,0xadbb,0xa51e,
    0x26fa,0xadf3,0x2a74,0xa1c3,0xa2c8,0x25c7,0xa18c,0x2379,0xb0a2,0xa7ae,0x2db0,0x2812,0xa4fd,0xae79,0x2842,0xa1cc,
    0x992c,0xa018,0xa50e,0x2d06,0x25e5,0xa695,0xa4b7,0x2223,0x2d82,0xad98,0xa95d,0x238a,0x2c73,0x20e8,0xa69f,0x20c1,
    0xa135,0x2c16,0x2799,0x2b5c,0xac72,0xa46c,0x26fb,0x2bf2,0xa969,0xa6c4,0x26e9,0x2695,0x2825,0x207f,0x267f,0x2687,
    0x2c9b,0x2bc9,0x9c20,0x29f2,0xa45c,0x280f,0x13d7,0x24e1,0x2f61,0x9863,0x2d05,0x2069,0x1899,0x2551,0xa1d9,0x2c31,
    0x2a28,0x2a78,0x264d,0x1f5f,0xa396,0xa5f7,0xa695,0xa5cf,0x2b44,0x19ad,0x21e6,0x98e2,0x1b9f,0x29aa,0xa906,0xa18a,
    0x2aa0,0x20e2,0x2cb5,0x0377,0x206b,0x2e58,0x25ec,0x26bd,0x2020,0x2852,0x29f8,0x2dcc,0xab28,0xa92c,0x28c5,0xab20,
    0x2845,0xa41f,0xa9a8,0x2a2a,0xa629,0x245a,0x2c2e,0xa6c4,0x2bf6,0x1562,0xa555,0x2ad1,0x2dd6,0x219c,0x298c,0x2528,
    0xa456,0x9a0a,0x26ab,0x28d3,0x2c2d,0xa4c3,0xa641,0x2a29,0xa5d3,0x9f2c,0x2adb,0xa433,0xa718,0x26f2,0xa410,0x2b12,
    0x2d00,0x25ad,0x28f2,0x1fa5,0x2c42,0x25b3,0x2d35,0xa4cc,0x269b,0x2b45,0x271f,0x296d,0xae51,0xabd2,0x1c27,0x2b45,
    0x2801,0x2cb4,0xa563,0xa728,0x297c,0x2c7a,0x9e68,0xab47,0xa4ad,0xa312,0x2c51,0x2a1a,0x2d57,0xa75f,0x21a0,0x2bda,
    0xa8d7,0xa63c,0x322d,0xa998,0xaca2,0x2ee1,0xaa48,0xa5f9,0x29e9,0xa38b,0xa957,0xad6c,0x2a07,0xa48c,0x226e,0xaba8,
    0xa819,0xaa52,0x9b24,0x2c0e,0x1f8a,0xa792,0xb1a6,0x9086,0xac73,0x2a6e,0xa38b,0x1fb8,0x9b98,0xa816,0xaa87,0x27cb,
    0xa9dc,0x285f,0xa222,0x27cb,0x24f0,0xa53f,0xa5bc,0x254a,0xae26,0xa8e3,0xa7f8,0x1dcf,0xa9b3,0x25c4,0xac71,0xa8c3,
    0x2661,0x2d3d,0xac06,0xa47d,0xac27,0xadc7,0x2a8d,0xa8d4,0xac1c,0xaa75,0xaa4e,0x20b3,0x1ea8,0xa9de,0x21d8,0xacfe,
    0x2189,0xa00d,0xa49d,0x2561,0x9cfc,0x247c,0x9df0,0x98e4,0xa816,0xa91b,0x1b5f,0xa9c9,0x208e,0xa7d6,0xa71b,0xacb9,
    0xae47,0xa54d,0xa4d5,0xacf3,0xac59,0x2e42,0x210c,0xa04d,0xad16,0x2c3e,0x266e,0xac6d,0xabe6,0x1170,0xa9d1,0xaedd,
    0x9d41,0xac61,0x29c1,0xae23,0xa6a1,0xa05d,0x2b1a,0xa29f,0xa93d,0xae10,0x2339,0xaca1,0xa28a,0x20b0,0xa9d2,0x2885,
    0xa899,0x2acf,0x29c9,0xa49b,0xabd9,0xad27,0xab76,0x9fb2,0xaeb0,0x2d57,0x224e,0xab92,0xab71,0x1dea,0xa426,0x2ab9,
    0xac65,0x2329,0x2c10,0x29c3,0xa79b,0xa77f,0x173a,0xa9ca,0x9e67,0x98b5,0x2cee,0x2c8f,0x26b4,0x9bc7,0x2130,0xa399,
    0x22e4,0x2473,0xa823,0x94c3,0x290a,0xa428,0xaf88,0x285a,0x2a35,0x2abd,0x2718,0xa56d,0x29c0,0x280d,0x2ece,0x298f,
    0x15e2,0xa969,0x2490,0xada0,0x2e34,0xae3e,0x17e9,0x291d,0xa7f2,0x2309,0x2c86,0xa151,0xac0d,0xa8ec,0x2c96,0xa686,
    0x20e8,0xab54,0xa334,0x1a0f,0x2bbc,0xa4a1,0x2640,0x2018,0x9086,0xa698,0xac00,0x2293,0xa60b,0x2445,0x24e4,0x2628,
    0x2f4b,0x28e1,0x26e4,0x9d7a,0x2d01,0x270b,0x2719,0x2b58,0xa8d4,0xaabc,0xa5b6,0x293f,0xa85f,0x2971,0xab5b,0x2730,
    0xaca9,0xa566,0xa843,0x2cc2,0xa99e,0x25f8,0x2a8a,0xa575,0xab5f,0xa307,0xa338,0x29dd,0x2a94,0x2946,0x2efb,0xa6ce,
    0xa6ca,0x2256,0xa0a8,0x2465,0xa7d5,0x2b02,0xa8cb,0x2876,0x2172,0x1f89,0x941b,0xac2e,0xa903,0x240a,0x9d22,0x27e2,
    0x2f3b,0x2223,0x194e,0x2ada,0xa4ad,0x3020,0xa9b1,0x2bb1,0x9d8e,0x29f5,0x25c2,0x2960,0xa40d,0xa6cc,0xa28e,0x2a28,
    0xac20,0xabbc,0x2955,0x2825,0xaa6d,0x282e,0x2a46,0x252e,0xacff,0xa395,0xab80,0xac06,0xac10,0x27b6,0x91b6,0xac6c,
    0x2758,0xa2f4,0xa6a0,0x2d17,0xa95c,0x2fa2,0x2166,0x209e,0xa305,0xaaa0,0x29fe,0x22bf,0xaa6b,0xae53,0xaa30,0x29e9,
    0xa5f4,0x9986,0x2de0,0xa9f3,0xabe8,0xa4f7,0x1cd3,0x26ee,0xa65e,0xa088,0x2c2b,0xa50c,0x2afd,0x25d6,0xac07,0xa136,
    0xac36,0x28f8,0xade3,0x22b2,0xa8d9,0x27d3,0xa802,0x2ad4,0xade7,0xab06,0x2c19,0xa924,0x2df6,0xa9c0,0xa566,0x24bd,
    0xadcc,0x0cab,0xa864,0xa64f,0x2233,0x1014,0x250e,0xaafc,0xa809,0x2798,0xa0d8,0x2207,0xab2e,0x244e,0xa7bc,0x9c6b,
    0xa48a,0x2630,0x28c0,0xaaaa,0xa979,0x291a,0x2b93,0xa45d,0x1f57,0x2054,0x2090,0xa3a7,0xa8aa,0xa5be,0x247d,0x20e3,
    0xaa57,0x25ce,0xa723,0xa868,0xa88d,0xab54,0x2985,0x9e98,0xa11b,0x2004,0x15aa,0x2cea,0xaea2,0x9f6c,0xa4f7,0xa93b,
    0xa360,0xabd2,0x2946,0xad70,0x2a7c,0x1f50,0x20bb,0xa6b6,0x1c77,0x1f71,0x2966,0xa77c,0x25a8,0xaa5a,0xa93e,0xac8e,
    0xac27,0xa302,0xa40d,0xa049,0xafc9,0xa507,0x2288,0xa9fd,0x1c82,0xabe0,0xa1c6,0xac61,0xa767,0xa1c1,0xa850,0x2c37,
    0xaddc,0x25e5,0xae9f,0xb083,0xaa36,0xa104,0xaf27,0x2818,0xa88f,0x202b,0xa68b,0xa8df,0xae27,0x9f24,0xa08a,0xac59,
    0xac3e,0xac2a,0x269b,0x2626,0x2640,0xa594,0xab65,0xa38f,0xabb7,0x96d9,0xa82f,0xa595,0xabd0,0xb039,0xaf84,0xa22d,
    0x20c4,0x2b8c,0x20a2,0x209a,0x23ed,0xa0be,0xa44c,0x253b,0x1cde,0x2c9e,0x2400,0x26a9,0xa1cb,0xa621,0xa431,0xa432,
    0xa861,0xa9a4,0xab7c,0xac72,0xa4a3,0xaafb,0x9c00,0xadf0,0xaaa0,0xa0de,0xaca8,0xac16,0x2af6,0x2139,0x2448,0xa8fb,
    0x9e52,0xa92d,0x9d5c,0x2b5e,0xa0f1,0x2511,0x25f7,0xae42,0x9461,0xa2e4,0xa003,0x27dc,0xac75,0xad4a,0xa9ce,0x268a,
    0x264e,0xad53,0xa866,0xa8f5,0xac6e,0x9e9f,0xa6b2,0x22c7,0x2adc,0xa787,0x2067,0xa16b,0xafaa,0xa8cf,0xa0a2,0xaa30,
    0xa961,0xa47c,0xad54,0xa7c6,0xaafc,0xaf70,0xae20,0x1fff,0xa141,0xa253,0xa965,0xa5af,0x29fe,0x9cc5,0x9c6f,0xa3a1,
    0x2ac5,0x2923,0x2537,0xa94b,0x2a0b,0xa4dd,0x2655,0x9082,0xa6b2,0x9e44,0x2830,0xa5bd,0xa89b,0xaac7,0x27d6,0xaa51,
    0xabb7,0x2314,0xa137,0x3163,0xab0e,0xacb4,0xae32,0xac20,0xa593,0xacc4,0x2f7a,0x23ff,0x9a81,0xa81f,0xae3b,0x2f75,
    0x1c8c,0xa915,0x1c54,0x28ca,0x286a,0xac23,0xaa3b,0xab24,0x2c04,0x2d6f,0x22ca,0x1e3b,0x2d71,0xad61,0x2423,0x9015,
    0xa0ed,0xa6b2,0x28e4,0xa502,0x2a66,0x28d6,0x22e5,0x2415,0xa752,0x2761,0x2fa0,0x29dd,0x2c4c,0xb056,0x1b8c,0x2468,
    0xa7c8,0x2407,0xa590,0xa5eb,0xac42,0xa905,0x2c0a,0xab9e,0xaa3f,0x9cfd,0x26d0,0x1eb0,0xaaa8,0x2564,0x2aa3,0xaba5,
    0x2991,0x2aa1,0x9b41,0xaeee,0x284e,0x1c98,0x2a2d,0x9f5c,0x9846,0xa7c7,0xa3d9,0x9f34,0xac4f,0xad34,0x213b,0xaa09,
    0xa6b4,0xacda,0xaa11,0x2c72,0x2f73,0x2299,0x2693,0x2569,0x2ba3,0xad52,0x1901,0x2803,0xac30,0xa810,0xacf4,0x25b3,
    0xaaba,0xaa51,0x2d4a,0xae04,0xa5ce,0x19a8,0xab10,0x2a05,0xa977,0x2509,0x2baf,0xac1b,0x288e,0xa430,0xae5e,0xa97b,
    0xa862,0x29a5,0xabe4,0xa1c8,0xa5c3,0x255c,0x2145,0xaddc,0x9fa6,0x2a23,0xa5df,0xa5b1,0xa888,0x23fc,0x2e50,0xab03,
    0xa447,0x2702,0xa592,0x29cf,0xa114,0x2d35,0x9f38,0x9fad,0xa3ce,0xa8b6,0x28f4,0x205b,0x29a8,0xa7ee,0xabf5,0xae97,
    0xa391,0xa57f,0xa970,0x280b,0xa8a5,0x9e9c,0xaa1b,0x2466,0xa8b1,0x2bc7,0x2d0d,0x2028,0x212b,0xa862,0x2b43,0x2a48,
    0x2cc0,0xa8d6,0xa642,0x9d0c,0x990a,0x2f0b,0x24aa,0x27cd,0xa789,0x9c7a,0x2c25,0xa851,0x2dbb,0x92c9,0x1474,0x2f31,
    0x2af0,0x275d,0x2412,0x2661,0xa40b,0x249e,0x2870,0x91b2,0x2ca5,0x25a6,0x2d99,0x2d28,0xac4c,0xa2b4,0xa3a2,0x2b28,
    0xa854,0x1ae6,0xa401,0x2503,0x1f13,0x1e17,0xadb4,0x2cb0,0xa34f,0x283f,0x273e,0x9e4a,0xa689,0x9494,0xa3a1,0x2100,
    0xa727,0x226a,0x2142,0x24ae,0xa5bf,0x25be,0x29ae,0xa96a,0x1e3d,0xa2ba,0xab0b,0x248c,0x2154,0x2ba3,0xa8f0,0xa856,
    0xac1b,0xa906,0x2e6a,0xacf8,0xa337,0xaa66,0x2156,0xaeae,0x2894,0xa78a,0x2472,0xa428,0x2c65,0x245c,0x29e8,0xad1a,
    0x252f,0xa45e,0x2213,0x23ba,0x250b,0x2da8,0x2964,0xaacd,0x2c8a,0x29ee,0x2b2f,0x80ce,0x2524,0x2ca9,0x28b2,0x26cd,
    0x8862,0x25c1,0x24fb,0x9e4d,0xa73e,0xace5,0x2f51,0xa47a,0x28ad,0xa222,0x29d4,0x232a,0x2a33,0xa6b0,0xa625,0xadd6,
    0xa957,0x9e80,0xa351,0xabc9,0xa9b8,0x9efd,0x2843,0xa88a,0x2c7a,0x28a8,0xa2c7,0x2148,0xadd7,0x21d7,0x29f8,0x1575,
    0xa8b3,0x1f44,0x20cc,0x204a,0x29bb,0xad89,0x2aa8,0x1dae,0x3090,0xac95,0x281f,0x9992,0x2f03,0x2ae6,0x231a,0x2aef,
    0xa61a,0x95fe,0xaa8c,0x9598,0x268b,0x28e7,0x2ba0,0x2b6c,0xa102,0x0df1,0x2942,0x29cd,0x99d3,0xaf12,0x2d0f,0x2df0,
    0x29ea,0x2f06,0x1cf0,0xac83,0xae08,0x3108,0xa87e,0x1be6,0x2a7e,0xa72d,0x254e,0x2c96,0x2042,0x2926,0x285e,0xa9c0,
    0x2d4e,0x24e4,0x25f6,0x2b25,0x24dd,0x2d2b,0xa60a,0x2a39,0x9836,0x2ccc,0x29ae,0x2b93,0x267d,0x23ec,0xa69e,0xa897,
    0x25f3,0xa0d9,0x2ef0,0x25cf,0xa3ae,0x280c,0x2cc2,0x286e,0x28ac,0xa940,0x180d,0x2a1e,0x9fa8,0x2d76,0x1a9b,0xa49c,
    0x2986,0xa4a9,0xa26b,0xa387,0x19b9,0xac36,0x9fe7,0xabe7,0xaab2,0x1e98,0xab3e,0x2632,0xa8ba,0x9b5b,0xad46,0x211a,
    0x9e5c,0x9017,0x2a8e,0xa08e,0xaa90,0x2bae,0xa67c,0xa431,0x2d7f,0x1df6,0x2dc9,0x2273,0xa101,0x2cc2,0xa151,0x24e0,
    0x2545,0x2b32,0xa6df,0xaccb,0x9fb9,0xa5d1,0xa1cc,0xaa1d,0x256b,0xaba4,0xa19f,0xa922,0x2ea7,0x2b1c,0x9cdb,0xa56c,
    0xa992,0xa867,0xa5aa,0x8aa5,0xaaf9,0x2c96,0xb06c,0x21c3,0xa810,0xa8f4,0xb00e,0x2330,0x2022,0x2359,0xa89e,0x2570,
    0xa924,0xa8d6,0x276c,0x1f1c,0xa462,0x22b9,0xa76c,0x2954,0x21fd,0xa635,0x9cf9,0xade5,0x9f2a,0x21d4,0x2441,0xa438,
    0xa869,0xa86a,0x2770,0x2704,0x29c2,0xa17f,0x26b4,0x1ed4,0x1c68,0x8c54,0xa80e,0xacad,0x20b6,0xa51e,0x19b6,0x290e,
    0xaba9,0x290a,0x238c,0xac15,0xae67,0xaa60,0x2339,0x284b,0xab8f,0x2717,0x1fde,0x2494,0x286e,0xa00d,0x2730,0xac05,
    0x192f,0x2423,0x2a0b,0xaa2f,0xa98a,0xac33,0x2ab3,0xa9dd,0xa8d6,0x27d3,0x281e,0x990a,0x202e,0x0d1b,0xa910,0x2958,
    0xa91c,0xa074,0x2960,0xa965,0xa7b3,0xa79f,0x2232,0xaa2b,0xad39,0x2127,0xa513,0x2908,0xac9f,0xaeb0,0x2cbb,0x1ec2,
    0x27d8,0xaeaa,0xa455,0xaf03,0xab66,0xa321,0x2a8c,0xa3a5,0x2720,0x299c,0x23a7,0xab30,0x2c92,0xa891,0xa5a0,0x2c88,
    0xa7d3,0xa63c,0x28f5,0xa9eb,0xb079,0xacfb,0x21df,0x2ada,0x2526,0xa6b1,0x2b32,0x22de,0xad69,0x24f4,0x1f4c,0xacae,
    0x9e62,0x9ba6,0xa70c,0xa2ef,0x300d,0xa498,0x25b8,0x9c8c,0xaa0b,0x2416,0x2a23,0x25d3,0x2b1b,0xa211,0xa821,0x299f,
    0xa6ee,0xa2df,0x2ad2,0x1a54,0xaaa0,0x292f,0x1f4b,0x28c0,0xa923,0x23af,0xa6a6,0xa86a,0x1c3c,0xa921,0xad40,0x2897,
    0x1ef0,0xae4a,0x9cbe,0x2ec3,0x28e8,0xa89a,0x15f5,0x1ea3,0x2361,0x297e,0x23f3,0x145c,0x9ce6,0xaaeb,0xabda,0x2ad4,
    0xadf9,0x2ed7,0x2b6d,0xa74d,0xa78e,0x248f,0x1952,0xa8a5,0x1a09,0xa22b,0x9dbb,0x2b90,0x24a2,0xa3e5,0xa863,0x9c31,
    0xaeeb,0xa6f1,0xa8a3,0xb067,0x9b08,0xab33,0x227c,0x9bee,0xa9d2,0x2995,0xa4b4,0x207f,0x28fc,0x2437,0x2858,0xa7e2,
    0x2075,0xa5fc,0x27b1,0x26a1,0x9e7b,0x9f4e,0xac5b,0x2d59,0x2658,0x2453,0xa84f,0xa8c8,0xac31,0x9c07,0xa889,0xa85d,
    0x275c,0xa603,0x283d,0xab82,0x2964,0xa885,0xa018,0xa7c2,0x2bcc,0xa0ef,0x2b46,0x930c,0xa609,0xab91,0xa90a,0xaaad,
    0xa496,0xac13,0xac0c,0xa7ba,0x230d,0x2a73,0x24e8,0xa391,0x2115,0x2610,0x2c4a,0xa3fa,0xac3d,0xab24,0xa679,0x290f,
    0xa929,0xadc7,0x28df,0xa9c9,0xa10b,0x2247,0xa4c8,0x2d22,0x27e8,0x1ef0,0x1a70,0x1d4d,0x200e,0xa8fd,0x1949,0x2832,
    0x2056,0xa25c,0x2e67,0x26d7,0x2504,0x2a03,0x2db1,0x2467,0x9f1e,0xaac6,0x2d90,0xa3ed,0x9cb9,0x9ffd,0x2e3c,0x9c45,
    0x2686,0xa345,0x970a,0xa887,0xa495,0xaa8a,0xa57a,0xa1ac,0x9a75,0x1b38,0xacab,0xa3c5,0x2b37,0x2b5c,0xa91a,0x29f8,
    0xa823,0xa819,0x2915,0x2c6f,0xaa7e,0xac65,0x29e5,0x296d,0x28a9,0x2b04,0x9462,0x2d60,0xae54,0xa4e7,0x2dc6,0xabfd,
    0xa80b,0x282d,0xa0a6,0x98ca,0x3052,0x984f,0x2d43,0x242b,0xa06f,0x2b42,0xaf5c,0x2446,0xa8d5,0x99cc,0xacbf,0xafb6,
    0x250d,0xa4c9,0xaa2e,0x218d,0x27e9,0x2509,0xad8a,0x29cc,0xad2e,0xae21,0x9e0a,0xa58a,0xa86b,0xa2bc,0x1da5,0x9cfa,
    0xa718,0xa8af,0xa60e,0x2054,0x2d27,0x2678,0x2c85,0x95e8,0x2cfc,0x2d76,0xab75,0x2614,0x2bf7,0xa43c,0xa448,0xac11,
    0xa8ab,0x1d8a,0x2cf6,0x2e07,0x2009,0x2be9,0x2da0,0x28b4,0x24df,0xa807,0x9b1c,0x250c,0x2689,0xa6f1,0x2b24,0x2969,
    0x9ea2,0x2c7b,0xa751,0x27a2,0x227b,0xac5c,0x2c86,0x123a,0x97d6,0x9cdc,0xa159,0x9c73,0x2874,0xaac7,0xa8fb,0x2518,
    0xacbd,0xa8fa,0x2809,0xafaf,0x2bab,0xa07c,0x28f1,0x20ad,0xafc9,0x2d12,0x2229,0xa91d,0x2410,0xac28,0xa156,0x9a33,
    0x2f0a,0x2493,0x9afd,0x2c1a,0x9d26,0x2a18,0x2843,0xaa8f,0x2868,0x2532,0x1ad8,0x2b45,0x2816,0xa93b,0xa7b5,0xa06f,
    0x210c,0x26a5,0x2d26,0xa736,0x254b,0xa66f,0x2981,0x2a6a,0x24d1,0xa654,0x1b09,0xa495,0x256e,0x257a,0x2ba6,0xa9b4,
    0x27d4,0x19d8,0x1f6f,0x2aca,0x209c,0x2432,0x2abb,0x2789,0x1e1e,0xa8dc,0x2528,0x2b25,0x281f,0xa6c1,0x1fe6,0x29b4,
    0xa99b,0x198b,0xae4d,0xa56a,0xaae6,0xa279,0x2488,0x2fcf,0x2960,0x2c22,0x9ce4,0x303e,0xac60,0xa990,0xa872,0x1f4f,
    0xa13b,0x1bb9,0xa86d,0xad5f,0xa3a2,0x29f1,0x280e,0x270d,0xaf2c,0x0c06,0xa6fe,0xa9a8,0xa560,0xa12c,0x2e20,0x24f6,
    0xac9c,0x2517,0xa6ee,0x2c76,0xac81,0xa073,0x2d38,0x1404,0xacce,0xa3d0,0x2621,0xa156,0xacbe,0xaf2e,0xb03b,0xaf54,
    0x9097,0xa0bc,0xa876,0x207c,0x20b5,0xa1d1,0x2b4b,0x2566,0xac25,0x2b39,0x2483,0x29e8,0xaa28,0xa8ca,0xa425,0x2af3,
    0xa78c,0xa72a,0x2cd3,0xb061,0xa3dc,0xacf9,0x26be,0xa89a,0xab37,0x29ac,0x280e,0x1ede,0xa45a,0x28e8,0xa94d,0xa52e,
    0x2c2b,0xa99f,0x1d85,0x27a8,0xb03c,0xa6d9,0x9be3,0x20eb,0xa507,0x9fd2,0xa9ec,0xa97f,0xa5f6,0xa8ad,0xa9f0,0x2c6c,
    0x08ba,0x2add,0xa033,0x28a0,0x2508,0xa6d2,0xa1ad,0x2464,0x2f09,0xaa8a,0xaa84,0x2c22,0xacdf,0xaa05,0x20c6,0x26b0,
    0x2d3d,0xad80,0xab38,0x2129,0x28f5,0xa425,0x10ca,0xa56b,0xa83d,0xa637,0xa275,0xa436,0x1c60,0xac67,0xa3c2,0x2bce,
    0x20a7,0xa8a9,0xab30,0x1a62,0xa5ad,0xa5e4,0x2bd9,0x2b0f,0xa730,0x2977,0xa5c2,0x23c1,0x2817,0xa3b9,0x30d8,0xa83c,
    0xa7ed,0x2738,0x2608,0x2eb7,0x2d44,0xb233,0xad7a,0x2430,0x2921,0x1e85,0x9ae2,0x29c3,0x935c,0x9fc4,0xad14,0xab95,
    0x2a11,0xa57d,0xae37,0x2dd5,0x2c3e,0x1a88,0x28ab,0x2579,0x2f85,0xa503,0x2abb,0x237a,0xac04,0x26ad,0xa2c0,0x2835,
    0xac45,0xadaa,0xa776,0x2b7b,0x3023,0x2656,0xa828,0x21dc,0xa186,0x2d62,0x24b7,0x300d,0x2c0a,0x295b,0x285c,0xa90b,
    0x2b74,0x2ec5,0x2415,0xa600,0xad53,0x2a1a,0x2e55,0x21ef,0x1dc0,0x256f,0x1a61,0x297a,0xa76d,0x2929,0x1967,0x27d8,
    0x20c2,0x2b4d,0xa6f6,0x260d,0x2057,0x217b,0xa724,0x31f4,0x1cb8,0x28d1,0x2c62,0x2c1a,0xa4b6,0xaeef,0xaedb,0xaa9e,
    0x1657,0xa928,0x30bb,0x2d5a,0x2150,0x29ee,0xaab9,0xa1ee,0xae28,0xad3c,0x26d2,0x07a4,0xa480,0xade0,0xa992,0x2b42,
    0xa495,0xa444,0x20fb,0xa650,0x2849,0xab18,0x2807,0xa2eb,0x9f61,0xaccc,0xaa63,0x9bf8,0xad7d,0x29c2,0x2e10,0xb11d,
    0x21f1,0xa220,0x2719,0x28ce,0x0333,0xabbf,0x303d,0x98d1,0xaca2,0xa85f,0xa863,0x8d44,0xa7ec,0xaa50,0x278e,0xa81a,
    0x2454,0x23f8,0x2908,0x2845,0xa51e,0xad6a,0x28e5,0x289a,0x23c2,0xad13,0x9d5c,0x2b05,0x18f7,0xa5c7,0x2420,0x2bf1,
    0x188f,0x9b08,0x2e1b,0xaf00,0xa974,0xa9ec,0xa854,0x2d40,0x2b4b,0xa767,0x27f4,0x1fdc,0xa4ef,0x22cd,0xacac,0xa5c0,
    0xa92f,0xa46c,0xab83,0xad2d,0x2906,0x21bf,0x196c,0xa603,0xacc3,0xaa1d,0x2dd2,0xa612,0x2c2d,0x27b8,0xa201,0xa003,
    0xa735,0x9cd1,0x9f21,0x2d34,0xa50a,0xa1e7,0x18c8,0xab75,0x0d2b,0x205f,0xae6d,0x28b0,0xaed9,0xa498,0x0cf2,0xa922,
    0xac70,0x1206,0xa39b,0x2833,0xa7e5,0x2609,0xa369,0x2b0f,0x2bc7,0x1d80,0x2806,0x9f02,0xa023,0xa760,0x948d,0x1b3e,
    0x27cb,0x9a6d,0xab54,0xa428,0xa2e3,0x1aba,0xaa69,0x9624,0xac2a,0xa014,0xa587,0x1548,0xa4f0,0x1a20,0x9f70,0x2b56,
    0xa875,0x9d93,0x1e53,0xa110,0x1da0,0xa875,0xa88a,0x1ef7,0xa16b,0xac19,0x9c2f,0xa83f,0x243b,0xa6ab,0xa16f,0xa6fb,
    0x1dd5,0xa87d,0x955e,0x1f71,0x1238,0xa08f,0xac14,0x20fe,0x2118,0xa892,0x1e2a,0xa7e6,0x2b1b,0xac23,0x1a41,0xa8a4,
    0x983e,0xab3f,0xa5ba,0x20be,0xa80c,0x2cab,0x2531,0xa032,0x2506,0x2a65,0x2ea5,0x2301,0x27eb,0x2284,0xb03d,0x2252,
    0xa6c0,0x2a0b,0x2886,0xa835,0x2768,0xac4e,0xa787,0x1235,0xa4c1,0xa5b6,0x2669,0x21bb,0xa285,0x2803,0xabbe,0xa0ca,
    0x2863,0x2ad4,0xad0e,0xa811,0xa4ae,0x2ae8,0xafbf,0xa314,0x95e0,0xadc2,0x2b6e,0x20e8,0x9da9,0xa632,0xa001,0x2198,
    0x2b0f,0x2900,0xa77e,0x2b03,0x225f,0xa687,0x287d,0xacc8,0x2560,0x2e10,0xaef6,0xaec7,0xae09,0xad6c,0x2ce0,0xa175,
    0x2519,0x2ce0,0xa48f,0xac4f,0xae51,0x958a,0xab49,0xacc6,0x2475,0xa8a5,0xaa3f,0xa0dc,0x2150,0x2263,0xa07a,0xadcf,
    0x24a8,0xaaaf,0x97f7,0xaa0b,0x9d87,0xa828,0x2dbe,0xa2bf,0xa8dc,0x1e67,0x22a8,0xa9d9,0xa806,0x2708,0xa7dd,0xad95,
    0xac19,0xa71b,0x1af7,0xb0f9,0xa94f,0x2cd6,0xa7d5,0xaf24,0x9df3,0xa685,0xa1b7,0xa760,0x2851,0x9ee0,0xb134,0x9da3,
    0x2ab9,0x98ae,0x2cb8,0x27df,0x2b12,0x94b7,0x986a,0x2f5b,0xa587,0xad42,0xa65e,0xa6fb,0xab3e,0x286d,0xaf26,0x25ab,
    0xac33,0x255a,0x1f62,0xa988,0x2a75,0xa627,0x2cd4,0xa4a6,0xacc2,0xa923,0x283d,0x9fb9,0x2911,0xa7ab,0x2112,0xa723,
    0xa6cd,0x2632,0x293b,0x303b,0x22b6,0xa295,0x2d93,0x9a03,0xab14,0x1c38,0x289f,0xa81a,0x15f7,0x1c52,0xa80f,0x2cfb,
    0xa7fa,0x2e13,0xae5e,0x24d3,0xac10,0x2ffa,0xaac9,0x28da,0x21d2,0xac1b,0xa51e,0xa02c,0x2af8,0xad30,0xa362,0xa56a,
    0xa8ee,0xaa9a,0xad98,0x95af,0x1eb7,0x2a10,0xa6c7,0x9a18,0x2e56,0x2481,0xa37e,0x9e6d,0x9279,0xa3a4,0x28a3,0x9ff1,
    0xada2,0xaa6b,0x1e03,0xa97f,0xa787,0x2c10,0xa7e3,0xa8cb,0xac0b,0xac68,0x99fd,0xa6a6,0x2614,0x216b,0x9b50,0xaccf,
    0xa743,0x2d07,0xa856,0x263d,0x2866,0xa65e,0xa883,0x27f0,0xac58,0x28b8,0xa67d,0x2535,0xa97b,0x1c49,0x2f21,0xaf93,
    0x2659,0x270d,0x9eca,0xaa46,0x2f6e,0xa60e,0x2ee1,0xa8ac,0xa981,0x9cd9,0xabd2,0x231f,0x2025,0x2ad6,0x2995,0x2839,
    0xa40f,0x9b6c,0xa50c,0x2097,0xacbe,0xa5ff,0x2fd7,0x96f9,0x286c,0x3029,0x2002,0xa57f,0x9af0,0xa877,0xa50b,0x232e,
    0x26e5,0xac59,0x1171,0x2e3d,0x2ef4,0xae44,0xad18,0x2639,0x302d,0x2c6a,0xac65,0xaa48,0x195a,0x2e53,0x2e79,0x2d6b,
    0xb0ad,0x2c50,0x1024,0xb441,0x2d88,0x282f,0xb081,0x2a13,0x2771,0xab33,0x22a5,0x9fae,0x1d3f,0x2de1,0xaca4,0xad5c,
    0x2feb,0xace9,0x28eb,0x29b0,0xabe6,0xa130,0xaa3f,0x2874,0x9ea0,0x2fd9,0x91f1,0x300f,0xa98b,0x0d18,0x27c7,0xaa4c,
    0x2970,0xa48e,0xa46c,0xa6f8,0x28af,0x9327,0xab78,0xa5d7,0x278b,0x2970,0x2cf2,0xa2a8,0x2618,0xad62,0xac2c,0x2eae,
    0x272c,0x20a1,0x227d,0x2c6c,0x289b,0x2c07,0xac6a,0x2d6d,0x2895,0x2bdf,0xa5bb,0x286d,0x27f5,0xa63d,0x26d9,0xab0f,
    0x2b87,0x30d9,0xa165,0xae03,0xa6da,0xa481,0x9bc2,0xaf71,0xa83c,0x2240,0x22f2,0xa6e6,0xacc4,0xad65,0x1d7e,0x3065,
    0xa5ca,0xa02f,0xa0cb,0x2f11,0xa922,0xa8e6,0x28d3,0xa9ac,0xa20b,0xa9f3,0xaaca,0xaaaf,0x15c5,0x2ba5,0x2886,0x2b70,
    0x2e99,0x2932,0x3004,0x2618,0xa705,0xab82,0xa9fa,0xaa44,0x1f30,0x29de,0x255c,0x29e1,0xad4c,0xa8c3,0x27b9,0x9fdc,
    0xa934,0xa9ce,0xa7cf,0x2d12,0x290f,0xac0f,0xa85a,0xac08,0x2885,0x24c5,0x2e5c,0x23fe,0xaeef,0x3046,0x9c24,0x2444,
    0x2577,0xa889,0xab1e,0xab46,0x2fd1,0xaaa2,0x2482,0xac3d,0xa82d,0xa6bb,0x2a90,0x91e2,0xa4f5,0x2404,0x2429,0x9acb,
    0xa61d,0x287d,0xa8c7,0xa48e,0xa61c,0x9736,0xad92,0xabdb,0x27d7,0x2375,0x294a,0xa8e0,0xaf16,0xa5da,0x2bbc,0x2940,
    0xa1c5,0x2505,0xa87d,0x2753,0xad24,0xa404,0xa4d1,0xa298,0x23b5,0x2d4f,0x215f,0xae38,0xae64,0x28e3,0x2caa,0x20e3,
    0xaa1d,0x3068,0x15a7,0xa8cf,0x206c,0xa905,0x274f,0xa9a2,0x2af6,0x203d,0x9eb4,0xa4e4,0xabfb,0xa35e,0x2901,0xac24,
    0xa73c,0x2135,0x2162,0xaea2,0x2b15,0xa5ed,0x2c1f,0xa51f,0x2dd4,0x2dae,0x2909,0xa73a,0xa928,0x2951,0xaa92,0x2e1c,
    0xa7e7,0xad55,0x944a,0xad4c,0xad2e,0xa3c3,0xa778,0xa4d5,0x1772,0xa9b9,0x2dbf,0xa963,0x3177,0x21e7,0xac54,0xa968,
    0xa5d8,0xac0c,0x8ef9,0x20a1,0xabe4,0xa791,0xa651,0xa6d0,0xa281,0xa62e,0xa03c,0x2742,0x28bb,0xab5d,0xabcb,0x2174,
    0xad18,0x242c,0x29b2,0x990f,0x9c06,0x9a8f,0x30c6,0xa43f,0xa9bb,0x2576,0x2a23,0x2ac6,0x14db,0x1f7a,0x2a99,0x2c44,
    0x1d77,0x2480,0x9727,0x26b5,0xaeb4,0xa9b8,0x288b,0xab2c,0x2571,0xa403,0x18eb,0xa7a1,0x2757,0xa115,0xa9a6,0x2a18,
    0x9bd7,0xadaa,0xa186,0xa61e,0x1bed,0xa7f3,0x272e,0x28e9,0xa9d9,0x9c93,0xad8c,0x9b91,0xa59f,0x1c89,0x2597,0xac7c,
    0x2c94,0xa3de,0x95ef,0x1b62,0xa09c,0xa0b7,0x29d0,0x2a04,0xac16,0x20cd,0x2b35,0x22e7,0xa51c,0xaae9,0xa9e2,0xa921,
    0x2234,0xaa6f,0x2738,0x1c17,0xac36,0xa246,0xab49,0x128f,0xab6b,0xa4f5,0xa841,0xa69f,0xa82b,0xa20a,0x2c6d,0x2b11,
    0x28ba,0xa780,0x16a6,0x2b60,0xacf8,0xa619,0x2d0a,0x2e84,0xa902,0x28cb,0xa8d0,0x1cd2,0x2c27,0xa754,0x9dad,0x2598,
    0x29c4,0x2c6e,0x26e7,0x22b8,0x20c0,0xabee,0xa186,0xace2,0x1f1f,0xac22,0xa85f,0xac1b,0x29f9,0xa9d0,0x2858,0x2b95,
    0x9bed,0x9d68,0x2ab9,0xabbb,0x99c5,0xa9b5,0xa495,0xb060,0x26a0,0xab85,0x2784,0x260c,0xa89c,0xa90b,0x2dac,0x27aa,
    0x2982,0x2761,0xa0fd,0xad41,0xaca3,0x2001,0xa50c,0x9d58,0xa750,0x28b1,0x2f12,0xab37,0x9f66,0x253d,0xa551,0x2a4c,
    0xa674,0xa618,0xa6d4,0xa1d9,0x2943,0xae04,0xa7a7,0x8d36,0x270c,0x198e,0xac7c,0x2878,0xacdd,0xab20,0xac72,0x20ea,
    0x28a2,0x1fcc,0x24c8,0x2510,0xa147,0x1fdd,0xac0a,0xad6f,0xade8,0x21f6,0x8bd2,0x28eb,0x972b,0xab97,0x2874,0x9e28,
    0xa80a,0x2822,0x22d4,0x240f,0xad48,0xa856,0xa311,0xadd1,0x2796,0x99de,0x25ff,0xa924,0x270e,0x2936,0xa7e2,0x9dc5,
    0x2868,0xa020,0x9492,0xa482,0x28fc,0xaa76,0xac01,0xa3b9,0xa7b6,0x2046,0xa8af,0xae2f,0xa5cc,0xa66d,0x297e,0x23c1,
    0x2a55,0xaf81,0xa20d,0xab04,0xa18c,0x15e6,0x2c32,0xa67d,0xac82,0x2d0c,0x9bee,0xa8d6,0x2004,0xa9d8,0xa9ee,0xa29c,
    0xabff,0xacba,0xab53,0xa318,0xa8c9,0x268b,0xa69c,0xacbf,0x27d8,0x2571,0x1f6f,0xa202,0x2903,0xaace,0xa879,0xa90f,
    0xa7ee,0x241f,0x2cf3,0x2637,0x2490,0xaa33,0xa4a7,0xa951,0x97d6,0x21d2,0xa6f2,0x227b,0xad5e,0x284b,0xa976,0xa77e,
    0xa9c2,0xa93a,0xa6ad,0xac21,0x2a55,0xa481,0xa3ee,0x9cb1,0xaeb9,0x1c12,0x2e0e,0x2571,0x2cdb,0x2c1e,0xa6df,0x28ba,
    0x278a,0x2b8c,0x2b40,0x2e7e,0x2ce2,0xac06,0x2d16,0x2c7d,0xa5e1,0xac0e,0x222d,0x9d6d,0x2c20,0xa59e,0xac2f,0x258e,
    0x21b5,0x244a,0xae81,0x28d3,0x26d1,0x2eac,0xa77e,0xa64a,0xac6e,0xacc4,0x2cd3,0xac83,0x2a99,0x28a1,0xa489,0x281c,
    0xa5c3,0xac04,0xacee,0x14ff,0xad48,0x241f,0x20c2,0xaf39,0x290d,0xab24,0x223f,0xa6ac,0xad3b,0x2e1b,0xa77d,0x26a1,
    0x29ce,0x2717,0x1e37,0xaa49,0x27cc,0xa518,0x2510,0x1da4,0xa44c,0xa8c5,0x29fd,0xa1a5,0xa4f7,0xa9fc,0x2555,0xa07c,
    0xa92a,0x2de5,0x1c71,0x24d8,0x26cc,0xad01,0x2bcf,0x22aa,0xa47c,0xada7,0x23a1,0x2c28,0xaa4a,0xa76b,0xa223,0xadac,
    0x243a,0xa8fb,0xabf7,0xaf22,0x2aab,0xa028,0x2a3f,0x25a6,0x2b8d,0x2b25,0x9f7d,0xac2a,0x273c,0x2c39,0x241a,0xad47,
    0xa780,0xa6f5,0x247a,0xa96d,0x2b05,0x2b96,0x9e1d,0xad43,0xa2cb,0x18ea,0x27b2,0x9efa,0xac17,0xa585,0x2bfc,0xa6b0,
    0x2dee,0x28b4,0xa945,0x2686,0xacd0,0x29c7,0x2fdb,0xa59b,0xacd5,0xa56e,0xac00,0xac6b,0x28f7,0x2059,0xa7a8,0x2380,
    0xadf2,0x2c71,0xac35,0x266f,0x2dee,0xaba3,0x2517,0xa55a,0xa9fe,0xa437,0xab78,0x9452,0x2a67,0xa7cd,0x2f3f,0xaa75,
    0x2e6f,0xa9a1,0x2367,0x2c29,0x24b4,0x28e5,0x2c2e,0xae10,0x2a78,0x242f,0x2883,0xabaa,0xab06,0x9dba,0x2d68,0x9d2e,
    0xab2b,0xa9ea,0xa559,0x2d99,0x9c4b,0xa8cb,0xb0da,0xa5ea,0xa0c4,0xafd2,0xb115,0x1f36,0xa944,0xb133,0x263c,0xb03c,
    0xa104,0xa5ef,0xa9bf,0x18b0,0x2adb,0x2cbf,0xaefb,0x2d5f,0x2816,0xa865,0x1d66,0x2781,0x94f3,0xa5f1,0x1d3a,0x27d4,
    0xab44,0xa4a1,0x2182,0x2141,0x2cde,0x2714,0x2e60,0xa61f,0x9f16,0x2873,0xa845,0xa039,0xacd7,0xa4bb,0xaafc,0xa671,
    0x2668,0xa81e,0x2982,0x2a3c,0x2558,0x297d,0xac44,0xacb7,0x25eb,0x2314,0xaf36,0x1b0b,0xaa3b,0x26dd,0x1e8e,0x2b2a,
    0xb210,0xb9e3,0xb80f,0xbc0e,0x2e06,0xb6dd,0xb537,0xb27e,0xb8df,0x2d55,0xbadf,0xb069,0xb807,0xb8a6,0xbb2c,0xb199,
    0xb8aa,0xb488,0xb644,0xbc2a,0xb7cd,0x2426,0xbcaf,0x27ef,0xb8bf,0xbaa2,0xb6b4,0xb05b,0x210b,0xab03,0xbb8c,0xbbed,
    0xb8a3,0x2df8,0xb8b2,0xad96,0xb3a3,0xb772,0xb229,0xba7a,0x3233,0xb302,0xb0cd,0x30cb,0xb001,0xb681,0xbc10,0xb864,
    0xb259,0xaa6c,0xb572,0xb166,0xad40,0xbd15,0xbb71,0x3272,0xbadd,0xb1bc,0xbc10,0xbb84,0xb681,0xb700,0x350c,0xb92c,
    0xad6f,0xa9ec,0xb62e,0xb8cc,0xba66,0xb809,0xb897,0xb994,0xb50a,0xab86,0xb7ad,0xb89f,0xb89c,0xb8f8,0xa43e,0xb903,
    0xb803,0x2191,0x380c,0xb40f,0x30a3,0xb06e,0xba68,0xbb0b,0xa826,0x2e85,0xb6a6,0xbcac,0x3039,0x2cad,0xb0e1,0x3a6e,
    0xb92b,0xb4d3,0xb550,0xb7c1,0xb81a,0x3350,0xb573,0xb601,0xbb64,0xb1a0,0xb5c6,0xb241,0xb9cd,0x3055,0x330f,0xb9b8,
    0xb856,0xb599,0x1fa4,0xbaae,0xb6cb,0xb3ce,0xb705,0xb93b,0xb955,0xb927,0xb39a,0xb16e,0xb673,0xb2ee,0xbc5d,0x2860,
    0xac27,0xb226,0x33e0,0x1dd1,0xabda,0x300d,0xa52d,0x31d5,0xaa38,0xb0a6,0xae5a,0x2e94,0x3355,0xb2a1,0x3552,0xac09,
    0xb342,0xb36a,0xb6af,0x2c2d,0x2eca,0xb236,0x23c8,0x185d,0xb3c9,0xb5f5,0xb396,0xb479,0xa702,0x2fa1,0xb4c1,0x31ed,
    0xbc11,0x8888,0x3102,0xb8a4,0xacba,0xabd9,0xafa4,0xaa23,0xb19a,0x2a44,0xb5ea,0xaf57,0x3052,0x36ae,0xb4af,0x1ec5,
    0xa884,0xab83,0xb36b,0x302f,0xb4fa,0xab4a,0xb325,0xae8c,0x368d,0xb2e4,0x32c2,0x0286,0x3280,0xaf19,0x281f,0xa867,
    0xb5da,0xa885,0xb51a,0xb17d,0xb223,0xb229,0xaa49,0x31ac,0x3850,0xac1c,0xaa44,0x30ed,0xb318,0xa749,0xa63a,0xada6,
    0xb2fe,0xac67,0x33e4,0xb2d3,0x2826,0xac08,0xb115,0x35d7,0xb530,0x343d,0x2cff,0xb353,0xb2e7,0xb095,0x35a4,0xab19,
    0xb805,0xa9b0,0xb1ba,0x34a6,0xb03d,0xa8c6,0x2c38,0xaeb7,0xa407,0xace9,0x33f8,0xb1d7,0xade2,0x284f,0xb1b1,0xaa21,
    0xb5d5,0x34a3,0xb0cf,0x3476,0x2c30,0x3103,0xb8a8,0xb12e,0x2683,0xb336,0x350b,0xadaf,0xaa22,0x2f18,0xb0e4,0x2c26,
    0x336f,0x34a5,0xb37d,0xaf1f,0x3357,0x2e66,0x2dee,0x2c05,0xb38c,0xb6b7,0xb0f2,0xb192,0x2c49,0x3282,0x33d6,0xb643,
    0x347f,0xb8d1,0xb56f,0x3552,0xbbc4,0x3316,0x1f0d,0x3742,0xb70b,0xb6c8,0x3683,0xb821,0xa912,0xae96,0xb9e2,0x2bb1,
    0xb602,0x3278,0x34e0,0x314f,0xa6f8,0x300c,0xaec5,0x34cf,0xa72c,0xbc20,0xae2c,0xa8db,0xa596,0x38fc,0xabb6,0x378a,
    0xa9b6,0xac15,0x2977,0x3618,0x218d,0xb08b,0xaf4a,0xb27f,0xb356,0xb5cc,0xb695,0xb638,0x34bc,0xb650,0xb5c9,0x2312,
    0x3c59,0x9b9d,0x3016,0x38a6,0x325c,0x3710,0xb085,0xb635,0x32af,0xa493,0xba94,0xbafd,0xb108,0x3270,0x2e66,0x28a9,
    0x3443,0xab0c,0xb4e8,0x39fd,0xaab7,0xb180,0xb58d,0x35c4,0xb82f,0x38ec,0x318a,0xacf6,0xa8ab,0x38c7,0xb5f6,0x208c,
    0x2fc3,0x318f,0xa401,0x3971,0x35d8,0x3220,0xa5dd,0xad8a,0x2db0,0x3027,0xa5d5,0x34f9,0xbb04,0x2ec2,0x30f2,0xb078,
    0xaf9a,0x30cf,0x3069,0x25e8,0x3972,0x3384,0xa6cb,0xb681,0x213e,0xac0a,0xb704,0x2f51,0x2fcf,0x3a04,0xb270,0xa1b5,
    0x3261,0x3737,0x32b1,0xb2cc,0xb2ef,0xada5,0xb41e,0xb091,0x2f0b,0xa0b7,0x2ee3,0xb46d,0x2c49,0x230e,0xb48c,0xb30e,
    0x363c,0xb9f7,0x30a6,0x31a4,0xb825,0xa6cb,0x3459,0x3157,0xb187,0xad8f,0x2e1b,0xabe4,0xb3b1,0xa671,0x383a,0xb5a2,
    0xb994,0x2c0b,0xb3c4,0x34c9,0x33d8,0xb186,0x26ed,0x359b,0x33b2,0xb51a,0xb1db,0x2f18,0x9256,0x32d4,0x3ae9,0xb56e,
    0xae25,0x9f5b,0x3aaf,0x307b,0xb14c,0x2bdb,0xb429,0x2a23,0xb7fe,0xaf56,0xb3d4,0xb2ba,0xb870,0xa9b3,0xb58b,0x35d7,
    0xba08,0x3665,0xb49a,0x34d3,0x374b,0x3c7a,0x2e70,0x30e9,0x34ec,0x2c36,0xb5f5,0xb456,0xadb0,0x31ea,0x2e8d,0x3483,
    0xa80a,0x2f47,0xb758,0x3281,0x3559,0xb283,0x150c,0xb9e8,0x3462,0x3340,0xaa49,0x3397,0xb93a,0x2904,0x3492,0x2ee7,
    0xba59,0x306a,0x2f58,0x2926,0xb2d3,0xa225,0xb32b,0x3753,0x2855,0xb626,0xb359,0x35cb,0xac38,0xa8c0,0xaffd,0x1ea9,
    0x3c98,0xb40e,0xb38e,0xabb7,0x311e,0x3560,0xb897,0x347d,0x2ebe,0x3082,0xb508,0x39b6,0x2338,0x253f,0x3780,0x3829,
    0xb369,0x2c53,0x30ab,0x21d8,0x9d52,0x9d2e,0xb527,0xb34b,0x34d6,0xa24f,0x2923,0x2e8e,0xb92e,0xaa33,0xb86a,0xad5c,
    0x3370,0xb770,0xa40b,0x2d0c,0xb7e9,0x256b,0x2ccb,0x2e17,0xb192,0x3042,0x2d7c,0xb8a3,0x3738,0x3062,0x3400,0xb482,
    0xb208,0xa4ff,0x31e7,0x37cd,0xad85,0xb094,0xb1a8,0xa772,0x2d52,0x3953,0x303b,0x2872,0x2aa5,0x3407,0xa47a,0xada6,
    0xad18,0x2731,0xb571,0xb349,0x2fc1,0xb42c,0xb273,0x2cf9,0xba03,0x2b8c,0x344b,0x3454,0x3276,0x2ecf,0xb5ef,0x2c77,
    0x2a53,0x31f4,0xafd6,0x2d40,0x37fa,0x3679,0xa945,0x2a49,0xb294,0x2f4e,0xb10e,0xb0ba,0xb0f3,0x2ba7,0xb1f7,0x344d,
    0x3606,0x2d08,0x9f74,0x306f,0x2e9f,0x2f85,0x3391,0xb8ad,0xa786,0x325e,0xb3d3,0x3072,0xb4a3,0xb44f,0x3713,0x3034,
    0x2a38,0x31e2,0xb059,0xb12a,0xb785,0xad5b,0x9f98,0x33cc,0xa8fc,0x3866,0xb267,0xb3b2,0x2d37,0xb04f,0x2180,0x2b64,
    0x2efa,0x321a,0xb319,0xba41,0x2d45,0xb1f6,0x319c,0x2bd6,0xb58a,0x3198,0xb28a,0x37a8,0x368c,0xb16a,0x3403,0x3060,
    0x315b,0xb985,0xa762,0x2df2,0x34b4,0xb4b7,0xac11,0x283f,0xb419,0x2c3a,0xb63b,0xb87b,0xb79f,0x30c5,0xadcc,0xaddd,
    0x2fda,0xb77a,0xb5ef,0xb2fc,0x3258,0xadfc,0x26f1,0xac68,0xbbd2,0x947f,0xb10c,0xb7c6,0xa4d0,0x2dc0,0xb31e,0x3788,
    0xbc81,0xb058,0xb281,0xa4ac,0xb17f,0x2b77,0x34d2,0xb602,0xb923,0x381c,0xb3b1,0xaae4,0x2e43,0x3696,0x3919,0x2cfe,
    0xb1ba,0xab92,0xb863,0x3474,0xb8a5,0xb41f,0xb43c,0xb0d7,0x269d,0xa9d5,0x31ab,0xb65e,0xad71,0x20b9,0x336b,0x3812,
    0xb886,0x2828,0xb567,0x300e,0x28a0,0x31af,0xac1a,0x31e1,0xaf58,0x2a38,0xb926,0xb086,0xb6d5,0xae4f,0xac3f,0xac62,
    0xae06,0xab8b,0x30d3,0x2973,0xb8ee,0xaed0,0x2ec7,0xb756,0x318a,0x3346,0x37c3,0xb099,0x2949,0xb444,0x3456,0x2165,
    0xb983,0x9cd8,0x2f04,0xb8b2,0xaa6e,0xaf4b,0xb0db,0xb54c,0x2942,0x2f1c,0x2e62,0xba20,0xb52b,0x28d0,0xb5e3,0xb0f5,
    0xb1e0,0xb651,0xadba,0x3051,0xb5a2,0x2cc2,0xb501,0x2eaf,0x383e,0xa8a7,0xb53f,0x2b73,0xb14a,0xb8b8,0xb70f,0x2a56,
    0x2a29,0xb315,0xb538,0x2687,0x35fc,0x20a2,0x2ed1,0xacb1,0xb453,0x3478,0xb154,0x2815,0x372f,0x28c8,0xb67f,0x2a54,
    0x3103,0xb85d,0xac0f,0x2ca8,0xadad,0xa491,0x393b,0xad70,0x3944,0x3593,0x38f0,0xb1b3,0xb06f,0x2589,0x28e4,0xab1c,
    0xb9c9,0x32cd,0xa56f,0x2f0e,0x344f,0xb2da,0xa667,0x3087,0x3877,0xbcac,0x3024,0x2a06,0xb24b,0xb611,0xb7a2,0xa22f,
    0x302c,0x345d,0x38c1,0xb325,0x2f16,0xaf56,0xb700,0x368d,0x2d92,0x3245,0xb3cd,0x3863,0x26a4,0xbac5,0xb01c,0xb1b7,
    0x3a3f,0xb3b5,0x35b4,0x3080,0xb821,0xb64e,0xb0d5,0x358b,0xb659,0x2507,0x39c9,0xb90f,0x35d2,0x2d8a,0xa517,0x17dd,
    0x2f44,0xa97c,0xb405,0xad07,0x34dc,0xb1ed,0xb31b,0x3823,0xb4a2,0xb2eb,0x3335,0x3aba,0xac52,0x34a2,0xae26,0x2ce4,
    0x2442,0x30af,0x304f,0x3c13,0x27f8,0xa804,0x260d,0x331b,0xb1b5,0x347e,0x2e54,0x3d70,0x25c1,0x30a3,0x324d,0xb441,
    0xb350,0x39e5,0x2b30,0xb14e,0xa9be,0xa04c,0x3875,0x2d18,0xb5b3,0x3427,0xb828,0xb85a,0x2c1d,0x351f,0x29e5,0xb367,
    0x2f30,0x3c80,0xb2c6,0xb82f,0x383b,0xb5f6,0xb035,0x27b8,0x2e60,0xa0de,0x364d,0xbc74,0x33ff,0x3819,0xa73a,0xbbbc,
    0x35a2,0x373f,0x2fe5,0x3817,0xaf29,0xaef9,0xaccc,0x3a27,0x3661,0x2ee6,0xb151,0xaff8,0x2c0d,0xb508,0xb3b3,0x9dfe,
    0x2f76,0xad85,0x2ff9,0x3a6b,0x32f2,0xb02f,0x383e,0x3841,0x3576,0x2edc,0x2b7e,0x281f,0xb21c,0xb5bc,0x3926,0xadba,
    0xadec,0x20f3,0xab17,0x3472,0xadb3,0x3ed1,0xb6e5,0xa8fd,0xb749,0x31c7,0xb504,0xb608,0xaf4e,0xb373,0xb32f,0xb600,
    0x3884,0xab32,0x2f46,0xb490,0x3a76,0x2c6e,0xb14f,0x3773,0x2d2d,0x2ccf,0xb4c6,0xb9b7,0x291c,0xb008,0x2ea5,0x25f9,
    0x33de,0xaee3,0x2e3a,0x263c,0x9b46,0x2fc2,0xb370,0xb6df,0x25c4,0xb7ba,0x3160,0x35d7,0x3854,0xb0b6,0xb110,0x2d11,
    0xb665,0xaf03,0xb206,0x26fb,0x38de,0xb406,0x34ce,0x2d15,0xa695,0x3af7,0x2c54,0xbc2f,0x329b,0xb1e5,0xa9af,0xb831,
    0xafc5,0x2b02,0xaa16,0xadaa,0x2f05,0xaf5b,0x2595,0xb7f4,0xb4d7,0x3145,0x2c68,0x3061,0xb613,0xb786,0xb513,0xb4a2,
    0xb1d7,0x2cb8,0xb1f4,0x36e3,0xae3b,0x2be4,0x309a,0xa475,0x24af,0xafbf,0x360b,0xb58e,0x3285,0x30a4,0xb4d3,0x297a,
    0x301e,0xba65,0x3687,0x3731,0x2409,0xb3e3,0x3041,0x316e,0x3016,0x3869,0x2a5a,0xb50e,0xae7a,0x27ef,0x37d8,0xb4e3,
    0x2f84,0xb632,0xb1ce,0xb8cc,0xb1c9,0xb3ba,0x3316,0x2cff,0x35c2,0xaf88,0xb806,0x1f37,0xa8ac,0xacdb,0x31a7,0x3062,
    0xae59,0xb023,0x33b3,0xb068,0xb884,0x2b09,0xad6c,0x35d3,0x3242,0x3095,0x2e49,0xaa46,0x2a7f,0x2b12,0x2c1d,0xb22f,
    0xb4d1,0x2ce1,0xae6c,0x2dee,0x339b,0x2c0d,0x2af7,0x2fe8,0x330e,0xb25b,0xb154,0xb00f,0x32f1,0xab11,0xb186,0xad85,
    0x3187,0x33b0,0xa366,0xb016,0x3407,0x302a,0xb1a9,0xb387,0xaff9,0x9ee6,0xaf9a,0x3864,0xb4a7,0xad05,0x3823,0xaab1,
    0xabd1,0xadf9,0xb67f,0x3599,0x32eb,0x1fb2,0xb5fb,0x3098,0x30a6,0x33f9,0x29f5,0xaba8,0xb5b4,0xae27,0xb447,0xb1e3,
    0x3b04,0x2f4c,0x31dc,0x3269,0xb277,0x3532,0xb982,0xa9ca,0xb546,0xb3a0,0x3109,0xb15b,0xb487,0xb405,0xb079,0xaff1,
    0x338e,0x3809,0xb18d,0x36ca,0xb1b4,0xabec,0xb2b3,0xb4a7,0xb92b,0xa8d5,0xb161,0x394b,0x2b74,0xb472,0xaf39,0x3757,
    0x381d,0xb4c8,0xb3db,0x3347,0x3570,0x2c77,0x33b0,0xbb20,0x3536,0xb43c,0x2cb7,0xb895,0x915d,0x2025,0xb962,0x3525,
    0xb038,0x265e,0x342a,0x3848,0xadb5,0xb106,0x2864,0xa3b2,0xad22,0xb99d,0xb636,0xaf29,0x298f,0xb41a,0xb5a9,0x31ab,
    0x2e10,0x2c98,0x328a,0xb4aa,0xa92c,0x308b,0x29aa,0xaf2b,0x36de,0x296d,0x3017,0xb1d5,0xa1e1,0x3021,0x33f6,0xa9cb,
    0xb81b,0xb38c,0xb56b,0xb549,0xb8b3,0x294e,0xb4d2,0xb3ff,0x3623,0x35a2,0x32a9,0xa5a5,0x340c,0xaed4,0xb11c,0x2daa,
    0x35ae,0xb1e5,0x307e,0xb407,0x34bf,0x2f1f,0x2ac9,0x3571,0xb908,0x21ed,0x3a94,0x3b7d,0xb485,0xa082,0x3509,0x2a5a,
    0x3741,0x316b,0xa7a7,0xb5ab,0x2e54,0xa34f,0x2c02,0xb28d,0xaf78,0xb4bf,0xb258,0xae16,0x292f,0x38ac,0x347b,0xa98c,
    0xb514,0x2f5e,0x24dd,0xb1b5,0xb0d0,0x1ea3,0xb88b,0xb49b,0x3d41,0xb059,0x2df3,0x21c6,0x2bcf,0x3556,0x3594,0x3045,
    0x2c2c,0xb257,0x3002,0xb873,0x228a,0x31f0,0x2466,0x29f8,0x3778,0x3082,0xa6f7,0x3264,0xa950,0x18ec,0xaeeb,0x311d,
    0xb7f7,0x36da,0x35ff,0x3494,0xb385,0xaebe,0x305f,0x3209,0x394d,0xb2c9,0x34cb,0xb9ca,0x2c7b,0x309b,0x365c,0xb79d,
    0x2f74,0xb598,0xb317,0xa855,0x2df4,0x26ee,0x3470,0x2e62,0x3578,0x3852,0x2c9f,0x327a,0x2af3,0xb1e4,0x3506,0x320a,
    0xaa1a,0x9828,0x2a34,0x2796,0xae8e,0x39de,0x30da,0x28a9,0xb622,0xb011,0xacfd,0xaad5,0xa483,0xb118,0xb49f,0xb103,
    0xb8da,0xb5ed,0x2760,0x322d,0x3848,0x38d4,0xb421,0x2fa5,0xb25f,0x366f,0xbba8,0x2cc3,0xafeb,0xb01e,0xb1d2,0x3625,
    0x2326,0x28f7,0xb42d,0xadf8,0x31b3,0xa6de,0xac9f,0xb428,0x36e3,0xb290,0xb9cf,0xa020,0xad15,0xbaf5,0x34a0,0xab82,
    0x33d7,0x312e,0xb696,0xb812,0x2c59,0xb31d,0xb342,0x365a,0x33fe,0xb1ba,0xb4bf,0xb088,0xb4c5,0xb715,0xa435,0xb5a3,
    0x3948,0xb182,0x34ae,0x346c,0xb1e9,0xb19b,0xb91a,0xad5a,0xacae,0x24e4,0x3217,0x33d6,0x258d,0x2dc2,0x345b,0x3621,
    0x3661,0x26cd,0x34e8,0x2bbf,0x30ee,0x2cb0,0xb0cb,0xa999,0xb47e,0xa519,0xa6fc,0x3944,0x304b,0x359a,0x2bbf,0xaf49,
    0xb579,0xba50,0xb331,0xaf65,0xa7e2,0x3005,0x253e,0xb364,0x32c6,0xb009,0xa3b0,0x2e83,0x2c8f,0xb128,0xb812,0x365d,
    0x37b9,0xb449,0xa8f9,0x3111,0x292f,0xb050,0xa9f3,0x2aef,0xaa1b,0x2ea4,0x308b,0xaf9c,0x3540,0xafb6,0x3980,0xb48a,
    0x243d,0x2d43,0x2741,0xaaa7,0xa79e,0xb4ac,0xb485,0xb145,0xb4a0,0xb41f,0x3479,0xafed,0x2d8f,0x39f4,0x9ecd,0x2d72,
    0xb941,0x337a,0xb4d4,0xb516,0xb305,0x35ac,0x3408,0x33d1,0xaeb6,0x31c6,0xa9f6,0x34be,0xb3a6,0x282e,0x34c0,0x9cf9,
    0xadef,0x9c48,0xb35b,0xb27f,0x35e6,0xb3b7,0x3446,0xb6a0,0x2e60,0xb04b,0x3490,0xa4b1,0xa105,0xb038,0xa7c4,0x2601,
    0xafe8,0x3410,0x2c96,0x3427,0xb7fc,0xa44c,0x33cb,0xb390,0x2b90,0xb424,0x98c5,0x3184,0x351a,0xb0a9,0x2e0d,0xaabe,
    0xb470,0x357b,0xb295,0xb440,0x2729,0x28b2,0xac04,0x3460,0x34bc,0x307e,0x38e8,0x316c,0x36b2,0x28ac,0x3433,0x2881,
    0x34af,0xb832,0x34a1,0x32cc,0xb35c,0x2e77,0x31f6,0xa97e,0xb8d1,0xb28c,0xb23a,0xa1a2,0xb4e8,0xb5b9,0x36c9,0x38d4,
    0xb398,0xba9e,0xa7f2,0x2d47,0x2f4e,0x2d5d,0xae64,0xb9a0,0xb8fa,0xb46d,0xa5b8,0xb852,0x9e15,0x2f55,0xb8fc,0xb101,
    0x367c,0x35a2,0x33aa,0xb2b7,0x2150,0x306b,0x28d1,0xb1e5,0xb634,0xbda8,0xa918,0x2b4c,0xa6ae,0x3415,0xb9e8,0x2ce9,
    0xacc8,0x309a,0x3120,0xb282,0xa9d6,0x359d,0x34d6,0x306a,0x3c29,0x2db9,0xb4ec,0x38ec,0x3460,0xb0c9,0x3079,0xac49,
    0x312d,0x2ca7,0xa4f7,0xb394,0xbc55,0xa8e2,0xa87a,0xb015,0xb405,0xb630,0x31c3,0xb84a,0x39c4,0x32e0,0xb0d1,0x265d,
    0x364a,0x2f07,0x3412,0x3213,0x2891,0xab56,0x2d04,0x3717,0xb0fb,0x3938,0x3b87,0x3944,0xb02d,0x35ab,0xb60b,0xad7b,
    0xa8c3,0xb064,0x37ef,0x37d9,0x340b,0x2e75,0x2e8b,0xb21f,0x1ea3,0x33e4,0x33cb,0x3a7e,0xb824,0x355c,0xb408,0xb1b7,
    0xb4c8,0x34cd,0xb3d6,0x2c89,0x3275,0xb034,0x3282,0x3596,0xad29,0x2ec5,0x3284,0x2773,0xb410,0x3489,0x3548,0x302a,
    0xaf5d,0xb89c,0x27a4,0x30be,0xaa87,0x319c,0xb000,0xaefd,0xb868,0x2557,0xb493,0xb07d,0x320e,0xabac,0xb37f,0x2ff7,
    0xb3e3,0xbc79,0xaec4,0xaa7d,0x2c2c,0xaca6,0xb029,0xb2bc,0x3443,0xb41e,0x2f96,0x2f5b,0x30e1,0x2b2f,0x393d,0x34c3,
    0xb7cd,0xab1f,0xb1f5,0xab03,0x3168,0xaed9,0x1ff4,0xb80a,0xa0e5,0xb4c7,0x33fd,0x2477,0xa6bb,0xb6bb,0x2d83,0xb4d1,
    0xb3f6,0x9e82,0x3904,0x37bb,0x2c88,0xb7bf,0x3047,0xadab,0x3c14,0xb2a8,0xb73e,0xaa59,0xad2e,0x39fd,0x2e47,0x2f7e,
    0x33ec,0xb4ce,0xb507,0xb06f,0xbc21,0xb814,0x3085,0x2917,0xb5e9,0xb01a,0x33de,0x254f,0xb761,0xb4fc,0x303a,0xb476,
    0xb57d,0x230b,0x3054,0xb165,0x333e,0x2af0,0x26a8,0x3889,0x3131,0xba2e,0x34e2,0xb7d6,0x2a16,0x335c,0x36d2,0xabaa,
    0x30cd,0xa31d,0x3225,0xb254,0x2885,0xab72,0x2931,0x2c67,0xb030,0xb610,0xb165,0x3bc5,0x3865,0x2ad5,0x2482,0xafce,
    0xb460,0xacac,0xb49d,0xaea0,0xad08,0x34b5,0xb730,0x23ba,0x3850,0xabce,0xb48a,0xafa6,0x1f54,0x2b89,0x3473,0xb76f,
    0xb39f,0x33e6,0x309e,0xae85,0x373d,0xa389,0x31ff,0x2bf7,0x34ff,0xb1ae,0x2f80,0x2c07,0x2a9f,0x33c4,0x2e5d,0xb825,
    0xb510,0x2aa2,0x30c2,0x37d9,0xaf8b,0x203d,0x31cd,0x372d,0x3884,0xb1d1,0x370f,0xb830,0xaf4c,0xb50e,0x348a,0xaeb0,
    0x289e,0xb2bc,0xb11f,0xaa4d,0x28cf,0x30e1,0x2c8b,0xb14f,0x3397,0x3241,0x2910,0xb0b5,0x31a9,0xb188,0x2c07,0x3273,
    0x32da,0xad5b,0xab84,0xa9eb,0x317e,0x3043,0x30ad,0x29a6,0x350d,0x31e2,0xb02d,0x2f42,0x2c08,0xa8fa,0x3418,0xa60d,
    0xacc3,0xad65,0x3195,0xa6cb,0x30b4,0xb2c1,0xac89,0x35dc,0xb64e,0xa63d,0xb51f,0x3216,0xa8c0,0xb064,0x27b0,0x3400,
    0xb390,0x2c47,0xb293,0x1edd,0x9dd6,0xb513,0x2d7e,0x39c1,0x1b7e,0xaee8,0xae86,0xb9fe,0x3a6d,0x342f,0xabd7,0xad8b,
    0x3019,0xad6f,0xb147,0xb4df,0x34d4,0x2a0e,0x357e,0xb710,0x3010,0x3752,0x31e7,0xb482,0x3989,0xae6a,0x311d,0x3678,
    0x2110,0xb058,0x3327,0x31a9,0x35f9,0x3001,0x38f2,0xa906,0xb7e8,0x30fc,0x306e,0xb7c5,0x281e,0xb16a,0xa865,0x21fd,
    0x35bf,0x3873,0x30ca,0xae7b,0xb4ce,0xaf3d,0x3476,0xb2c1,0x343f,0x3004,0x3357,0x37cf,0x32fc,0x2edd,0x3622,0x2fa4,
    0xab0f,0x3a84,0xb081,0x3612,0x37fd,0x9f93,0xb52b,0x38ae,0x3475,0xb740,0xb657,0xb5d8,0x2ea1,0xb5ae,0xab86,0x361a,
    0xb50c,0x332c,0x35b2,0x39b7,0x2ff6,0x1f83,0x397d,0xb342,0xb82f,0xa410,0xb5c4,0x3280,0x9bb8,0x330b,0x347d,0x2780,
    0xa96b,0x2f29,0xb953,0xb4a8,0xb4c5,0xb843,0x2edf,0xb205,0x3342,0xb10c,0x3718,0xb2cb,0xb66e,0xb8fb,0x3999,0x1d9b,
    0x2fca,0x22e9,0xb612,0xb567,0xb992,0x3595,0xb528,0xb633,0x3860,0x3730,0xac8a,0xb178,0x2c18,0x9663,0x3071,0xa2ba,
    0xb5b8,0xa56c,0x34ef,0xb302,0xb1b6,0x2888,0x3636,0x3b9b,0x9641,0x27f8,0x39f7,0xb618,0x3920,0xadf5,0xb86a,0xb208,
    0xa79b,0xb1ce,0xade0,0xb7c9,0xb6a7,0x3114,0x3767,0xb4e9,0x1a4f,0x3423,0x39bb,0xbec4,0x37cd,0xb30e,0xa8e5,0x345b,
    0xb2af,0x2c94,0xa6b8,0x370a,0x3407,0x3511,0x39ba,0x310c,0xa84d,0xa744,0x3aac,0xb50c,0x344b,0xaffa,0xb510,0x2c08,
    0x3638,0x37ed,0xa866,0x368c,0xb88a,0xb06a,0xa129,0x2e9f,0xb5e4,0xb3a5,0x2a41,0xad8f,0xafd7,0x30a4,0xb4f6,0x382a,
    0x35d6,0xb9c5,0xad6d,0xb115,0x32bf,0xb399,0xb1a7,0xb50d,0xb845,0x2b2f,0xb7e4,0xb8c3,0x34e9,0x350a,0xb296,0x2833,
    0xb8f0,0x385b,0xb08c,0x26ec,0x2888,0xa702,0xb66c,0xb588,0xb6c1,0x2e22,0xb8e1,0xb66a,0x305c,0x3c2a,0x39e7,0xb3f7,
    0x3002,0xab7f,0xa48c,0x31c6,0xb97c,0x36e9,0x28b8,0xb4e1,0x3008,0x2bf7,0x32a4,0x3478,0xb515,0x305c,0xaf1c,0x2f79,
    0xb859,0x3386,0xba9d,0x2eba,0xb9be,0x32a6,0x25e0,0x3463,0x2921,0x9c9c,0xb873,0x2f6f,0x3482,0xa867,0xaf0c,0xb1b7,
    0xb344,0xafc5,0x30b5,0xa727,0xb86e,0x3209,0xac1f,0x3570,0x2c4f,0x3b15,0x25b6,0x34c9,0xb7b6,0x230e,0x34e1,0xb12a,
    0xaa23,0x35ac,0x3070,0xb2c4,0xbaa0,0xa0cf,0x35d3,0xb702,0x320f,0xa273,0x35a0,0xba4c,0xb9f1,0xb73d,0x2c96,0x30a1,
    0x2dd7,0xb4cc,0xb52f,0xac4f,0x2d55,0x2e6d,0xb669,0xaf2c,0x38e1,0xb4a7,0x341f,0xa637,0xb93c,0xa715,0xaf92,0x3b66,
    0xb005,0x38b2,0xb66d,0xb410,0x33d1,0xaf80,0x2935,0x2b83,0xba01,0x9f14,0xac73,0x2518,0x3403,0xb16e,0xb290,0xb9bc,
    0x32c1,0xbc18,0xb0d2,0x359a,0x29de,0xb424,0xb055,0xaec5,0x3605,0xb40b,0x3091,0x2498,0x2c02,0xac32,0x3848,0x35c4,
    0xb71e,0xb0f6,0xa9ad,0x21d8,0xb293,0x3412,0x35a5,0xbab0,0x367a,0x305b,0xb45b,0x3122,0x2449,0x316d,0xb868,0xa8b5,
    0x2851,0xa809,0x3700,0x3246,0xa83f,0x3b47,0xb48e,0x14e7,0x3170,0xaf82,0xb5f4,0xaf62,0xaaab,0x391c,0xb11b,0xaf2a,
    0x2d51,0xb87b,0xb100,0x305d,0xb9fe,0xb8ee,0x2d55,0x39a6,0x3346,0xb201,0x37a6,0x3198,0xb5b8,0xb3c6,0x1c64,0xb964,
    0xb6b8,0xb25f,0x2c9b,0xb308,0xa833,0xb224,0xb2fd,0xbb31,0x2b3c,0xb9e9,0x38cb,0xb639,0x3316,0xb5a5,0x2618,0x2ee2,
    0x35bd,0xb290,0x2499,0x3c45,0xba15,0xaf0d,0x33b9,0xb397,0xb272,0x376f,0x2a7a,0x397c,0x3b79,0x2610,0x2f99,0xb521,
    0xb9fd,0xb268,0xb562,0xb818,0xb67d,0xaa53,0xb70b,0x27cc,0x3346,0xac5f,0x357b,0x3632,0xb43c,0x34d6,0xb12a,0x2f9a,
    0xb482,0x3662,0xa1e4,0x3408,0x3445,0xac92,0x2c43,0x2d0f,0x2ba2,0xb43d,0x2e64,0x3393,0x35f3,0x34b2,0x356f,0xafd4,
    0xb822,0xbc93,0xb6c1,0x36a2,0x358e,0xa596,0x8f20,0xb754,0x31e6,0xa254,0xb432,0x3026,0x32f3,0x359b,0x360f,0x389b,
    0x3c90,0xb54a,0xb219,0xb42e,0xa46f,0xa304,0x2e13,0x3438,0x3695,0x3204,0xb72f,0xb3ea,0x331a,0xa723,0x38ae,0xa027,
    0x3147,0xb0cb,0x35b4,0x2d45,0x2ec9,0xb31c,0xaf99,0x2ec1,0x2b6c,0xb36e,0xb408,0x194b,0xafcc,0x36d5,0x2988,0xad6a,
    0xa62c,0x3447,0x372c,0xb34d,0xb832,0xbd23,0x3432,0x3560,0x358b,0xac6e,0x331a,0x39ba,0xb491,0x2db4,0x387b,0xbadb,
    0xb16c,0x2f24,0xb4b9,0x32a7,0x3670,0xb1d1,0x2b05,0x3a3f,0x2e08,0xb1eb,0xb262,0xba32,0x3672,0x3682,0xa422,0x1ea8,
    0xb839,0x310f,0x3591,0x3980,0xb6d7,0xaeb7,0x2dd8,0xaa57,0x2864,0x2acc,0x1e7c,0x39b2,0x391f,0xaa7d,0x3988,0x3254,
    0xb5f5,0xae52,0xb095,0x2f83,0x2c95,0x2f38,0xb54e,0xb4cf,0x3950,0x2aed,0x269b,0x3131,0x274e,0xb472,0x32ef,0xb3c0,
    0x3586,0xb6ff,0x350a,0xac90,0xb679,0x1974,0xb016,0xad3f,0x33bb,0x37fa,0x3089,0x2fd9,0xb3c5,0xaf73,0x2e60,0x3ac1,
    0x31ac,0x3d73,0xacf0,0xaf14,0x2162,0xad8d,0x216f,0xa694,0x37b3,0xb55d,0xb686,0xa5d6,0x329e,0xb1fb,0xb5b2,0x36c3,
    0xb1f9,0x347d,0x32e7,0x3813,0x2d18,0x3416,0x34b4,0x32e1,0x32e5,0x3c00,0x2dc4,0x3678,0x284d,0xb81c,0xb422,0xb52d,
    0x0be8,0x2df4,0xaf99,0x2d12,0xb6ec,0x2c6f,0x3084,0xa259,0xb8e9,0x20d9,0xa649,0x26c0,0x30b2,0xb3f6,0x2fc5,0xb347,
    0x30d1,0xa12c,0x2d5c,0xaf26,0x3392,0x35bc,0xb536,0xb166,0x30fa,0x3656,0x303c,0xb44f,0xacfb,0x2d9f,0x3116,0x20f6,
    0xb5c5,0x2cfc,0x2e45,0xafe2,0xac86,0xb274,0x35f6,0x3411,0x9d5a,0xb476,0xaa34,0x3728,0xb4a9,0x3626,0x35ee,0xaca3,
    0xb5cf,0xaeff,0xb408,0xbcbf,0xb6b2,0xa83d,0x9d26,0x3057,0x331e,0xa4c1,0x2e83,0x2dca,0xbacb,0xb02b,0xb44c,0x2d20,
    0x2e4d,0xb916,0xaf02,0x2df9,0x33dd,0xa017,0x241b,0x306a,0x1696,0xb1aa,0x2c1b,0x344f,0x21d9,0xb2ec,0xb025,0x3052,
    0xaaa0,0x32a4,0x34d9,0x3134,0x3656,0x2bda,0x2b32,0x2da0,0x3186,0xaa0a,0x2c1e,0x3158,0x289d,0xb3eb,0x317d,0x38ed,
    0x31f2,0x3baa,0x32f5,0x3660,0xafe9,0x2d0f,0x2fb6,0x3793,0xb403,0x35c5,0x3291,0x14ab,0xa9d6,0x365c,0x372b,0xb444,
    0xac91,0xaef0,0xa925,0xb6a8,0x3145,0xac67,0xb881,0x27c3,0xac1d,0xb0a1,0x2dcd,0xb6d0,0x2937,0x348b,0x1df2,0x2f89,
    0x2a4b,0x28cd,0xb6bc,0xad06,0xaa5c,0x3136,0x9a24,0x9f98,0xb620,0x3242,0x30ed,0xade1,0x29dd,0x3890,0x330a,0x2fa3,
    0xb53d,0x2f97,0xadca,0x2fc2,0x3674,0x288d,0x34e9,0xac93,0x2c28,0x950f,0xb622,0xb017,0x24e6,0xb0af,0x182a,0x200a,
    0xb3d1,0xaf96,0xacae,0x1c07,0x308a,0x2b84,0x27b1,0x3a70,0x26b4,0x301a,0x2e23,0x3059,0x2f4c,0xb408,0x37f7,0xab02,
    0x288b,0x3421,0x3006,0xb719,0x2fd8,0x2c44,0x20af,0x379d,0x30bf,0x303f,0xaba4,0x228d,0xb89c,0xaeab,0xaa30,0x3803,
    0x358b,0xb20a,0xad4f,0x3663,0x2c9d,0xaf82,0x37fc,0x2e69,0x29aa,0x2c5e,0x26bc,0xbb91,0xadd9,0xb415,0x25ae,0x2b15,
    0xba2a,0xaa60,0xb706,0x3557,0xb4b2,0xb01e,0xb4bf,0x306d,0x28ad,0xb72d,0x381b,0xb0f6,0xb83a,0xac9c,0xb41c,0x34a1,
    0xb697,0xb487,0xa047,0xa8d9,0xba26,0x9d6b,0xa7a4,0x30aa,0xb962,0xaaf6,0xaca2,0xb242,0x2fe0,0xb070,0xb40c,0xb1e5,
    0xb35d,0x2ee5,0xa994,0xbbf2,0xa885,0xb44d,0xb6e6,0xb576,0xb4cb,0xb8b7,0xb82e,0xb588,0x2308,0x3765,0x286c,0x3760,
    0xa8e1,0xae83,0xb8c0,0xb29b,0xb465,0x36d0,0xb29b,0x90a3,0xb541,0x2dfe,0xb258,0x2a8b,0x93e3,0xb0d5,0xaf89,0x2060,
    0xab2f,0x33aa,0xb3f5,0xb4d9,0x39d4,0x3205,0xa760,0xb88f,0xa960,0xaf96,0xb1c4,0xb6e2,0xb060,0x2b3d,0xa84e,0x31bb,
    0x3498,0x2710,0xb13b,0x336c,0x2843,0x28eb,0xb442,0xb440,0xb220,0xb26b,0xb05f,0xb966,0xb8c2,0xb483,0x2abe,0xa442,
    0xb4ab,0xaedc,0xb0e7,0x289d,0xb075,0x31d4,0x34e3,0xad99,0x2621,0xac13,0xb178,0x365e,0xa780,0xad10,0xaf6b,0x35df,
    0xb93a,0xb06e,0xa946,0xa7dd,0x365b,0x2b6a,0x3517,0x21d9,0xb3c5,0xadac,0x2741,0x2fe2,0xa406,0xb404,0xb70d,0x3647,
    0x3512,0x352d,0xac19,0xabdd,0x308a,0xb122,0x318e,0xb577,0x3836,0xab2b,0x3868,0xb5e7,0xb8f6,0xae2e,0x2da4,0xb51a,
    0x33b1,0xb5ed,0x36fb,0x3678,0xb04a,0x2f28,0xaa26,0xb180,0xb47e,0x2e08,0xaf47,0x26dc,0x3467,0xb2fa,0x2609,0x333a,
    0xb87d,0xb00c,0x340b,0x3453,0x3034,0xae3c,0xb976,0x3476,0xac60,0x343a,0x35be,0x9b4d,0x24c2,0x32c2,0x3670,0xa48f,
    0xb153,0xa44f,0x34ae,0xbb48,0xb377,0xb109,0x255e,0x3438,0xb02a,0x3003,0x2af6,0xadb2,0x34bd,0x321c,0x3283,0xa645,
    0x36ae,0x2649,0x2ccb,0xad9b,0x36ac,0x3076,0x3207,0x36e9,0xb56a,0xae7f,0xb288,0x331d,0x390a,0xb23e,0xac09,0x2c46,
    0x35ce,0xb4d6,0x32cf,0xa52c,0xa7df,0xb13e,0xb630,0x309f,0xa6ea,0x35f1,0x37c4,0xb8d7,0x3d76,0xb44a,0x2bd9,0x2b59,
    0x2a12,0xb404,0xb20e,0x305f,0xad80,0xa8ab,0x3419,0x346f,0x2912,0x395b,0x3603,0x2234,0xb78e,0xacc7,0x239b,0x34fb,
    0xb134,0xb4a1,0x2bef,0xb0c5,0xb0ab,0x1756,0x3626,0x2fb9,0x2af5,0x30f3,0x2c29,0xb130,0x2a4f,0xb768,0x316a,0x1a97,
    0xb474,0xb265,0x3a2b,0xb850,0xae77,0x33ca,0xaee0,0xb2cd,0xb830,0x34cf,0xaf7e,0x3adf,0x38dc,0x2adb,0xb788,0x3231,
    0x34f8,0xac25,0xb892,0xb843,0xaf66,0x2d3f,0x3189,0xb3d5,0x393b,0x2cb5,0xaa71,0x2f68,0x32ff,0x29f3,0x2f50,0x256c,
    0x36b3,0x31b3,0x35c8,0x2ce4,0x327a,0x319e,0x1f3d,0x34dc,0x2d20,0xb958,0x35cc,0xb212,0x3049,0xb256,0x304e,0x37e7,
    0xa900,0x2d2e,0x31f3,0xb015,0xb259,0xbe05,0x2dd8,0xb126,0x2b7b,0x2c61,0x3388,0x2c4b,0xab9a,0x36d2,0x36bf,0xad11,
    0xb1ba,0x3023,0xb66d,0x3276,0xa95b,0xb401,0x17d3,0x2e63,0x2177,0x31f2,0xb2cf,0xb087,0x3769,0x3500,0x3005,0x2009,
    0xb7f2,0x3523,0x39aa,0xaf43,0x3414,0xb14a,0x3834,0xadf5,0xafe8,0xae8b,0xb7d0,0xb748,0x31ab,0xa6b0,0x3868,0xb04a,
    0xad89,0x325f,0xb49f,0xb44b,0xb81c,0xa838,0xa360,0x3911,0xadfd,0xb0c4,0xabab,0x3841,0x349e,0x387e,0x3170,0x2c37,
    0x26c1,0x3496,0xb6c1,0x3393,0x31ff,0xb625,0x2d16,0x2e0b,0x35f3,0x30c4,0x215e,0xb8c4,0x360d,0xb0a3,0xb32e,0xb52c,
    0xb6fa,0x3461,0x301f,0xb717,0x39c9,0x2ea3,0xb194,0x2c19,0x357d,0xb163,0x3131,0xb5ef,0x2607,0x345a,0x32cd,0xb761,
    0xb4ec,0xb0ed,0x2dad,0x3347,0xb4ac,0x3054,0x2db7,0xb3da,0xbb40,0x2356,0x316f,0x3c27,0xb4ed,0x31e9,0xb38c,0xb351,
    0xb22b,0xb023,0x36eb,0xb88a,0xb2d2,0xb167,0xb596,0xb0c7,0x369f,0x3a3c,0xb6c5,0xb1dc,0x2cae,0xb373,0xb40c,0x2cb0,
    0xb10f,0x24e6,0xb92b,0xa66f,0x30c0,0xb3ea,0xb1b6,0xa844,0xb941,0x1eb5,0x318c,0xb575,0x3063,0xb4f7,0x34c8,0xb078,
    0x2fe1,0x314a,0x3073,0xb4c1,0xb098,0xaf98,0xb689,0xb622,0x387c,0xb886,0x3501,0x2e3e,0xb61a,0xa7a6,0x3650,0xac1a,
    0xb544,0xa8e2,0xb607,0xa4f8,0xa230,0xb344,0xa8b6,0xa607,0x2ea2,0x3779,0x35fa,0x3864,0x38a3,0xb422,0xb4f4,0x21e9,
    0xbb5a,0xb079,0x3207,0x247e,0x38a2,0x2cbb,0x3125,0xb79d,0xa85a,0xaee6,0x286f,0xb839,0x23d0,0x34a7,0x281f,0x3ac1,
    0xadf2,0xb051,0xb1f2,0xb018,0xb2dd,0x3318,0xb541,0x2cc6,0xb60d,0x3184,0x3006,0xb663,0xa7ac,0xb15b,0x337f,0xa7ac,
    0x330b,0xada2,0x309f,0xb11b,0xadbc,0x3844,0x2b79,0xa8b3,0x2cb1,0x3142,0x265e,0x396a,0x351d,0x3368,0x3a85,0xb526,
    0xbabc,0xb83a,0xb1b0,0xb895,0x2f69,0xacbf,0xacc4,0x366e,0xb6a9,0xaed7,0xb974,0x35e6,0x25d8,0x2c45,0xb20c,0x3200,
    0xb451,0xa8b5,0xb217,0xa4c4,0x23eb,0xaec3,0xb252,0x155e,0x3726,0x36f0,0xaafd,0x379b,0x2535,0xaf12,0x38e6,0xb633,
    0x2e37,0x2d0d,0x2e9d,0x2f19,0xb5f7,0xb912,0xa524,0xa83a,0x2bee,0xaf79,0xa7f6,0xb53a,0xaa10,0x3396,0xa7fd,0x292a,
    0xb8f9,0x252e,0x32a5,0xb61f,0xba4d,0xa62b,0x3417,0x2e78,0x28cd,0x2db9,0x37df,0x37fa,0xb57d,0xa52f,0xab16,0xa9c3,
    0xb8e2,0xb29c,0x3138,0xa958,0xa9e3,0x2331,0x31ee,0x343a,0x3624,0xb13c,0xb445,0xae69,0x2e41,0xae81,0xaec8,0x1ed3,
    0xb90d,0x31ff,0x1c46,0xa290,0xb8b4,0xb3ea,0x328b,0x30a9,0xabfd,0x3022,0x2c68,0xb3c2,0x3492,0xade7,0xb54b,0xb063,
    0xb455,0x2e3d,0xb04f,0x2dff,0xb262,0x2852,0xb3be,0x300d,0x34cb,0xad87,0x28e3,0xb83a,0x3128,0xb646,0xb14a,0x3206,
    0x3142,0xa8a9,0x894d,0x2667,0xb1b3,0xb872,0xb1ed,0xaca6,0xa168,0xa523,0xa196,0x29b8,0x3855,0xb603,0xa74e,0x3756,
    0xae81,0x31e6,0x3438,0x35ca,0x356e,0xb114,0xa651,0x2371,0x29e2,0x2dc0,0x26ff,0x3828,0xb3d4,0x2d75,0xb522,0xb4d8,
    0xba0b,0x2aca,0xb427,0xb7a6,0x3171,0xa0e2,0xb4c8,0x303c,0xa25c,0xbcdc,0x344e,0xb621,0x30a1,0x3192,0xb9cd,0x9ce7,
    0xb25e,0xa0ab,0x29e1,0xb13b,0x2e10,0x2b1b,0xb47f,0x2cf2,0x332e,0x2fb5,0xb8e7,0x347a,0xb34d,0xb880,0x330c,0xb367,
    0x307f,0xa903,0xb69c,0xaf47,0x3848,0x2a6d,0x2ff1,0x343c,0x3255,0x27b6,0x3976,0xa938,0x3438,0xa5e6,0xa446,0x30f2,
    0xabce,0xaa2b,0xa070,0xb676,0xaac6,0xb490,0xaf70,0x3350,0xb551,0xb66b,0xb844,0xb888,0x24cf,0x2b06,0xb25a,0xb373,
    0x3263,0x29c9,0x323c,0xb9a1,0x30f6,0x2b2f,0xb251,0x3750,0xafd3,0xb364,0x34cd,0x3289,0x3318,0x34e5,0x300c,0xb331,
    0x8a23,0x2ddc,0xb02d,0x33cd,0xb030,0xb4da,0xafe5,0xae40,0x2521,0xa8e3,0xb353,0xb958,0xb2c4,0x3593,0xb96b,0xaf7f,
    0x2932,0x3535,0x2ed5,0xb2d4,0x380f,0xb004,0x305d,0xb4d0,0x37d3,0xb65f,0x3530,0xb477,0xbada,0xa90c,0x3017,0xb71f,
    0xb68a,0xb7fd,0xacbd,0xb2cb,0xba29,0x2c01,0x299a,0x3884,0xba63,0xb64a,0x3219,0xb4c7,0xb080,0x2e0b,0xb0f1,0xac29,
    0xb467,0x2ba1,0xb162,0x222f,0xad68,0xab91,0x3651,0xb519,0x3a05,0x306a,0x38df,0x2e9b,0xb05f,0xaf51,0x36c5,0x2fd8,
    0x2eda,0x2694,0x300c,0xa882,0x3128,0x3d58,0xaf6a,0x2915,0xb072,0xb8e2,0x30af,0xb341,0x2abd,0xb608,0xb2f4,0x2ee5,
    0x35b3,0x344d,0xb11f,0xb5a4,0x25b6,0xae68,0xb3ab,0xb9a1,0x3640,0xae34,0x36b2,0xb047,0x3299,0xb676,0x2e1a,0xb707,
    0x35a6,0xb55c,0xbb37,0x3203,0x324f,0x2e0d,0x2d8f,0x34f0,0x343b,0xbc78,0x36fe,0x3c91,0xb77a,0xb4de,0xaf4f,0x2f12,
    0xb025,0xb01e,0xac8b,0x398a,0x3381,0xad30,0xb33b,0xa530,0x306d,0x3888,0xb331,0x3605,0x36e2,0xb0e8,0x34ee,0x390c,
    0x360b,0xb675,0x3426,0x3445,0x3043,0xb441,0xb69a,0x31e4,0xaf97,0x355a,0xb43b,0x3aea,0xb622,0xaedf,0xb5b2,0x3173,
    0xb9b6,0x2f88,0x3719,0xb2af,0x3762,0x2f69,0x303f,0x3001,0xb36b,0x34df,0x3ba8,0xb73f,0xafd0,0xb3f6,0xb6d7,0x3114,
    0x3053,0x3a64,0xb176,0x39d8,0xaee0,0x3268,0x3183,0xa5ec,0xbba9,0x3211,0x24f6,0x359a,0x2ea9,0xb622,0x3abb,0xb16f,
    0x360a,0xb094,0x36f1,0x2606,0xb50b,0x2e95,0x32a3,0x2f9c,0x3327,0xb79e,0xa1e7,0xb54b,0x3468,0x34c2,0xb864,0x3722,
    0xad7e,0x29d0,0xb868,0xb94f,0xad43,0xb02d,0x3020,0xaa75,0xb70f,0x28e9,0x3335,0xb424,0xac84,0x38ef,0xb127,0xb3d9,
    0xb657,0x32b3,0xb783,0x3418,0x3ae8,0x35d2,0x3048,0xb578,0x2c2d,0x3091,0x3847,0xaa31,0xab17,0xade4,0xadbe,0x3271,
    0xb209,0x3358,0xb6ab,0x3020,0x37bf,0x1c67,0x385e,0xb22c,0x3372,0xb66a,0xabbc,0x3c48,0xb519,0x306f,0xb3fd,0xa721,
    0xb27f,0x32b2,0xb0a7,0xad29,0xb806,0x33ef,0x2eb6,0x3af4,0xa9c7,0xae27,0xb1f6,0x3702,0x35ce,0x2fae,0x3948,0x2cee,
    0x39e1,0xb34d,0xada7,0xace3,0x37cf,0x2fb5,0x3835,0xa497,0xa672,0x2bac,0xb69c,0xb4e8,0x374d,0xb8fe,0x3525,0x273d,
    0x29e9,0xb572,0xb063,0x30e0,0xacf8,0x2b09,0x9eb2,0x3490,0xb8c7,0x308b,0x163c,0x3720,0x2d1b,0x2c6d,0x29dd,0x3486,
    0xb168,0xb3b2,0x333e,0xb50c,0xb71a,0x293f,0x34ce,0xb536,0xa6d7,0xb544,0x32a9,0x3577,0x2f87,0x30d2,0x393c,0x3619,
    0xb66f,0x3879,0xb40d,0x3138,0x34f0,0x30b9,0xb50a,0x2a63,0xae08,0xb4e7,0xa921,0xa96a,0x3301,0x2dde,0xafb8,0xb5a0,
    0x297c,0x1c2b,0x386d,0x352a,0x33f8,0xb5c1,0xaaba,0xa9c6,0x25ca,0x2d8e,0x2945,0x3332,0xade7,0x3b3a,0x35ab,0xae49,
    0xad8f,0x3435,0x2af8,0xb0cd,0x364e,0xa45d,0x3355,0x2fb2,0xb189,0x3170,0x3343,0x24ce,0x27a0,0x344a,0x328a,0x2c90,
    0x3502,0x3369,0x3439,0x30f2,0x2eaa,0x2573,0xb463,0xbae4,0x3535,0x33c7,0x2c5d,0xa84d,0xb363,0x38b0,0x350b,0xb187,
    0xb58f,0x371b,0x33ff,0xb534,0x36ba,0x1ecf,0x303f,0x314d,0xb0b2,0xb6d3,0xa75d,0x3ce9,0x3cce,0xb114,0xb50c,0xb9ff,
    0x38bf,0x322c,0xa6c0,0xaf88,0xb08c,0xaeda,0xb804,0x323e,0x381d,0x2abd,0xb00d,0x3290,0x375c,0x341c,0x39e2,0x2909,
    0xa608,0x2def,0xb1db,0x30c3,0x3751,0xb533,0x2978,0xabd9,0xb161,0xb2f4,0xa438,0x23d9,0xaea9,0xad61,0xb537,0xb800,
    0xb763,0xb40f,0x2329,0x3633,0x29e5,0xb051,0x31f6,0x2e1a,0xb499,0xa822,0x3487,0x2d25,0x2225,0x3324,0xaccd,0xae14,
    0x3c60,0xa896,0x2d86,0xb49a,0xb46c,0xa156,0xad9b,0xb3c6,0x34bc,0xb45f,0xb702,0xb111,0x2eff,0x32f4,0xbbb0,0x35e9,
    0xad53,0xb1dc,0xb908,0xb516,0xb701,0x32ce,0xac22,0x3152,0xb55a,0x351b,0xaffe,0x25d8,0xb4d8,0xb3ee,0xa606,0x2657,
    0xb147,0x2413,0x359b,0xac7f,0xb9ab,0x318e,0x3030,0xb50c,0x3477,0x32b2,0x2978,0xb786,0xb5ff,0xab8b,0x3039,0x37db,
    0x3042,0x3178,0xb812,0xa576,0x2e9b,0xb632,0x340a,0xb885,0xaf40,0x3853,0xb83a,0x2c7f,0x317d,0xb527,0xaf6e,0xae88,
    0x38d8,0x2c2d,0x333d,0x36d4,0x394b,0xb13f,0xb2ee,0x3787,0x2d6c,0xb2c1,0xb407,0x3c8a,0xb6dc,0xb1f6,0xb3fd,0xb08c,
    0xb3b9,0xb5a9,0x2e4d,0xb473,0x36d8,0x3220,0xb4fb,0xb2cc,0xb06e,0x088d,0x3376,0x31d4,0x3744,0x303c,0x3095,0x35f9,
    0x38b2,0x3753,0x2e6e,0xb876,0x38f4,0x2eaf,0x34ae,0xb565,0x37ad,0xa960,0x353c,0x2ac5,0xb83d,0x2e86,0x3816,0x1ad2,
    0x3086,0xb768,0x38ea,0x3600,0xba5f,0x2c3c,0xb093,0x3c3d,0xb7f3,0x3419,0x2e6d,0x2506,0x3694,0x36ba,0x3b65,0xb7de,
    0x2dbf,0x2614,0xba36,0x272b,0x3582,0xb485,0xbb43,0xb760,0x381e,0x3699,0xb3e2,0xa039,0x346b,0x3386,0x3bef,0xb02e,
    0xac3d,0x304d,0x3a7a,0x35be,0xa4a9,0x315a,0x3708,0xb3ce,0xbc56,0x9a4a,0x2e31,0xb369,0xb2c8,0x33c0,0xb149,0x210b,
    0xaa09,0x337b,0x296e,0xb5fc,0x38c7,0x3c49,0xab51,0xb224,0x3127,0x34a6,0xba0e,0x259e,0xb950,0xa385,0x2a50,0x36dd,
    0xb1a2,0xb1d2,0xa454,0x38fc,0x24fd,0x32ce,0x2eb5,0xb9be,0xb025,0x39e9,0x3b1d,0x306d,0xb491,0x36db,0x36a0,0xae84,
    0x339a,0x2ec8,0x2a2f,0xafc8,0x3420,0xb4de,0x31ab,0x376d,0x2886,0x3515,0x3440,0x374c,0xb4c1,0xaa8f,0xba3e,0xb1de,
    0x3a73,0xb559,0x34b0,0xb141,0xb6ca,0xa341,0xb40a,0xb40a,0x3398,0x2a20,0xa4ba,0x3678,0xad70,0xb673,0x37d4,0x348d,
    0xb355,0x34cc,0xb584,0xb2d7,0xb18c,0x34ec,0x2e61,0x2378,0xafa8,0xb134,0x3189,0x3444,0x341e,0x2c2c,0x26e2,0x38e9,
    0x33e8,0x29a6,0xb0fb,0x33cc,0xb4a3,0x257d,0xb085,0x3057,0x303b,0x286a,0x35b8,0x1caf,0xb2e9,0x16aa,0x32c8,0x30a3,
    0xb5c5,0xb025,0x291a,0xb5fc,0x33e8,0xaaba,0xb5ab,0x2dba,0x19a8,0xbbb4,0xaff3,0xb532,0xb4c9,0xa875,0xabff,0x2ae8,
    0x2cce,0x9a08,0x2870,0x29b6,0x3664,0x342d,0x2c6f,0xb069,0x3123,0xa465,0xb692,0x2fb8,0x34c0,0x3594,0xa966,0x28ff,
    0x34d2,0xb02f,0x9f90,0x3006,0xab10,0x307a,0xb089,0x348f,0xb480,0xac13,0xb56e,0xa538,0x3301,0x324f,0xa9d4,0x3129,
    0x34a2,0xa25d,0x35e7,0x30e8,0xb43b,0xb22f,0xb28c,0x39be,0x1c36,0xad77,0xb2fa,0xbb0a,0x35ee,0x1dc7,0xa5a7,0xa9fa,
    0x3092,0x3559,0x2e0f,0xb4d3,0x2b4f,0x2e73,0x3326,0x2827,0xada1,0xb524,0xb109,0x9ed7,0xa08e,0x2d25,0x33dd,0xb16e,
    0x31e8,0x3269,0xa366,0x31f5,0x32da,0xad97,0xab97,0x3081,0x38ac,0xb19b,0x2cbb,0xb700,0xa33d,0x3088,0xb654,0xb436,
    0x3183,0xb048,0x3b99,0x38bc,0xbd98,0x2cd6,0x2101,0x3873,0x3842,0x24e2,0x3810,0xbabf,0xbbb5,0x31e4,0xb429,0xba0d,
    0xb882,0xb90b,0xb965,0x25bb,0xb6d4,0x3413,0x2a59,0xba1c,0xb8de,0x3204,0x2f63,0x245f,0xb2af,0xbaaf,0x104c,0xb350,
    0x3821,0xa583,0x2761,0xbc77,0xa0ae,0xb521,0xbdee,0x3257,0x3021,0xad9e,0x2730,0xb2bd,0x31ba,0xb5e8,0x33d3,0xb705,
    0xacab,0x389e,0xb9c8,0xbd31,0x37a6,0xbc16,0x3883,0xbac8,0xb9aa,0x3650,0x352f,0x3461,0xb14e,0xbc33,0xb953,0x35ad,
    0x3acd,0xa408,0x3486,0xb80c,0x32bf,0x34a4,0x38da,0x32b7,0xbac9,0x3351,0x2d04,0x311e,0xb299,0xaffd,0x35ab,0x34bc,
    0x317a,0x37ba,0x335d,0x2d78,0xb9c4,0xbbbf,0xa9dd,0xb00b,0xb36f,0xb76a,0xb6ca,0xb651,0x3c5a,0x3bf3,0xb15b,0x369f,
    0x32d8,0x9c8d,0xb8a1,0x2e54,0x33a7,0x2fa5,0xafe8,0x3957,0x3166,0xbd8b,0xb851,0xb5ef,0xa911,0xaa3b,0xbee8,0xb847,
    0xb637,0xb67f,0x3753,0xb055,0x2cc4,0x342a,0x375e,0x332f,0xb594,0xb306,0xb16b,0x25d1,0x3cf4,0x2f64,0x384d,0xbd4d,
    0xb1de,0xb338,0x256b,0x375a,0xb23a,0xb730,0x364a,0xb6c8,0xb546,0xad18,0x38ac,0x38eb,0x3654,0x3948,0xb7e9,0xb565,
    0xb4ff,0x309c,0xb1b0,0x35d2,0x3be0,0xa307,0x3568,0x37be,0xb572,0x3920,0x34e6,0xb3c2,0xb3e2,0xb9d1,0x385b,0x363c,
    0x2f9f,0xae16,0x3197,0xbaf7,0xbc73,0xb487,0x2879,0xad90,0xb1be,0x349a,0xb5b4,0xb9fa,0x235d,0x3699,0x36eb,0x3788,
    0x21cd,0xb9cd,0x330f,0x38c4,0x2cc6,0x3d45,0xafb7,0xaa1e,0xba26,0xb8f8,0x2be6,0x3772,0x35f3,0x3b2e,0x356a,0xb645,
    0xb619,0xb5ee,0x31ac,0xba0b,0x38ba,0xba1b,0xae13,0xb6de,0x3dc1,0xbc22,0x3088,0xb266,0x38dd,0x3736,0xbb29,0xbdca,
    0xbb43,0xaccb,0xab1d,0x3ccc,0x38a4,0xb350,0x3500,0xbbc5,0x3e48,0x3542,0x3c1b,0x3e11,0xba57,0x3113,0xb9e9,0xbdeb,
    0x35d5,0xac70,0x3c14,0xaea8,0x3600,0x31e5,0xb5a2,0xba57,0xaf32,0xb1e2,0xb42e,0xa48b,0x3195,0xb908,0x39c1,0xbc8f,
    0x3545,0x297e,0xb7eb,0xb445,0xb1b2,0xb417,0xb41f,0xb4f3,0xb610,0x383c,0x21eb,0x2913,0xaaa8,0xb592,0x2cfb,0x302a,
    0x30ab,0x3877,0xb080,0xb767,0xb946,0x2715,0xb510,0xb5f4,0x2834,0xbc39,0x38a9,0x3976,0x34b7,0x3993,0x355d,0x39e4,
    0xb991,0x3761,0xb378,0x39b9,0x37ce,0xb58c,0x38f5,0x35bc,0x3549,0xb989,0x35de,0xacdb,0x3193,0xa5e6,0x358e,0x3828,
    0x362c,0x384a,0xb1ce,0x3109,0xab5c,0x390e,0xb4c3,0xb969,0xa9f1,0x3965,0x374b,0x26a8,0xaafa,0x383a,0xb86a,0x391e,
    0xa9bf,0x2643,0x3a20,0x37cc,0x30b3,0xbfdf,0x19e5,0x357f,0xbae0,0x3814,0x3229,0xb809,0x3a80,0xb87d,0xb2b9,0xb249,
    0xb46b,0x359c,0x36d2,0xb0f0,0x3269,0xb227,0x2d01,0xba41,0x2d55,0x3892,0x363c,0xad3a,0xbcd3,0x2165,0xb44e,0xb6b4,
    0x2864,0xb5c3,0xb81b,0x3219,0x38bc,0x3c01,0x3ac3,0x349f,0xad09,0xb67e,0x315c,0xb441,0x3115,0x2fc1,0xbc0d,0xb862,
    0xb5a0,0x28b1,0xb9ba,0x36c0,0x34f5,0x3475,0x32d9,0x30e0,0xabd0,0x2b76,0xb005,0xaf03,0x2d6d,0xb0db,0xb5d1,0xae69,
    0xba36,0x3c6c,0x2e50,0xb3cd,0x2f39,0xb77b,0x3825,0x3a46,0x3556,0x342c,0x38a3,0xb8a6,0xb004,0xba16,0xb154,0x2caa,
    0xaf45,0x3075,0xb89a,0xbcea,0x3241,0x3914,0x3407,0x3823,0xb647,0x3b2c,0x31f0,0xb862,0xb84c,0xb818,0x2489,0xb7b4,
    0x345f,0x3425,0xb374,0xb8bd,0xb41b,0x34e4,0xb27a,0xb55a,0x3433,0x279e,0xb826,0xad96,0xada8,0x23c5,0xb484,0x35fb,
    0xa3cf,0xb539,0x31fb,0xb3ac,0x3796,0x33bc,0xba69,0xb50b,0x3749,0x2e05,0xb4b1,0x38e8,0x3b7e,0x35f1,0xb3b0,0xb3d5,
    0x3724,0xaf4c,0x2f80,0x3897,0xb818,0x328f,0xa659,0xb671,0x2819,0x2463,0xb44d,0x3851,0x3051,0xb024,0x3053,0xab36,
    0xb919,0x33eb,0xab94,0xb335,0xbb26,0x3a4d,0xb4bd,0x35bc,0x35e6,0x3814,0xb3de,0x3b14,0x3929,0x3d10,0x347b,0x3860,
    0xb9f0,0x3b1c,0xb828,0x38c1,0xb62b,0xb4d0,0xb72a,0x39fe,0xb16c,0xb868,0x39df,0xb804,0x3a1f,0xbad6,0x314d,0xa05b,
    0x3334,0x3b31,0xb6dd,0xbea6,0x3677,0x2d09,0x3379,0x3a41,0xb110,0x350c,0xaf71,0x32a5,0x30fa,0xb90f,0xbbc5,0x2821,
    0x2dfa,0xbc08,0x3bb0,0x38e2,0x332c,0x33ef,0xb502,0xb60d,0xb484,0xab25,0x2f2a,0x2d2c,0xb92b,0x2f1b,0x3528,0xb803,
    0x3363,0xb7b4,0x37fd,0x38aa,0x3a09,0xb507,0xbb03,0xbb30,0xabe3,0x346b,0xaf8c,0x37be,0x3781,0xb979,0xb488,0xacdb,
    0xba4d,0xaf6a,0xb405,0x31d4,0x30a7,0x377a,0xb6a2,0xb810,0xb9cb,0x26da,0x31f6,0x3712,0xb700,0x3994,0x354e,0x34fd,
    0x3170,0xae37,0xb115,0xa96e,0xac48,0xb402,0xb6ab,0x301c,0xb8fa,0xb504,0x2c21,0x2ad3,0x30d4,0x38c8,0x34a2,0x3681,
    0x3345,0xb8a5,0xb524,0xb63b,0x3803,0x2a6a,0xb1f5,0xb6a1,0xb82b,0x3590,0xb414,0x3975,0x36f3,0x339a,0x380a,0xba9c,
    0x3bb3,0x3748,0xa40a,0x3446,0xaec2,0xabbf,0xb5ef,0x2d11,0x3329,0x3727,0x377a,0xb968,0x27a5,0x389a,0x3008,0xb503,
    0x1184,0xb6cc,0xb9ec,0xbd33,0xb8f2,0xbbbc,0x327b,0x3858,0xbb6b,0x3370,0x3481,0xb8b7,0xb4c4,0x29a7,0xb4bd,0x3d95,
    0x388c,0xa892,0xb4bb,0x377e,0x383a,0x37ab,0xb350,0x21f5,0x3623,0xb118,0x364f,0x2e39,0x3623,0xb8ea,0x32ce,0xb9de,
    0xb2c4,0xba19,0x346d,0xb7a2,0x2357,0xb638,0x2d0e,0xb8d3,0xba41,0xb575,0x32bc,0x399b,0xae71,0x3815,0xb319,0xaf64,
    0xbc64,0x39b3,0x352e,0x3161,0x26fa,0xb80d,0x3a1b,0xb350,0x3542,0x39cc,0x3720,0xb7d8,0x3b3d,0x31d2,0xb6cf,0x3af5,
    0x3229,0x38c2,0x2e60,0xbd6f,0xb3a6,0xbb38,0x37a6,0x3ceb,0x3877,0xb6cc,0xb8da,0xb946,0xba21,0x2c49,0x9c8b,0x35be,
    0x36ef,0x3713,0x383a,0x3821,0xbeeb,0x37be,0x3457,0x3967,0xac9e,0x38da,0x327d,0xb981,0xaf3f,0x2957,0x3879,0xb295,
    0x3387,0xb0df,0xb1b2,0xaa09,0xbed4,0xb30b,0xb455,0x2021,0x32cf,0xb9aa,0xab01,0xbad2,0x2c98,0x3508,0x3060,0x3073,
    0x228f,0xbbd2,0x39a3,0x3c02,0x3942,0x34ab,0xb57c,0xba03,0xb9b5,0xb8c1,0xb8c4,0x351f,0x3b03,0xbaa4,0x385d,0x2cf9,
    0x39e0,0xb9be,0xb597,0x31f9,0xb19a,0x329e,0x2ea0,0xb607,0xba5e,0x3a74,0x2d13,0x3bb5,0xb8d3,0x37ec,0x3b54,0xb440,
    0xb1fd,0x24ad,0x2e58,0xb9c4,0xbcef,0xb5d3,0xb07c,0xb869,0x3a07,0x30d0,0xb556,0x2d83,0xb775,0xb93d,0xacf5,0xa225,
    0xb016,0x3094,0x3450,0x34c4,0x2c9b,0x3802,0xb408,0x384b,0x3049,0xbae4,0xb792,0x388e,0x301d,0xb081,0xb6dc,0x3e07,
    0x3a5c,0x3cc6,0x2fc8,0xb8c3,0xb396,0xbb28,0xb871,0x34f7,0x37b7,0xb37f,0x37b3,0x32d6,0x3652,0x33c7,0xb49a,0x3479,
    0xbcd9,0xad95,0x3140,0x2ca3,0xace3,0xac40,0x35b1,0x24eb,0x3cc6,0xb3aa,0xb640,0x3953,0xb197,0xba64,0xb397,0xb2c4,
    0x340a,0x35ae,0x338a,0x3355,0x396e,0xbc07,0x3301,0xb3d0,0x3901,0x37c3,0x35c7,0x32e4,0x35f3,0x39db,0x3497,0x321d,
    0xb602,0xb8f1,0x2c33,0xb922,0x3c9e,0x39d7,0x3999,0xb006,0x35be,0x3995,0x2d0c,0xae74,0x3195,0xb0fd,0xb426,0x36c0,
    0xba27,0xafdc,0x3559,0xb73d,0xbc5c,0x385c,0xb7a5,0x320a,0x1dac,0x3755,0xb2be,0xb093,0xa8c0,0xb3f2,0x319d,0x3f07,
    0xbb92,0x305c,0xb96b,0xb6c3,0xb8df,0x35c6,0xb7e3,0x371e,0x342a,0xb160,0x345a,0xbc41,0xbaf4,0x3834,0xac84,0xac1d,
    0xa956,0x3a03,0xaf94,0xb4bc,0xb4fd,0xb4f8,0x3d8e,0x3bb6,0xba3c,0x36d1,0xb410,0x3aae,0x30b0,0x39a9,0xb341,0x2de6,
    0xad9e,0xbd7d,0x3035,0xb1ab,0xb125,0xbdb3,0xb544,0x3a06,0xbaff,0x3229,0xb773,0xb659,0xb57f,0x25fa,0xb6fc,0xb678,
    0xb2a3,0x3a3c,0xa845,0x382a,0xb5ef,0x323a,0x3792,0x385f,0xb837,0x3a87,0xb124,0xb1d6,0xb966,0xae8f,0xb33b,0x31c8,
    0xb4b3,0x36de,0xb758,0xb0e6,0x3826,0xae5e,0x349b,0x3dbe,0xb0ec,0x34f1,0x3167,0x3964,0xb363,0xb9d3,0x2492,0xb43d,
    0x313c,0xb391,0x3428,0xb035,0x372d,0xbaa7,0xb5d2,0x390f,0x2c18,0xb928,0x3737,0x31af,0x342e,0x3c8a,0xaf58,0x39fe,
    0xbab8,0x29df,0x22d1,0xb450,0xb0b9,0xbc08,0x3ab0,0xb76b,0xbc18,0x3004,0x307b,0xb801,0xb203,0x30ad,0x328b,0x3bbe,
    0x383b,0x3108,0xbbf2,0x351d,0x30cc,0xacee,0xae47,0x2413,0xb146,0x3739,0x203b,0x2f61,0xb935,0xb57d,0x3ab6,0xb341,
    0x3135,0x3423,0xb87e,0xbb12,0x30fa,0xbb8e,0x98cc,0x3442,0x3630,0x36d9,0xb867,0xb6b2,0x301f,0x3163,0xb2ce,0x38a2,
    0x361e,0xafe2,0xb439,0xbc26,0xb26d,0x38ff,0x3911,0xb829,0xb319,0xb822,0xb505,0xb84e,0xb4f3,0x3afa,0xb16d,0xbc19,
    0xbcb6,0xbbc2,0xa839,0xb644,0xb557,0xb26f,0x390a,0xa809,0xb5a5,0x3b3d,0x389d,0xb99e,0xb2b3,0x2ede,0xb35b,0x346f,
    0x3659,0x3016,0x33e1,0xba20,0x2df5,0xbc56,0xb58e,0x39bd,0x3215,0xb313,0xb3f8,0xb22c,0x3b67,0x2d99,0xb962,0xbb39,
    0xb57c,0xb5ff,0xbb73,0x31df,0xb861,0x2fee,0x3008,0x351b,0x3484,0x2b87,0xb059,0xb458,0x3697,0x97d2,0xb6a5,0xad67,
    0x2cc9,0xb88c,0x36c8,0x3201,0x361f,0x3b12,0x32cf,0x38b4,0xbb24,0x3668,0xb119,0x34ea,0xb8a6,0x2dba,0x388f,0x346c,
    0xafbe,0xb8e9,0x30ef,0xa141,0xbbab,0x3440,0xb1a5,0x29ba,0x3691,0x35a6,0xb826,0xb185,0x381c,0xb10d,0x3d06,0x307d,
    0x39c4,0x1f3f,0x355b,0x2563,0x37f7,0xad6a,0xb8d0,0xba03,0xb407,0xb68d,0xb493,0x1edb,0xa8c5,0x36f8,0xb4c1,0xad67,
    0x3c89,0xb4c8,0xafa6,0xa6a3,0x30ab,0xaf45,0xb54c,0xb8d3,0x3104,0x3b46,0x32f3,0xac3c,0xba48,0xb92e,0xabd6,0xa7bd,
    0x3570,0x34f5,0xb19f,0xb83f,0xb4c3,0xb594,0x2e51,0xac12,0x3722,0x274e,0xb79b,0xb4bf,0x3267,0xacbd,0x3629,0x312f,
    0x3a88,0xb71b,0x39e9,0x372b,0x323e,0x2e7f,0xb70f,0xba4e,0xbb44,0xae24,0xb9ff,0x32ec,0x2cff,0xb504,0x235d,0x3634,
    0x373b,0xa9ec,0x352e,0x36d8,0xb415,0xb710,0xb333,0xa987,0xb365,0x3079,0xb4e4,0xa6ba,0xb6c4,0xb4b1,0x3064,0xb78d,
    0x2fb4,0x38ac,0x3100,0xb627,0x3676,0x39e2,0xacdc,0x22b1,0x3903,0x3511,0xb8d0,0x312d,0x32fc,0x3228,0x3393,0x3207,
    0xb048,0x3137,0x2caf,0xb2d7,0x347f,0xb62e,0x28c5,0x3bc9,0xb95f,0xbada,0x2bbc,0x3552,0x3463,0xb3ef,0x3acc,0x37cc,
    0x2e83,0x39f8,0xb9eb,0xb9d7,0xb7e4,0xb89c,0xb858,0x3731,0xb25e,0x37e4,0x353c,0xaece,0x3492,0xb6de,0x3818,0xb3b2,
    0x37c4,0x3635,0xb846,0x34f7,0x3741,0x39df,0xacb3,0x341d,0xb4f3,0xb133,0xb7e8,0xb6ac,0x3b3b,0x3804,0x3775,0xacfa,
    0xab7f,0xb3af,0x3a47,0xb92c,0xa826,0x2538,0xbe18,0xbc6f,0xba5d,0xb18d,0xb86c,0x34ac,0x26b3,0xb795,0x3093,0xb4ac,
    0x3724,0xb215,0x3451,0x3148,0xb5f6,0x38d7,0xb74c,0x33d6,0x38b7,0x2dfc,0x3352,0x2dd7,0x32d3,0x3895,0xb3bb,0x34b8,
    0x3487,0xb436,0x9f71,0x30c3,0x3090,0xbbb0,0x3911,0xbc86,0x33b8,0xb853,0x38d2,0xb599,0xb311,0xb902,0xa2b5,0xb597,
    0xb4f0,0x38ba,0x351b,0x32a7,0xa49e,0xba35,0xb314,0x378d,0x2ffa,0x3acf,0x1ee3,0xb821,0x2df6,0x338e,0xb86f,0x39e7,
    0x3695,0x3492,0xb328,0xb7d1,0x3003,0x38ff,0x39de,0xb81c,0xacdd,0xb642,0x3439,0xb95a,0xb8fb,0xb56c,0x3a11,0xb4a7,
    0xafcb,0x3034,0xb6f5,0xb596,0xb9c1,0x304e,0x36a0,0xbcd5,0xb260,0xbc18,0x3624,0x3c33,0x2b61,0xae22,0x2d96,0x3447,
    0x34f6,0xba73,0xb426,0xbaca,0xab5c,0xb8c6,0x30eb,0xb42d,0xbb01,0xb716,0xb3df,0x39f9,0x34a1,0x3a57,0x38c6,0xad30,
    0x2cd1,0x2c70,0x3701,0x32c1,0xb599,0xafd1,0xba10,0xb1c3,0xb065,0xa1e2,0xb6c2,0x3d09,0xb5bf,0xb86d,0x309e,0xb709,
    0xb89e,0xa70f,0x3815,0xb412,0xb201,0x24b8,0xb39c,0xb9ef,0x39c3,0x331e,0x34a8,0xb018,0xb760,0x389d,0x35cb,0x3972,
    0xb910,0x2bb0,0x3560,0x3829,0x30a6,0x25b6,0xaee2,0x38fa,0x283a,0xa506,0x3489,0xb00d,0xb92e,0x3761,0xb369,0x35c0,
    0x33ff,0xafc3,0xb5c2,0xb1ba,0x3c72,0x39da,0xb626,0xb987,0xb86d,0x34c3,0x385b,0x3f12,0xb8ca,0xb82f,0x3c13,0x9c4b,
    0xbe7d,0xb51f,0x355e,0xbb86,0x30cd,0xb912,0xb604,0x3c6d,0xb59c,0xb5b1,0xae3b,0xbdc5,0x3100,0x3d0d,0xb5d6,0xb169,
    0xb8b0,0x3277,0x3591,0x2e78,0xba51,0x3cd9,0x3687,0xb82e,0x33fa,0xa03f,0xb620,0xbc3d,0xb90c,0xb432,0xa0fc,0x3d1d,
    0xb0ec,0xb28b,0x360d,0xba0a,0x2b66,0x3061,0xb935,0x92ca,0x3ac6,0xae96,0x3854,0x2a8d,0x381c,0x1cb0,0x2fa7,0xaf0b,
    0x3835,0x3697,0xa944,0x3508,0x31fe,0xb1c2,0x3517,0xb9e2,0x3be8,0x2f25,0x3383,0x2dd3,0x3209,0xb33d,0xb5e6,0xb709,
    0xb62a,0xafc0,0x356a,0xaf89,0x31ca,0xa7fe,0x31e8,0x384b,0x33c5,0x375a,0x3911,0xb578,0xbb6a,0x33b3,0xb9b8,0x3c29,
    0xb15d,0x364d,0xb6e6,0xbbc2,0x39aa,0x344c,0x365f,0x3837,0xb445,0x3398,0x33fd,0xb7c9,0x2e35,0x3c38,0xb1b2,0xb658,
    0x3d08,0xb7de,0x29a8,0xb1ba,0xb9ae,0x343e,0xacf5,0xbc22,0x3247,0xb788,0xaaa8,0x3100,0xb9ec,0xb9b1,0xb39b,0xb8ec,
    0x9d4e,0x3aa5,0x32d6,0x3471,0x37c6,0xbbf0,0xb943,0x307a,0x3969,0x3686,0x3171,0xae9b,0x3961,0x36fa,0x2cd1,0x3982,
    0x37bf,0x2db5,0xb116,0x35c4,0x37d5,0x3b57,0xb3af,0xba1f,0x3667,0xb5d2,0x3493,0x3739,0x3640,0xb84c,0xba8c,0xb97f,
    0xbdd7,0x388e,0xb02f,0x3de7,0x3d35,0x3355,0x3a74,0xb829,0xb700,0x3522,0x2b28,0xaba6,0x3b07,0xb5a6,0x32b7,0xb94f,
    0xbaad,0x3a39,0xb21c,0xa832,0x3518,0x2a8e,0xb4d2,0xb142,0xb05a,0x39cb,0x3385,0xb154,0x39e8,0x3c23,0xad6e,0xa6fb,
    0x322e,0xb205,0xbac8,0x32e4,0x3451,0x2c9e,0x3967,0x3420,0x30d8,0xad45,0x2b06,0xb919,0x3486,0x36ae,0xbb1b,0xb24d,
    0xb824,0x3951,0xb569,0xac6c,0xb115,0xb0d9,0x33b6,0x2c4c,0x3985,0x3cff,0x3271,0x37e5,0xaeff,0xb68d,0x3232,0x3aa1,
    0xb4ca,0x3af2,0x2605,0xb41b,0xb352,0xb470,0xabd4,0x34c6,0x3abf,0xb50c,0x3403,0xb834,0x264b,0x958d,0xb95f,0x2fbf,
    0x3442,0xb503,0xb788,0xb460,0xb18b,0x30fa,0x3102,0xad78,0x293d,0x357b,0x37ff,0x391e,0x3550,0x2fe2,0xbc48,0xbb9c,
    0xb590,0x333b,0xb2b8,0x1765,0xa9f9,0xb88f,0x395b,0xb67a,0x3a80,0xb2c9,0x3a32,0xb78d,0xb622,0xb94f,0xb424,0xb5d0,
    0x3631,0xb653,0x3673,0x3a33,0x374d,0xb1b4,0x3209,0xb901,0xb9ba,0x1f60,0x371d,0x39f0,0x3833,0x3c34,0xad28,0xb59c,
    0xaccc,0xb114,0xb178,0xb48d,0x3ae4,0xb0f7,0x3956,0x3194,0xb69d,0x3b70,0x2cf5,0xb71a,0xa760,0xb6d2,0x306b,0x3456,
    0x356d,0x3488,0x2cd8,0x2923,0xa85e,0x366b,0xb5e7,0xa400,0xb484,0xb404,0xb483,0xb8be,0xa585,0x36a8,0x38f1,0xa5d6,
    0xb949,0x31c5,0x9ec2,0x2670,0xb6fd,0x2b3d,0x349e,0x3666,0x3178,0x31b3,0xb66c,0xb384,0xbb63,0xb2db,0xb14e,0x324f,
    0x31f3,0x300c,0xb27b,0x262e,0xb098,0x3bad,0x2613,0x3bd0,0x3447,0xb65c,0x2dfa,0x3681,0x38c8,0x3a23,0xb884,0xbadd,
    0xaf72,0xb569,0xb530,0x380b,0x3515,0xb47d,0xb6fe,0xa7c9,0x3a64,0xb1f2,0x3098,0xaa89,0xb40f,0xb56a,0xb8f2,0xbace,
    0xbab7,0x2e1a,0xa4f0,0xb70e,0x30ae,0xb073,0x3831,0x3ac2,0x364f,0x2c8a,0x3847,0xb987,0xb8b5,0x38bf,0x35e9,0x349a,
    0xa85f,0x3c69,0xb952,0xb121,0x3035,0xb474,0x3702,0x355a,0x396d,0xb508,0x398c,0xb3d9,0x3609,0x37f4,0xb4b9,0xbce5,
    0xb2cf,0xb40c,0xb980,0x3866,0x30c3,0xb675,0x3385,0xb711,0x3631,0xb4ad,0x27e4,0xa3f2,0xbb76,0x37df,0x310d,0xb544,
    0x399e,0xb5a7,0x3b69,0x390c,0xa83c,0xb3b0,0xb86e,0xb834,0xa51e,0xb850,0x354d,0xa617,0xb33a,0xbc31,0xb7d1,0x3d89,
    0x3adf,0xb43d,0x3786,0x386c,0xb524,0xbae7,0xb440,0xaf2e,0x3383,0xb4aa,0xb608,0x389f,0x388d,0xba10,0xba11,0xbce9,
    0xa49b,0xbb39,0xb032,0x3949,0x3728,0xbb96,0x3658,0xb869,0x3436,0x33f0,0x21ab,0x359b,0xb25a,0x3276,0x2deb,0xb4d7,
    0xaed8,0x3858,0x362c,0x3476,0xb50d,0xb533,0xabba,0x3a99,0x96fc,0xbb8e,0xb74b,0xafcf,0xb45c,0x346f,0x3908,0x3849,
    0xb3fc,0x32ba,0xadb5,0xbc6d,0x3648,0xb43e,0x3043,0x39b9,0xb079,0x2a52,0xb8b9,0xb78f,0xad42,0xafd1,0xb81d,0x2876,
    0xaf27,0xb052,0xb867,0x35b4,0xb6de,0xb951,0x3a2e,0xab61,0x3a72,0xb6cf,0x3c65,0x3858,0xbba0,0x33b5,0xb705,0x2ffd,
    0x3642,0x2c42,0x395c,0xb5b7,0x3808,0x3478,0xb75d,0x3366,0xb89f,0x2c0c,0xb763,0x9e97,0x35c3,0xb498,0x3868,0x30e6,
    0x380f,0xb167,0x274e,0xb996,0x3921,0xb71c,0xb9f9,0xb84a,0xb0b0,0x382a,0xa907,0x3098,0xb787,0x258e,0x3970,0x2cd9,
    0xb6f8,0x39c2,0x32f3,0xb91e,0xb948,0x3ea9,0xb6c6,0x37a9,0x344e,0xb19f,0xba4c,0x393b,0x296e,0x20ab,0x3337,0x37a1,
    0x3627,0xbaf9,0xaea7,0xafdd,0x348f,0x2f67,0xb09c,0x3641,0xa98f,0xb888,0x2b5e,0x3cc0,0xb3ab,0xb17a,0xb599,0xb672,
    0x3198,0xbe18,0x311a,0x2ace,0xb6ff,0x3564,0xb696,0xb73a,0xb649,0x3677,0xb711,0x358c,0x3523,0xab6a,0x399d,0xb72d,
    0x3323,0xbc44,0x1296,0xae62,0x28a4,0x2ff4,0xb1c0,0xb4c7,0xb56c,0xb66f,0xb84d,0xa93c,0x2a75,0x3421,0x3b6a,0x385e,
    0x36dd,0x357f,0x327b,0x36ac,0xb7af,0x28c7,0x3bd3,0x380e,0xb06c,0x3849,0x37a3,0xb2d9,0xb8f8,0x2cba,0xb6c7,0xb6d5,
    0xb8ec,0xac5a,0x2c7d,0xb89a,0x3257,0x35ac,0x393d,0x2a7a,0x391e,0xb7d4,0x2701,0x3478,0x2db0,0x2d17,0x2b29,0xbefb,
    0xb908,0xb455,0xbac4,0xa9a4,0xb370,0xb35d,0xa849,0xb409,0x3ca8,0xb6e7,0x1b6a,0x3648,0xb92a,0x3485,0xb5e3,0xb68c,
    0x2d7f,0xb409,0xb5ed,0x34d7,0x352d,0xa4a3,0xa9b8,0xb6a0,0xb020,0xb446,0x3515,0x3bb3,0x2ff6,0x32bd,0x3b3d,0xb96a,
    0xb94a,0x3a4c,0xb6ba,0x2456,0x38b9,0xb9d1,0x3538,0xb4ef,0x39f4,0x3a38,0xa00c,0xb86a,0x2d52,0xba5f,0x323c,0x392c,
    0x3485,0xb2a7,0xb6fd,0xb60b,0x2e76,0xb8b7,0x3282,0x38b2,0xb294,0xbc35,0xb197,0x34a9,0xb84d,0x38b9,0xa852,0xb513,
    0x3127,0xba48,0x324e,0x38df,0xb200,0x1f79,0x3bc2,0xbaf2,0xa512,0xb944,0xb825,0x2f03,0x3764,0xbaf6,0x394d,0x32d3,
    0x21dc,0xb5d6,0x3175,0xb82e,0x232d,0xab52,0x3394,0xb062,0xb095,0x30a5,0x38cf,0x2e10,0x2cde,0xbaac,0x36be,0x38bb,
    0x3291,0xb73c,0xa0f3,0xb7e6,0xbc05,0x3997,0xac22,0x306c,0x2ba7,0x38d5,0x379c,0xbc0d,0x3020,0x3a7f,0x3c1d,0x3835,
    0x35ac,0xae89,0xb862,0xb9c2,0x25ad,0x335b,0xb6be,0x3394,0xa881,0xb73a,0xb83a,0xb19c,0xb08b,0x318a,0x3a1a,0xbad5,
    0xb87c,0x2f59,0x33ea,0x2ea2,0xb10d,0x2827,0xa442,0x3dd7,0xb4d9,0x355c,0xad2e,0xb5c2,0xbb7a,0x3169,0x27e2,0xaf8b,
    0xba2b,0xb812,0x30fc,0xbac1,0xbdcb,0x33af,0x2f78,0x356c,0xb1a0,0x3a63,0x3568,0x2346,0xb978,0xaf4a,0xabfb,0x38da,
    0xb23f,0x356d,0xaef2,0xb3d0,0xb277,0xb632,0x30ea,0x30e6,0xb7ad,0xbc3c,0xb9c7,0xb8bd,0xb8b8,0x3c6e,0x33bc,0x31c2,
    0x35fc,0xafa0,0xb8a1,0xaf88,0xbc69,0x3563,0x39a0,0xbc44,0xba83,0x351f,0x2299,0x342f,0xaaf5,0x3b75,0x3d18,0x3acc,
    0x3471,0xb63c,0x2aeb,0xb477,0x3406,0xb4af,0xb580,0xb44e,0xac15,0xb0b0,0xb6e4,0x2f7f,0x34fb,0xb779,0xb1d9,0x38a7,
    0xb07a,0xac3a,0xb4e8,0x3340,0x2ac6,0xac80,0xbd07,0xaa8d,0x309c,0x2d7b,0xaa06,0x3705,0x2b95,0xacca,0xb4b2,0xb9ef,
    0xb601,0x3c8d,0x3544,0x38b5,0x32e5,0xb8cc,0xb24d,0x358f,0xb420,0x3bbc,0x34f1,0x2aa0,0xb05d,0x3276,0xb608,0xb6e6,
    0x3710,0xb5ed,0x2b25,0xb594,0xb9be,0x2816,0x2c58,0x291e,0x38b2,0x31ca,0xb608,0x9e59,0x36ac,0x34eb,0x3bcf,0x395f,
    0xaa02,0x3375,0xb13a,0x2843,0xb4cf,0xb5b5,0x2a0a,0xaa80,0x3003,0xb890,0x3605,0xbb1f,0xbac9,0xb1bd,0xac9b,0x3686,
    0x2c21,0x360f,0x33a8,0xbd31,0x35fe,0xa7df,0xb41f,0x3b47,0xada9,0x2c7f,0xbcb4,0x311a,0x2b8d,0xb88e,0x3b74,0x393d,
    0x3780,0x3312,0x383a,0xb101,0x21be,0x3a3d,0xb93c,0x356e,0x3235,0xb220,0x3612,0xb7af,0x3d6b,0x36b1,0x3422,0x2857,
    0x3232,0xb067,0x3a36,0x37ac,0x3aa0,0xaa84,0xb0a4,0xb88c,0xb4a4,0x3972,0xb084,0xb11b,0x345e,0x28df,0x3504,0xb851,
    0x3186,0xb358,0xb7b3,0xb018,0x3612,0x3254,0x31a5,0xb9c0,0xb0d6,0x2687,0xb330,0x39ab,0x343e,0x3479,0xadad,0xb537,
    0xbc85,0xbc18,0x3755,0xac1c,0x3aa9,0xb519,0xa33f,0xb8b1,0x330d,0xba46,0x329b,0xb6dc,0x38e3,0x3526,0xb5f1,0xb68f,
    0xb9ba,0x395b,0xa7d7,0xadf7,0xb00e,0xb5b6,0xba51,0xb777,0xba14,0xb644,0xb2b9,0x36a0,0xb4c3,0x3413,0x33f6,0x3bf6,
    0x334c,0x388c,0xb8dd,0x1ab4,0x3527,0xb5f2,0xb4fd,0x353d,0x36b2,0xbd5e,0xb812,0x2c8d,0x34a2,0x389d,0x3b8b,0x2cfc,
    0x3b29,0x2888,0xb3d7,0xa927,0xbacc,0x3b6d,0xb146,0xb987,0x39e8,0x3694,0x3403,0xb763,0xb4ce,0xb994,0x327f,0x394f,
    0x3864,0xb4c3,0x29e8,0xb175,0x3a12,0xb4d1,0xb6b2,0xb643,0x380f,0xa866,0x3139,0x3b05,0x2d35,0x32f8,0xaffb,0x3512,
    0x394a,0xb637,0x347e,0xb17e,0xb482,0x3411,0xb409,0xbc3d,0xb77e,0x31cc,0x2fba,0x2fa2,0x3706,0xada7,0xb993,0xbc7a,
    0x3318,0x38e0,0xb5c1,0x301a,0x3ab4,0x3866,0xad88,0x346e,0x32fe,0xb564,0xb6ba,0x37b6,0x3892,0x3c36,0xa905,0x262c,
    0xb081,0x385f,0x2e9f,0xb310,0xadf2,0xbb57,0x35d1,0x3191,0x3c09,0x335a,0x3830,0xbbe2,0xaca2,0x2be5,0xb335,0x38f0,
    0xaf9c,0x385c,0xb848,0xb217,0xb70d,0xa430,0x3413,0xb1d7,0x39b1,0x2e56,0xb4dc,0x30ea,0x32a6,0x34b1,0xb81a,0xbb69,
    0x9a32,0xb96b,0xb488,0x297f,0xb69a,0x38e3,0xae02,0xbb7d,0x3bd2,0xaf25,0x37ae,0xacfd,0x2693,0xba15,0x2e9d,0xb460,
    0x321e,0xae59,0x2d51,0xba0f,0x3120,0x307f,0xbcb6,0xb997,0xb510,0xb7f7,0xb235,0x29bb,0x2945,0x3541,0x386e,0x96bf,
    0xb218,0x3183,0x383f,0x36f0,0x34c5,0x3868,0x2c03,0xafb5,0x2d1f,0x3a1c,0x3258,0x35f0,0x39bd,0xba0d,0x35df,0x34bc,
    0x3b00,0x3932,0x28b5,0x31ed,0x36ee,0x3832,0xb913,0x34c7,0xad97,0xb37e,0x2b35,0xb5ff,0x3879,0x34d7,0x3a02,0xad9a,
    0xb742,0x3ae5,0xa037,0x2aab,0xb4a9,0xb94d,0x387f,0x37ab,0x3207,0x2651,0xa6b1,0xba52,0xb77a,0xb0ec,0xb1b1,0x34e1,
    0x3a52,0xb409,0xad10,0x3876,0xa5a6,0xa503,0x2510,0x3c4b,0x367c,0x396e,0xb1ba,0x94e2,0xbae7,0xaf0d,0x29ed,0xb82c,
    0x3600,0x39bf,0xbc20,0xbaea,0xb1a3,0x3832,0xbbe6,0x3712,0xb4b9,0xb710,0xa479,0x3438,0x2c05,0x3a44,0xb135,0xb3ee,
    0x3724,0xacad,0x3901,0xb49f,0x28a8,0xb86b,0xb3f7,0xb38a,0x3744,0xb6ba,0xb99a,0x2c74,0xb14c,0xa856,0x3c58,0xb0d8,
    0x30be,0x344c,0x39f1,0x38ff,0xb583,0xb60a,0xb9bf,0xb9a6,0x371d,0xb84e,0x345c,0xa7d7,0x34b1,0x397d,0x3475,0xb8ef,
    0x3995,0xaa8e,0xb24d,0x31c0,0x384b,0xacce,0x336b,0xbc03,0x3929,0x37dc,0x33a2,0xab43,0xb93a,0x3229,0xb148,0x30d2,
    0xaa21,0x37cf,0x31cf,0x36e4,0xace8,0x3773,0xaf7d,0xb24d,0x3660,0xb571,0x3884,0xaa62,0xb9bd,0xb765,0xb039,0xbb99,
    0xbaf6,0xb608,0xb828,0xb315,0x33b8,0xb922,0x38a1,0x3882,0x218f,0x38be,0x3918,0xb88e,0x3807,0x35f8,0xb84a,0x37f4,
    0xb927,0xaf9c,0xa220,0x3546,0xb39a,0xb49d,0x3a2f,0xac24,0x3b17,0x3795,0xb27a,0x3314,0x2b99,0xb65f,0xb18d,0x31c1,
    0x3034,0xb98b,0xb534,0x30db,0x951e,0xb675,0xbc39,0x34fe,0xa995,0xa6e7,0xacb3,0x3647,0x37be,0x349d,0x381d,0x32af,
    0xaa76,0xb961,0x30a3,0xb28a,0xb102,0x2ffd,0xb98e,0xb98f,0x381b,0xb899,0xa85a,0x339b,0x33b8,0xb96b,0x3a1b,0xb357,
    0xbaa2,0x2ad5,0x288b,0xada7,0xa99f,0x351e,0x3d58,0xbb07,0xb5c9,0x2d13,0x394a,0xaddb,0xae54,0xb451,0xb750,0xb565,
    0x37e8,0xb024,0x38f9,0x338d,0x3a6a,0x36b8,0xb07c,0xaba6,0xb0f4,0xba80,0x37bf,0xb0ba,0x31ca,0xb51a,0xb5b6,0xb996,
    0x394d,0x324a,0xb0b3,0xaddb,0x3615,0xb3cf,0xb132,0xb678,0xb53f,0x3841,0xb65e,0xb60b,0xb31b,0x3c92,0xb851,0xbc8d,
    0xaf5c,0xba05,0xb4d6,0xb4ab,0x3094,0xbaf4,0x3a4b,0xae03,0x38e2,0x3620,0x3a6a,0xbad1,0xb72b,0xb834,0x3806,0x363a,
    0xb723,0x35ce,0xae1e,0x396c,0x31fa,0xad0c,0xae1b,0x20fb,0x30e0,0xa822,0x2537,0xb9df,0x2f96,0xb718,0xb80f,0x3d59,
    0x34d0,0x3ce0,0xb2f4,0xb775,0x3578,0x3a05,0xb47f,0x3a1b,0x35c2,0xba0d,0xb06e,0x33d1,0x2f5c,0x3633,0x34de,0xb81a,
    0xa804,0xb0a7,0xab63,0x3941,0x3073,0xac68,0x3aad,0xbb1d,0xb42a,0x352d,0xad90,0xbc04,0x3236,0xae32,0xa861,0x1d7b,
    0x2acf,0x3242,0x3b00,0x31d6,0xb284,0xb671,0x37cf,0xb0db,0x30c0,0xb758,0xb3c7,0x3020,0xb753,0x3bb1,0xb6c9,0xb4f6,
    0xba4a,0xafec,0x2fc5,0xb13b,0xb23c,0x3c63,0x3b19,0xb7a5,0xba23,0xac52,0xb407,0xba83,0xace7,0x2e47,0xb498,0x3b0f,
    0x3416,0xb6f0,0x357e,0x399f,0xb91a,0xa90c,0xb9d9,0x3baa,0xb120,0x3ce2,0x326a,0xb81d,0xb90f,0xba39,0x2dad,0x3940,
    0x2746,0xb670,0x35cb,0x2886,0x38ae,0x3a0a,0xbc07,0xac42,0x34fb,0xb8e7,0xa529,0xb402,0x3016,0x34c1,0xb64e,0xb812,
    0x39a9,0xb6b9,0x3635,0x31e9,0x3499,0xb653,0x2d32,0xb8c1,0xb39a,0x2c4c,0xb941,0x3a40,0x3772,0x224d,0xb059,0xb6a8,
    0x2510,0x34f3,0x3a2b,0x3aa2,0x3c5e,0x3d12,0xaa96,0xb853,0x39d4,0xb603,0xb496,0x3a17,0x3a2c,0x3134,0xb6ae,0xb09b,
    0x346a,0x34ba,0x3935,0xafa3,0x383c,0x31a2,0xb994,0xb367,0x2aa5,0xbaf1,0xbaae,0x2692,0xb2e5,0xbac2,0xb2cf,0xb962,
    0x39ef,0xb94e,0x3328,0xb878,0xb876,0xb670,0xabcb,0xb661,0xb3ec,0x397f,0xb8c7,0xb4da,0x3082,0x3405,0x3b34,0x38d5,
    0x3867,0xb8b8,0x26ad,0xb90c,0xb76c,0x3547,0xa4d4,0x3c3e,0x3816,0xb9cb,0xb84d,0xbab4,0x3b51,0x9f9e,0xb2d5,0xb168,
    0x3872,0xb6e9,0xaffb,0x30e4,0x380e,0x27de,0xb898,0xb89f,0xb57c,0xb08a,0x31cd,0x3446,0x39e5,0x36c2,0xb6d4,0xb57f,
    0xb663,0x3151,0xb50f,0xb769,0x33d6,0xb75d,0x2d44,0xb916,0xb57e,0xb5ce,0x3502,0xb4b0,0x3818,0x35ba,0x36ed,0xad75,
    0x31e8,0xb82c,0x2910,0x3938,0xb0d1,0xb88a,0x3e46,0xb785,0x3887,0xb763,0x331f,0x3b9e,0xbd69,0x37fa,0xb5dc,0xb5e6,
    0xb475,0x3a7c,0xae31,0x3627,0x255a,0x30ba,0x3485,0xaf82,0x332b,0xadcb,0x2b44,0xae75,0xba86,0x3c1b,0xb1aa,0x9f05,
    0x2afa,0xb2dd,0xb685,0x3614,0x2c56,0x2a25,0x35c2,0x3a95,0x32be,0x3a3f,0xad26,0x3900,0xb4d8,0xba6e,0xb823,0xabe7,
    0xb5e1,0x3818,0x2d6e,0xb91b,0x3473,0x39ce,0x3572,0x365c,0x3c90,0x33b5,0x1ae2,0xb8bb,0x3911,0x3979,0x3790,0x2f4d,
    0xb77b,0x2feb,0xb342,0x1e44,0x34e2,0x3161,0xba63,0x38e6,0x298b,0x26df,0x2e2b,0x37bf,0x3c48,0xba39,0xb1bd,0x3b4b,
    0x3bf1,0xb45a,0xa83f,0x35ec,0xb0a9,0x972e,0xb9cb,0xb686,0xb77f,0xb0ae,0x387a,0x350f,0xb572,0xaf64,0xacec,0x3117,
    0xb458,0xb698,0x3932,0xb837,0xb488,0x38ba,0x32b9,0x35eb,0xb8d9,0x3ab1,0xaced,0xbc80,0x37c2,0x339a,0x35f0,0x37bd,
    0xba94,0x9c73,0x2d01,0x3b37,0xb58b,0x3005,0xb8aa,0x394a,0xb6f3,0xbd63,0x3574,0xba4e,0xb79a,0xbc0d,0x3b0f,0x308d,
    0x3196,0x3a71,0x355e,0xb7a2,0x3072,0x3b88,0x39b3,0x3af1,0xb41b,0x3c2f,0x33b4,0xb73a,0xb464,0xafda,0x358c,0x29a2,
    0xb479,0x3739,0xae3a,0x3003,0xbca4,0xb030,0xb141,0xb49b,0x3aaf,0x3862,0x3513,0x342b,0xb4fb,0x300c,0x3420,0x3bdd,
    0x382c,0xb7d2,0xb6bb,0xb8c0,0xb9fc,0x2c38,0xb006,0x3553,0xb182,0x354d,0xac3e,0x3351,0xb568,0x28cb,0xb867,0x36f2,
    0xb962,0x3695,0x3040,0x37d8,0xb7a7,0xb454,0xb93b,0xac04,0xb0ca,0xbc7e,0xb8d6,0x3307,0xb2c5,0x32a0,0x9b9b,0x2e4d,
    0xba6b,0x3859,0x3423,0xafd0,0xae9b,0xb99c,0xb701,0xb017,0x3801,0x3481,0xb422,0x36d2,0x30ba,0xad96,0xb369,0x2489,
    0xb1c2,0xb8bb,0xb030,0xae1f,0xb91f,0xafa3,0xbaa0,0xb12d,0xb771,0xbe06,0xb6c7,0x2f5b,0x2eb3,0xb731,0x252a,0xb788,
    0x3424,0xa5a5,0xaa44,0x2d02,0x2587,0xb778,0xb2cd,0xb4d3,0xb8a1,0x2bfc,0x3ba4,0x2444,0xaa60,0x3a06,0x3553,0xa505,
    0xb94e,0xb814,0x324e,0x3264,0xb00f,0xb70f,0xb11d,0x3665,0x3c43,0x2df0,0x3424,0xb536,0xb101,0x2eb2,0xb8aa,0x3684,
    0xade3,0x3948,0xaf95,0xb025,0x3ae1,0x3b14,0xb56a,0x31b9,0x2856,0xb896,0x35a1,0xba64,0xbcc4,0xba64,0xacd0,0x3266,
    0xb4f0,0xb419,0x242f,0xbb52,0xb230,0x31a5,0x2f76,0x3a1c,0xabc3,0xb46b,0x321a,0xb175,0x1ecd,0x364d,0x372e,0xb986,
    0xaeea,0xb12b,0xb470,0x345c,0x335d,0xb7f9,0x3673,0xb3b3,0x31e2,0x3109,0x37ed,0xb642,0xb192,0xb361,0x2c77,0x3349,
    0x3107,0xb439,0x35b4,0xaa6f,0xbc4a,0xb9aa,0xac99,0x2b97,0x3643,0xb932,0xbc10,0xb17d,0x2f1c,0xb47e,0xa81a,0xb85b,
    0x2b56,0xb574,0xb89c,0xb7d2,0x2cbf,0xb7d8,0x3342,0xb4b9,0xb69b,0xb3f2,0x275e,0x2e15,0x257f,0x24d0,0xb138,0xa99d,
    0xb79d,0x3b66,0x312b,0xaa8f,0xb763,0xb461,0x344a,0x3318,0xaf72,0x3593,0xb0c0,0xa7f2,0x2f84,0xada2,0x30f1,0x316f,
    0x3816,0x3886,0xac24,0xb0e0,0xbacf,0x3908,0x3972,0x36f3,0x3629,0xaf33,0x3994,0xb363,0x3483,0x3837,0xa869,0xb758,
    0x3bcf,0xb7b6,0x39e4,0xb5ea,0x3450,0x39cd,0x3876,0x3126,0x361e,0xa65e,0xb272,0x394e,0x2e97,0x3249,0x3c9f,0xb549,
    0xb8fa,0x3bd5,0x31c9,0xaaf5,0xb90c,0xb842,0xb7b5,0x343a,0x2b30,0xac50,0xaaf7,0x2c5c,0x389a,0x3407,0x3745,0xb4ff,
    0x38e3,0xb92f,0x2567,0x3c71,0x282d,0xb803,0x36c1,0xb5d3,0x362d,0x3c16,0x38c7,0xb549,0xb881,0x3815,0xb732,0xb593,
    0xb4c0,0xa9c6,0xb578,0x3615,0xb55f,0x341c,0xb8f5,0xb97f,0x3819,0x38fd,0x306d,0xbbb2,0x31b7,0x301a,0x3180,0x3a28,
    0xbad9,0x3819,0x345e,0xb606,0x399c,0xbd64,0xb861,0xbb1b,0x308c,0x38f3,0xb417,0xba59,0xb602,0x3645,0x3a7b,0x30c6,
    0x33b6,0x3ca9,0x346b,0x3aba,0x31eb,0xb4af,0xb3a7,0xb876,0xb518,0x394e,0x3010,0xb63a,0xb41f,0x3de9,0x34b7,0x289e,
    0x35a6,0xb99d,0x3a3f,0x35a3,0x9c88,0xb73c,0x3926,0xb9df,0x3acc,0x34af,0x2d58,0x2f51,0x3226,0xb20b,0x3a01,0x391c,
    0x3bf1,0x37c8,0x3845,0xa83e,0x24f0,0x3578,0x3921,0x30a4,0xb853,0xa643,0x3435,0xb88e,0xb42b,0x3b34,0x2e09,0xb6af,
    0xb5d5,0x29a8,0x28ff,0x349d,0x364c,0xb638,0xb510,0xad4b,0x3490,0xaf15,0x350e,0x30d3,0xb54a,0x3a55,0xb1c2,0x371a,
    0xa748,0xa045,0xb722,0xb6fb,0x38d6,0x3372,0x22ba,0x2c7f,0x3831,0x2efb,0xa027,0x2e98,0x398f,0x2aa4,0x38ec,0x3857,
    0xa606,0xb5e3,0x2dde,0xa731,0xb86d,0xaca1,0xaef3,0xb542,0xb99a,0xb1f4,0xb70c,0x3360,0x3866,0x3d9f,0xb812,0xb670,
    0xae0c,0xae49,0x2e10,0x22d5,0x361f,0xb22c,0x35dc,0x2f49,0x335b,0x3117,0x3dd7,0x2ce6,0x3859,0x3b18,0x3c69,0x1ed1,
    0x3257,0xb42a,0x3513,0xb6e4,0xb8e1,0x3209,0xb070,0x37dd,0xba92,0x357c,0xb8a9,0xb346,0xad0c,0xb64e,0xb778,0x366f,
    0xb705,0xb7ee,0xb699,0x3528,0xb0e1,0xb615,0xb1a6,0x36d3,0xba9e,0xad9c,0x380f,0xb1de,0x2d17,0x2b6d,0x35bc,0x3429,
    0x36c7,0xb43c,0xadd5,0x3829,0x2a7a,0x3525,0x2ef7,0xb669,0x34a9,0x1d25,0x35c2,0xb8aa,0x2fb3,0x38e3,0x37e2,0xb491,
    0x395e,0xb99e,0x34b4,0xb164,0xb15e,0xb1f0,0xac81,0xb65c,0x9072,0x3a6d,0x38b8,0x2e40,0x33ed,0x20d9,0xb4dc,0x2a6c,
    0xacef,0x3284,0xb877,0x2067,0x3564,0xb691,0x3307,0xbb4a,0x35b2,0xb698,0xb7a6,0x3521,0x3822,0xb85f,0xb9e1,0x36b3,
    0x3626,0x2b44,0xbc48,0x3c4c,0x31de,0x2903,0x39cb,0xb8fb,0xb9ce,0xb007,0x38fb,0xa90f,0x38be,0x26b5,0x337d,0x3050,
    0x35f1,0x24c8,0xb30f,0x3327,0xb519,0x3776,0x32d5,0xb316,0x3997,0xb5f3,0xa3d0,0xb722,0xb450,0x338d,0x2dee,0x31a1,
    0x398d,0x1f92,0xbb1d,0xb8ca,0x3458,0x3437,0x2f8a,0x30cc,0xad31,0xb0bd,0xb84c,0xb42f,0xacf2,0xb5cf,0xb4ae,0x31ae,
    0xb36d,0x315d,0x39c9,0x3c37,0x351c,0x36c1,0x2aa4,0x31fa,0xb057,0xb8b9,0x3075,0x3800,0xb4c9,0x35d0,0x2d5f,0x35d3,
    0xb808,0x34e7,0xb87b,0x3810,0x30a9,0x36a7,0xb0d2,0xb7cb,0xb4b9,0xb0f5,0xbc49,0xa00e,0x326b,0x2f14,0xb921,0xb3b7,
    0xb8ba,0xb6da,0x2246,0xb42f,0x2ff1,0xb20d,0xb873,0x29a8,0x3804,0xab4a,0xa51f,0x38ae,0xb1a3,0xb324,0xb6bb,0x37dc,
    0x3370,0x29f8,0x3828,0x340e,0x2cf5,0xb669,0x3224,0x2dc5,0xb758,0x194e,0xb3b6,0x2c28,0x270a,0xadbe,0x2dda,0xb51d,
    0xae2a,0xb5f1,0x3169,0xb3fc,0xb885,0x3481,0x34fa,0x9aee,0xba95,0xb3c2,0xb0b3,0xb2d5,0x3092,0x2156,0xba96,0x332e,
    0xb9bb,0xb61d,0xb9eb,0x2d68,0xb08f,0xbbe6,0xabe5,0xb469,0xa98e,0xb688,0xb5b0,0x2515,0xb419,0xb97e,0xb86d,0x1dd2,
    0xb82b,0x3110,0xb0a1,0xb5d1,0xb45a,0x35ce,0xb69b,0x2a0b,0xb81f,0xb3e9,0x34f3,0xbb5c,0xb290,0xb54f,0xad44,0x31fb,
    0xb858,0xb373,0x307e,0x3702,0xb683,0xb7c1,0xb4ae,0xb6cf,0xb97e,0x3016,0x2db4,0xafcd,0x3c28,0xbaa3,0xae08,0x2de5,
    0xb404,0x31c8,0x3301,0x34ec,0xb099,0xb042,0x37e7,0x2f48,0xb58d,0xb1cd,0x2a6f,0xb42d,0x377d,0x3013,0x21d8,0xaea1,
    0xb6b7,0x31dd,0x3926,0x312e,0x35d7,0xb7c4,0xb7d3,0x2e76,0xb13b,0x342c,0x324f,0xad74,0xb333,0xb248,0x300d,0xb36a,
    0xbac2,0xb26b,0xac63,0xa901,0x3137,0x3533,0x30b3,0xb038,0xb57f,0x2dad,0x384d,0xae03,0xb055,0xb98c,0xb2a1,0xb105,
    0xade2,0x3822,0x358a,0xb47a,0xb491,0xb17b,0x34ff,0xb652,0xb89d,0xa5d2,0xb377,0xb670,0xa4d2,0x3447,0x343c,0xb51a,
    0x9bc1,0xa7e7,0x354e,0xb26e,0xb14e,0xb173,0xbb59,0xa538,0x32e6,0xb3f1,0xb44f,0xad3b,0x2c53,0xb0ac,0x3594,0xb4d2,
    0xb633,0xaccc,0xb4a3,0xae83,0x24c3,0xad0b,0xb030,0x2cb7,0xb830,0x32b9,0x3389,0xaf3f,0xb1ef,0x3064,0x2889,0x2c6d,
    0xb0a1,0x3267,0xaea8,0x23ec,0xb04b,0x2fdd,0xb0f9,0x3434,0xbb78,0xb23a,0xac05,0x29ef,0x2db5,0x3148,0x8ffc,0x3332,
    0xba97,0xac4d,0xbcd4,0x32dd,0x2b1f,0xb585,0x16d9,0xb679,0xa9a6,0xb3eb,0xb9b7,0xb723,0x2cf4,0x35c3,0xb4dd,0x2a33,
    0xb33f,0xb09e,0xb895,0xb185,0xb5f4,0xb430,0xb435,0x3310,0xb5ed,0xada0,0xb51b,0x2952,0x3730,0xb86e,0x3317,0xaf80,
    0x310b,0x2cf4,0x2eb9,0x1fb7,0x2ed0,0x34d8,0x3864,0x223a,0xb901,0x2fcd,0x2e70,0xb378,0xad7c,0x318c,0x35b9,0x347b,
    0x37b3,0x3233,0xae30,0x3570,0xbb6a,0x3825,0xac83,0x2c00,0x2c92,0x1c5b,0x3bef,0xb105,0x380f,0x3127,0x37c9,0x2b11,
    0xb92f,0x2908,0x32be,0xb1dc,0x342b,0x3229,0xb479,0x2b43,0xb8ab,0xb647,0xbc4f,0xb42f,0xb687,0x2e18,0xb9e1,0xb948,
    0x3145,0xbb92,0xbcea,0x30bd,0xb17a,0xb0c1,0xb790,0xb00b,0xb44b,0xb87c,0xb52a,0xb0ba,0xb5f4,0xb804,0xb5a3,0xb654,
    0x2e64,0xb528,0x3592,0x3b04,0xb532,0x3804,0x26c9,0xb14d,0xb229,0x36ac,0xb377,0xae6b,0x2d06,0x3916,0xa79f,0xb712,
    0x2c8a,0x346a,0xb397,0x306d,0xb055,0x2743,0x2cae,0x2f3b,0x36c5,0x2f1d,0x378c,0x31df,0x319d,0x3055,0x33c3,0x2a1b,
    0x2f18,0x398c,0xb0b4,0xafe0,0x25f5,0x3598,0x31ea,0xaf76,0xb44b,0x324c,0x2bcc,0x2b27,0x3410,0x3175,0x3271,0x2916,
    0x2424,0x256c,0x3082,0xaed8,0x2cb2,0x2ccc,0x3b54,0xa473,0x3378,0x2d35,0xa223,0xb578,0xaa26,0x2478,0x215f,0xb40f,
    0xa852,0x1f86,0x3701,0xa952,0x293d,0xa832,0x2b6c,0xb0ef,0x3a52,0xb75d,0x9ab2,0xb4c0,0xb99b,0xb93d,0x379b,0xb464,
    0x1b4d,0x3bd0,0x2ba1,0x3486,0x3141,0x37fa,0xad16,0x27eb,0xa940,0xb2ce,0x3988,0xb8fe,0xa447,0x3a82,0xb866,0xb92e,
    0x33d1,0x2b35,0xa8af,0xabe3,0x3183,0xb4e9,0xb755,0xb118,0x2a24,0xae3c,0x36f1,0xb00a,0x2703,0x2ea9,0x36f7,0xb49b,
    0xa9a4,0x3132,0xb597,0x2950,0xa70b,0xa8c9,0x3590,0x369d,0x2cc9,0x33d4,0xb638,0x351e,0xb5dc,0x2c39,0xb5f3,0x3044,
    0xada7,0x2cfb,0x3733,0x3009,0x2fd1,0x189e,0x3543,0x3391,0xb65c,0x2b49,0xb59e,0xa893,0xaede,0x26d2,0xa51e,0xac08,
    0x1775,0x231a,0xaf2d,0xad73,0x368b,0x2fd8,0x3adb,0xb1bb,0xae42,0x313a,0x216a,0xaf33,0xb37e,0xaa76,0xb4b1,0x2f0d,
    0xb526,0xa105,0x356e,0xb2a8,0xa07b,0x19da,0x315e,0xafe7,0x1c30,0xb816,0x3790,0x3319,0xb365,0x37a8,0xb614,0x30ab,
    0x1be8,0xaf5c,0xab39,0x3199,0xabdd,0xad40,0xb353,0xb4e1,0xbc3f,0xac6b,0xb44e,0xb3c1,0xb1b0,0xa789,0x2b04,0x3198,
    0xb355,0xb1c1,0x3432,0x3142,0x2f18,0x29cc,0x2e28,0x3455,0x36a0,0x31ee,0x359c,0xb96d,0x35af,0x2a65,0x309a,0x2d77,
    0xb6ba,0x2b07,0x27be,0x3153,0x3442,0xb3d0,0x24b0,0xb159,0x389a,0x363b,0x3995,0xa4c7,0xb600,0x367c,0x28ca,0xa92e,
    0xb35a,0xaac9,0x336d,0x2f35,0x2c5a,0xa4c5,0xb417,0xb571,0xbb4b,0x2ca8,0xa5c5,0xb2c3,0xacf1,0x3954,0xad7f,0xb5a7,
    0x3810,0x32f3,0x1ea8,0x349f,0xb656,0x33c9,0x32f3,0xaa2e,0xb594,0x26a8,0x3b18,0x3038,0xa421,0x2ac4,0x364b,0x3705,
    0xbbfe,0xb223,0xac9a,0x26e4,0xad89,0xad8a,0x2d1b,0x2b9b,0xb4b9,0xb165,0x355b,0x341a,0xaede,0xb76f,0xaf7e,0xb3ac,
    0x381b,0xa912,0xb092,0x3810,0xb0e1,0x3571,0xb0f2,0x31cf,0x3526,0xaa1e,0xaada,0x2e06,0x2bb2,0xab75,0x299a,0x33b7,
    0x95fa,0xb418,0xa269,0x2b23,0x279d,0x3375,0x3404,0xa4d4,0xafe4,0x3630,0xa8e9,0xaea2,0x2ed9,0x8c3f,0x3866,0x2dd5,
    0xbdd8,0xb013,0xae37,0x359e,0x9d22,0xb2d0,0x302e,0x3721,0xa824,0x315d,0x32c7,0x3556,0x3756,0x3609,0x2ca0,0xac8d,
    0x341a,0xaab5,0x3062,0x38d5,0x37d1,0xa637,0x34dd,0x2aeb,0xbdbc,0x2e12,0x370b,0xad4b,0x3484,0xad01,0x2f8f,0xa939,
    0xb955,0xb268,0x3a60,0x34b3,0x3003,0xb915,0xb29d,0x356f,0x3752,0x3a27,0x3895,0xb8ca,0x322a,0x350d,0x382d,0xb9a2,
    0xc31f,0xbb48,0x343f,0xb8a0,0x3c89,0xb02a,0x2ea7,0xadd4,0xabcf,0xa649,0x2c19,0xa997,0xab1d,0x24ad,0xa59d,0x29ee,
    0xa9ee,0x2d4c,0x2a20,0x263c,0x2bad,0x9c56,0x20e5,0x2d3b,0xaa3c,0x27a9,0xa988,0x2fb0,0xa2f5,0xa4b9,0xb003,0xaa8a,
    0xa8da,0x24af,0xa272,0xa58b,0xa6f8,0xa697,0x1f9a,0xa6ea,0x2c0e,0x33c1,0xa81d,0xa890,0xa832,0xaa9a,0x969f,0xa3e2,
    0xa2e5,0x88a5,0x209f,0x2180,0xae7d,0x2a2c,0xa463,0x9dc8,0xada4,0xa5e1,0x96f3,0xae8b,0xa557,0xa2ef,0xa6ef,0x2369,
    0x1a6a,0xb261,0x9d1c,0x21b1,0xa49f,0xaa57,0xa16d,0xa163,0xa972,0x2014,0x18bd,0x205b,0x2b98,0xa263,0x3321,0x2c12,
    0xa918,0x20c5,0x2c1c,0x1f6f,0xa8b8,0xaabb,0x9e62,0x2133,0x2476,0xac2c,0xa533,0x229e,0x2846,0xb0ec,0x9fe1,0xb1cc,
    0xaebf,0x2264,0xa5c4,0xa93c,0x20c0,0x9d33,0x2c7d,0x27fc,0xaa66,0x947e,0x2c4b,0xaeb8,0xa907,0xa8ca,0x2705,0x2961,
    0xaa6f,0x3407,0x2767,0x2461,0x2850,0x2a6b,0x1da5,0x2d8e,0xb226,0x23f8,0xa408,0x1ff4,0x9d83,0xa2dc,0x9bbe,0xa1a0,
    0x2592,0xa8ae,0x2f41,0x1a48,0xa932,0x958f,0x9d13,0x2636,0xa7cf,0x3595,0x2205,0x21c3,0xa59d,0x2c8e,0x1d87,0x2139,
    0xaba2,0x2886,0x1699,0x2bd4,0xa977,0xa81f,0xa3d4,0xa9d6,0x2e09,0x26e4,0xa8e8,0x2c21,0x2d69,0xa647,0x191f,0xac35,
    0x2a61,0xac65,0xa861,0xab1e,0x1cf6,0x987c,0xa2b0,0xa95a,0x3366,0xa680,0x2544,0xacbc,0xaa90,0x23ae,0x3253,0x2948,
    0xa32d,0x9d32,0x2d52,0x262d,0xa4ae,0xa457,0x2ab2,0xa1cf,0x23a4,0x2f28,0xa21f,0x9f7a,0xa832,0x2d36,0x967c,0x2801,
    0xa9ea,0x26cd,0x2755,0xaabc,0x2481,0x28bb,0xa596,0x2839,0x2b42,0x237e,0xae2c,0x29e8,0x2909,0xaf5c,0x1da2,0x9db8,
    0x9f21,0x3711,0x20f3,0xa5c1,0xa0c2,0x2a1a,0xa25f,0xaf01,0xa47a,0xa86b,0xa104,0x9c3c,0x2c71,0x93b0,0x30c9,0x2c0a,
    0x2c1a,0x255a,0x2d18,0xa6a6,0x25c4,0x2a6f,0x2268,0x2535,0x28c6,0x30b5,0x2061,0xa679,0xa735,0x2a60,0x9de2,0x2b71,
    0x2b48,0x269e,0x2808,0x2aa4,0xac1c,0x282f,0x2d53,0x9c29,0x2c23,0x2434,0xa7f9,0xb00c,0x1f9f,0x23c7,0xa2f7,0x1ed2,
    0xa34b,0x304e,0x260d,0xa034,0x1e5c,0xb23f,0x157a,0x2349,0xb073,0xa04a,0x2c3d,0x2ac3,0xa666,0x9f54,0x297c,0x9f5e,
    0xa8a4,0x1d9b,0x2e0b,0xa784,0x9c72,0xa0f9,0xa9cd,0x26cb,0x95f6,0x2cbe,0x2476,0x287d,0x295a,0x2f22,0x1f20,0x2c27,
    0x9e1b,0x25e0,0xa6df,0x1e54,0xaa88,0xa21a,0x9f96,0x9f61,0x1883,0x2253,0x9aff,0xadcd,0x9e4d,0x2454,0xa57c,0x02e8,
    0x2126,0x3464,0x2225,0x9949,0x294c,0x303d,0x9a9e,0xafe1,0x2027,0x26a8,0xa5d1,0xa66d,0x25b5,0x268d,0xb15f,0xa182,
    0x2cdc,0x1d54,0x9d79,0x2c9d,0xa054,0xae7c,0x2309,0x209b,0x9c34,0xb087,0x2839,0x9bfb,0x98e0,0xa0f8,0x9093,0x27a9,
    0x2c96,0x2930,0xa438,0x29ea,0xa0ba,0x2add,0x2fbb,0x27f5,0x266c,0xa2a1,0xaa94,0xb40e,0x9e2b,0x2201,0x9fff,0x1ef0,
    0xa53b,0x3527,0x1c90,0x22b0,0x0aa6,0x2444,0x2052,0x9c52,0x2b0c,0x0b5a,0xa8a9,0x09b3,0x2c35,0xa202,0xaec8,0xa4bb,
    0x9900,0x9782,0xa785,0x2b78,0x2c57,0x1606,0x2739,0xa72c,0x9a25,0xb466,0xa573,0x9ba6,0xa408,0xac9c,0x9e58,0xb2c4,
    0x2d4e,0x9df6,0x2880,0xaa57,0x30ed,0x2161,0x3036,0x2acd,0x2230,0xa034,0x228f,0xad49,0xa935,0x1bc3,0xaa0e,0x9a16,
    0xadab,0xb250,0x2498,0xa5c2,0x943c,0xad4b,0xa118,0xaec4,0x2704,0xa6bd,0xaa3c,0xa72a,0xabec,0xa4aa,0xb0d4,0x1ee9,
    0x2905,0xa071,0x2b5c,0x9dbe,0x20f2,0xa4cb,0x2755,0xa6a3,0xa467,0xaade,0x2e2b,0x23cf,0xa490,0x2acf,0xa01d,0x2915,
    0x28d7,0x257c,0x2592,0x22df,0xa94e,0x999e,0xb05c,0xad0a,0xa615,0xa3a3,0x245f,0x2cf2,0xa788,0x2aab,0xa678,0x2350,
    0xa82a,0x338d,0x27f5,0x2ae1,0x25f8,0x1bb9,0x0fa2,0x23b6,0xaa84,0x2453,0xa9bf,0xa05c,0xa5ad,0xa477,0xb008,0x1376,
    0xa6d5,0xa1c4,0x3070,0x2ada,0xa488,0x2acb,0xa9cf,0x24eb,0xa3df,0xb3eb,0x2b27,0x2609,0x22c3,0x1fb9,0x1c64,0x26e1,
    0x2e5f,0x142c,0x2291,0x2463,0x2c15,0xa600,0x2df1,0x9e21,0x1a8d,0x294f,0xacf3,0x2fee,0x2811,0x256c,0x1de8,0x1f9f,
    0xa9cd,0xacee,0xa5c6,0xa8d3,0x1b81,0x2fde,0x12dc,0x29b8,0x31f5,0xa57a,0x27f4,0x90ca,0x253a,0xa2a6,0xabc4,0x227a,
    0x2cb4,0x2413,0x2650,0x297d,0xa957,0x2685,0x2a61,0x9633,0x23a7,0x31ff,0x265c,0xa60e,0x23ac,0x2f55,0xa04e,0x2e6a,
    0xa8e1,0x2043,0x2d5a,0x2a17,0xaeda,0x25bf,0xa672,0xa469,0xa8ea,0x266a,0xadd7,0xa576,0x259f,0x2434,0x1d87,0xa48c,
    0xa1fa,0xaf4e,0xa0e7,0xa7ca,0x1d71,0xaaac,0x9b1f,0x2bde,0x2b21,0x1d1c,0xa5c3,0xb233,0x2b5b,0x287e,0xad40,0x1ce2,
    0x23e8,0x2990,0x1eab,0xa930,0x2b3a,0xa40d,0x28dc,0xa013,0x25c3,0xa57d,0xad78,0x9f60,0xa4b5,0xac40,0x9a5f,0x222b,
    0xb1ca,0xa859,0xac41,0xac21,0x2cad,0x9aab,0x2cb0,0x2c2e,0xb1b7,0x30d8,0x2641,0xb1e7,0xaf20,0x27a8,0x3559,0x3284,
    0xb00a,0x36c8,0x30db,0x299c,0x3808,0xada6,0xa112,0x384c,0x2b7e,0x364b,0x3512,0x348b,0x3c30,0x382e,0x338c,0x347c,
    0x25e6,0x3502,0x2d1a,0x3904,0xb822,0x3a35,0xb1a2,0xbc4c,0xb233,0x2b9d,0xa89c,0x2c7c,0x347e,0xc04d,0x4a75,0xb2dc,
    0xa95c,0x3439,0xba85,0xb0a8,0xa878,0x38d7,0x357f,0xbaa2,0x3e8c,0x3136,0xaf11,0x3999,0x2e15,0xbfe5,0xb969,0xbd40,
    0xb94d,0xae99,0x32f0,0xb294,0xb540,0x4021,0x4422,0xbade,0xb724,0xba19,0xbd1d,0x3850,0xb4fc,0xb9fe,0x3b76,0xb99a,
    0xae7f,0x3ba8,0x1286,0x35ff,0xb685,0xa4af,0xb092,0xbacd,0xb0e0,0xadc9,0xb382,0xb928,0x3976,0xc10b,0x3e07,0xb62c,
    0xb68c,0xb4af,0xbb93,0xadfa,0x27e7,0xabcd,0x3252,0x2d2b,0xb99b,0xb6f1,0xb009,0x393f,0xbafe,0x35ad,0xbd0b,0x3893,
    0x3857,0x2c99,0xbb9c,0xb922,0x3634,0x3c8a,0x4256,0x34f9,0xaf67,0x4837,0x387e,0x349a,0x31a5,0x43b1,0xb443,0xbd57,
    0x3c4f,0xbe00,0x24b3,0x37c1,0xb76c,0x395b,0x3ca8,0x42f6,0xb405,0xb95e,0x3978,0x388a,0xbc58,0x4785,0xc618,0x2d7d,
    0xb232,0xc1de,0x4007,0x38ea,0x3922,0xbd93,0xb000,0xbc60,0xb8f3,0x3cf2,0x39af,0x35fc,0xb858,0x4377,0xbc03,0xbf7c,
    0x3a4c,0x24d2,0xbcbc,0xb947,0x3c19,0xba69,0xc32a,0x2ce3,0xb52c,0xbec3,0x35eb,0x31ba,0xadd7,0xbe7e,0xb554,0x3704,
    0xa4f5,0x37d7,0x34e4,0x3065,0xacb3,0xb830,0x2c4e,0xbfeb,0xb6b6,0xa9a9,0xbca2,0xbb04,0x3248,0xb550,0xc7f1,0xb14c,
    0x2a73,0xb5c2,0x30f5,0xb4bc,0xac11,0xb585,0xa7c3,0x3727,0x355c,0x3863,0xb5c8,0x311a,0x30c9,0xbb3f,0xba45,0xbd76,
    0xb8ee,0xb011,0x3ed5,0xba4e,0xb3d6,0x4273,0xb635,0x39ab,0xac4b,0xb950,0x3bce,0xbb00,0xb0d4,0xac87,0x294b,0x376d,
    0x1a79,0x3332,0xadf2,0x2f6a,0xb384,0xbddd,0xb864,0x366f,0xb2b2,0x1c4e,0x3ff6,0xb86f,0x3812,0xbc0c,0x38e0,0x2171,
    0x2c08,0x343f,0x329f,0xb1af,0xace3,0x325c,0xad20,0x2735,0xb804,0x34a1,0x80da,0xa8ec,0x3e62,0xb3d2,0x3801,0x3f3e,
    0x3cf2,0x3894,0xa056,0x40a7,0xb658,0xbae2,0x9e3a,0x3054,0xb26f,0xba80,0xbc10,0xb587,0x3411,0xb3cf,0x29bc,0x2ea2,
    0x3374,0x2edb,0x2150,0x346e,0xbb49,0x14cf,0xb158,0x28e1,0x386f,0xb315,0x3607,0xb600,0x3772,0x2e84,0x3471,0x34a4,
    0x2daa,0x370e,0x33ed,0x3878,0xb915,0x36d1,0xa870,0x9aa0,0x34d7,0xb1c1,0x26ea,0xb818,0x3650,0x30d6,0x36c3,0xb105,
    0xb19d,0xb952,0xb685,0xb5d5,0x38c2,0xb2a1,0x2d2c,0x33aa,0x36e8,0xa7b5,0x2f6a,0x3459,0xb3d8,0x2d41,0xb9be,0x3545,
    0xba95,0x33bd,0x3009,0xb6aa,0x2e5b,0x380f,0x30fb,0x3a7a,0xa1a0,0xbea1,0x305a,0xa99e,0x2c17,0xb34d,0x345f,0xb36c,
    0x28f0,0x3c4d,0x3934,0x385d,0xb65d,0x3859,0x2f3e,0x35a7,0xb39a,0x30cc,0x2a82,0xb54a,0xb10c,0x39d4,0x39bc,0xb9bb,
    0xb75f,0xb681,0x3095,0xa93b,0xb769,0x33f0,0xb28c,0x3570,0xb125,0x3354,0x3706,0xb370,0x384e,0x3845,0xb923,0x3872,
    0x384e,0xb9d1,0xb4d8,0xb33e,0xba9e,0xbbd0,0xb5ee,0x349b,0xb232,0xb9d1,0xad23,0x3802,0xb4da,0xba0d,0xbbfc,0x331e,
    0x3a20,0x3569,0x3ad4,0x3a32,0xb593,0x3894,0xb75f,0xa221,0xb7da,0x3a7d,0xb4d4,0x3043,0x2cd3,0xaea5,0xb101,0xb706,
    0x3305,0x3d21,0xa905,0x3955,0xadc7,0x3197,0x2abb,0xba21,0x3402,0x33c8,0xb578,0xb786,0x2d7b,0xb11a,0x3c8a,0xb7f8,
    0x29a5,0x3b31,0xba08,0xb52b,0x3e86,0xb37f,0x3493,0x38fe,0xb469,0xb5ad,0xb8bd,0x2c87,0xb4bc,0x392d,0xb563,0xbc66,
    0x329f,0xba76,0xb871,0xa741,0xb71e,0x2c77,0xaa0f,0xb37b,0x327f,0xb59b,0x3196,0x36fc,0x30d9,0x2ccc,0xb403,0x3737,
    0xb759,0xbc11,0xa853,0xbd37,0xb01d,0xbb2e,0x3b01,0xaa4d,0xb68b,0xb429,0x30d0,0x2ca1,0xbc1d,0x2fbc,0xb802,0x3707,
    0xb2f3,0xb0d6,0xaaf0,0xb816,0xbc36,0x2cdb,0x33b0,0xb423,0xb5be,0xb01d,0xb15e,0x3899,0x3349,0x3233,0xb8e5,0x30e2,
    0xb7e9,0x3722,0x2dc6,0xbbad,0xb628,0x35b7,0x34f0,0x3747,0x221a,0x3c81,0x3af2,0xb96d,0x3543,0x3b57,0xa649,0x3091,
    0x3249,0x3013,0x37c6,0x3941,0x2c81,0xa442,0xb419,0x2d10,0x3836,0x3011,0xaf13,0x3587,0x3385,0xa588,0x3255,0xb123,
    0x36e8,0xb8a2,0xb018,0x335b,0x2b26,0xb9a1,0xac90,0xb75e,0x377d,0x3005,0xb904,0xb04a,0xb60e,0xbc73,0xb64a,0x34e4,
    0x3896,0xb808,0xb61b,0x2bf9,0xb760,0xb482,0xb2ec,0xb58b,0xb451,0xb43a,0xb816,0x2e07,0xb76a,0xba09,0xb21d,0xa36b,
    0xb06d,0xb119,0xb9cf,0xb826,0x324c,0xa85f,0x3514,0xaf64,0x381b,0xb360,0xb47b,0xaa62,0xb58e,0xb8d0,0xae39,0xa0f2,
    0x26bb,0x3470,0x308b,0x39fe,0x3331,0x2c07,0xb95f,0xaca7,0xb201,0x33ed,0xb52f,0xb78c,0xb984,0x3732,0xb08e,0xaaab,
    0xb2fd,0x214b,0xb5d6,0xb80b,0x3725,0xaee4,0x2748,0xae17,0x31f3,0xb57d,0xb8f8,0x31ef,0xbb7a,0xb8e0,0xb944,0x26a0,
    0xb98b,0xb6f4,0x312d,0xaa0b,0x3a5e,0x38f6,0xb4e7,0x30e7,0xb48d,0x2c36,0xb4fb,0xb842,0x3a52,0xb6b7,0xa895,0x3cd2,
    0xb5e3,0x36dc,0x322a,0x39e5,0x3005,0x342d,0xb322,0xad96,0x35d6,0xab93,0xacdb,0xaf9e,0x36f4,0x35ba,0x34a4,0xaf7e,
    0xb025,0x35fa,0xac01,0x365d,0x3a28,0xb11d,0x3091,0xb596,0x3a14,0x3db5,0xa9f1,0x2aae,0x35eb,0x3b13,0xb080,0x2afe,
    0x316e,0xbcb1,0xba7b,0xbbf2,0xb4f5,0xb915,0x3e02,0x3548,0x35ae,0x2f58,0xb66e,0x3943,0xb42f,0xb4c9,0xb1f1,0x380b,
    0x346c,0xb4c7,0xad77,0x2ba0,0x357d,0x30dc,0xb957,0xa376,0xba73,0x9da4,0x3a98,0x35f9,0x34db,0xb8e7,0x3984,0xb5d6,
    0xb674,0xadf6,0x35da,0xb2fc,0x2e11,0xae36,0xb011,0x32d9,0x3828,0xb38b,0xb9db,0xb7c1,0xb55c,0xb5a3,0x31d4,0xb350,
    0xb57a,0xb835,0x3886,0xad05,0xb0c0,0x2eea,0xa6d5,0xba6b,0x3169,0x33a7,0x2883,0xb0e5,0x34c0,0x2f42,0xb510,0x26c2,
    0x31da,0xb430,0xb564,0x9ffd,0x3a1a,0x2d24,0x33f4,0x2c36,0x363d,0x3965,0x340c,0x8f97,0x3799,0x2d30,0x38af,0xb46e,
    0xbc4e,0xb27a,0x237e,0x9b7b,0x3d45,0x2854,0x3289,0xb545,0x3481,0xb9f9,0x2c64,0x2dbc,0xb6d9,0xb680,0x3a5f,0xb70c,
    0xb073,0x354c,0xb948,0x3c12,0x380b,0xb789,0xa9c3,0x2c5f,0xa9c9,0xbace,0x36e2,0xb78e,0xb65c,0x35f2,0x39ac,0x34ff,
    0x321a,0x3c65,0xb10b,0xb4c8,0xb7a6,0xad26,0xbde3,0xb79b,0xa34c,0x2e95,0xbcd0,0x396f,0x34ba,0x3a6d,0x2fa8,0x3555,
    0x3a93,0x3537,0xb068,0x3845,0xba21,0xb84e,0xb724,0x2bf8,0xb56f,0x38da,0x3c60,0xbb25,0xb6ea,0x36fa,0xb40e,0xb584,
    0x345b,0x326e,0x9d66,0x2fef,0x3408,0xb232,0xb786,0xb641,0xb742,0x3548,0xa88f,0x3555,0x388a,0x348a,0xb5ad,0xaefb,
    0xb586,0xb493,0x37d1,0x3809,0xb333,0x3823,0xb878,0x383b,0x3099,0x3793,0xb627,0xb455,0xb628,0xbdeb,0xb6f0,0xbcd8,
    0xbf6b,0xba00,0xb8f0,0xb63b,0xb5fc,0xb8f4,0xbb05,0x3aa5,0x3e5a,0xae4c,0x3c32,0x3d97,0xbaf2,0x3809,0xb890,0xb32c,
    0xa9f2,0xad91,0xb6c3,0x32af,0xae42,0x3787,0xb45b,0xb8c4,0xb077,0x3a5b,0xad3d,0xb65e,0x3ac4,0x344b,0xbd85,0xbc01,
    0xb6a6,0xb6ef,0xb1ac,0xb584,0x3d0a,0xb68b,0x3803,0xaed2,0xb1a2,0xb31f,0x3abf,0x315e,0xb541,0x337d,0xaff9,0x2e05,
    0xa378,0xbab9,0xb486,0xab7a,0xb230,0xb3b3,0xb060,0xb4e3,0xb5f2,0xacf4,0xaf3a,0xb15b,0x26bb,0x35b7,0xb8df,0x3aeb,
    0xb89d,0xbbcf,0xb39d,0x35f5,0xb98b,0xb5fe,0x39cd,0xb0bc,0x2d7d,0x37f0,0xb7ab,0xbc77,0x3137,0xb1e9,0xbac0,0xb937,
    0x3734,0x389d,0xb545,0xb6b9,0x31cd,0xa899,0x39bb,0x383e,0xb520,0xb0e5,0x3432,0xb2ca,0x2ff7,0xb25d,0xb4b0,0x344c,
    0xb94e,0x2466,0xb5e6,0xb413,0x2e10,0x3a56,0x3ab8,0x3853,0x3036,0x2c55,0xb25c,0xb781,0xbc9e,0x35b4,0x31d9,0x36c6,
    0xb5bd,0xb044,0x322f,0x362f,0xb06a,0x38a5,0xb8f7,0xac52,0x344f,0x2c08,0xb200,0x3440,0xb603,0xac65,0xb68c,0xaea3,
    0x389f,0x2fc2,0xb637,0xb455,0xb426,0x33da,0xb260,0xb8ac,0xa93f,0xb538,0xae2b,0x34d0,0xb586,0xb645,0xb427,0xaf2f,
    0xb527,0x35c4,0xb441,0x345d,0x3021,0x9d80,0xa8e0,0x3b5f,0xb7a7,0xb61d,0xac4e,0xb29e,0x38f2,0x34e4,0xad79,0xaacf,
    0x3836,0xb25a,0xb514,0xb6ac,0xaf48,0x3277,0x32df,0x396a,0x2c8f,0x32d6,0xb38e,0x39d4,0xb099,0x35ce,0xb0b0,0xb4cc,
    0x3800,0xb5f8,0xb314,0xb39a,0x32c3,0xb7a9,0xb22a,0x3ab3,0xb8b8,0x365d,0x3881,0xb8cc,0xbc7f,0xb4c5,0x2b65,0x36d7,
    0x3810,0x2a83,0xa712,0x3807,0xb7c9,0xb79f,0x28ec,0xb7d4,0x3a52,0x36bf,0x2f48,0x3640,0x35c4,0x3983,0x26c6,0x3165,
    0xba22,0x2442,0xb1db,0xaff6,0x3665,0x3964,0x35fc,0xb906,0x3208,0xbaa1,0x3356,0x228b,0xbcdc,0x2a4d,0xb03a,0x3768,
    0xb592,0xaf8e,0xb247,0xb32f,0x299d,0x355b,0x262e,0x34fa,0xb627,0xb7c5,0xb615,0x30c1,0x3a5c,0x2d3e,0xb215,0x2d70,
    0xb8a0,0xb48c,0x36e5,0xb9c1,0x2ebd,0x35ac,0x2e62,0x2b0d,0xbb75,0x331d,0xb0ce,0x3367,0x3afb,0x2c65,0x3669,0xa5a4,
    0xb741,0xb25b,0x3426,0x35ac,0x2ac6,0xba91,0x318c,0xb40e,0x3803,0x393d,0xaab4,0xb7d9,0xb7a2,0x2af2,0x2f17,0xa9cb,
    0x2d68,0xb19f,0x3a52,0xb88b,0xad04,0x389b,0xa474,0xb811,0xb0d9,0xa7e7,0x3404,0xb32b,0xb7d0,0xb49d,0xb153,0x2fbb,
    0xb53e,0xb5d2,0x326f,0xb88f,0xb003,0x312d,0x2862,0xa561,0xb7b1,0x3988,0xa8a9,0x3163,0xbb86,0x2ed7,0x9e37,0xadc9,
    0xafd2,0x33cf,0xb015,0xa688,0xb49c,0xb1bf,0x31ed,0xb5fa,0x2fd4,0x3180,0x2d77,0x37d3,0x3c17,0x3551,0x285c,0x33fe,
    0x29bd,0x30af,0xb020,0x2e95,0xb189,0xb984,0xb074,0xaf5e,0x380a,0xac2c,0xb01c,0xb474,0xba2b,0xad10,0xb32f,0xab8a,
    0x362e,0xb37a,0xb9c4,0xb2d4,0xb419,0xb0c1,0xb5d7,0x2b6d,0x3833,0x3233,0xb805,0x3108,0xbb7d,0xb413,0xae5a,0xb0db,
    0x352f,0xb41b,0xb6b6,0x1438,0xb03e,0x2ffc,0x2824,0x2d95,0x38a5,0x3171,0xb310,0x3932,0xbc6e,0x3565,0x3106,0xaf88,
    0x37e1,0xba80,0x3c10,0xba7c,0xb2f9,0x262c,0xb588,0xafdd,0x3990,0xb593,0xb61b,0xb8f9,0xb912,0xb151,0xb5e3,0xbb66,
    0xb656,0xb6b2,0x2d36,0xbad5,0xbf7f,0x305c,0x3468,0xb425,0x9a8b,0xb208,0x3cf5,0xb76c,0xbeff,0xaa0f,0x20df,0xa965,
    0x32e6,0x9e58,0x2628,0xb089,0x29ca,0xad24,0xa767,0xae85,0x2c1c,0x2d91,0xa074,0xab35,0x2e5c,0x2d34,0x2822,0xa1fb,
    0x1c6d,0xa926,0x9f54,0xaea7,0x9e5c,0xae5b,0xaa31,0xaed7,0x2caf,0x29c3,0xa50e,0x31a6,0x2974,0x2c14,0x2f4a,0xa65e,
    0x33ce,0xa05b,0x29b0,0xafe8,0x2cad,0xade8,0xa847,0xaf01,0x2716,0x3026,0xa05b,0xb1d3,0x2f71,0x2e44,0x2bee,0x9f3e,
    0x1f62,0xa301,0xa802,0xab89,0x2ee9,0xaa49,0xac81,0xab7d,0x30c6,0xa7ad,0x9657,0x3478,0x2819,0x2b01,0x2feb,0xa476,
    0x2fc9,0x1c29,0x2050,0x27a8,0xa8bd,0x25c5,0x8c5e,0x25cd,0x30c4,0x2383,0x1f3c,0xacf1,0x2ba6,0x29a4,0xa9ad,0x2114,
    0x3145,0xa084,0x2750,0xae65,0x282c,0xab75,0xa9cd,0xac67,0xaa4c,0x2c8c,0x9d0d,0xa67e,0x2cb9,0x2c48,0x28d9,0x9d6e,
    0xa41e,0x9e39,0xad2d,0xacdc,0xa8f2,0x2889,0xa514,0x28ab,0xac3c,0xb3ab,0x9e8d,0x23cc,0xaac6,0xac0f,0xa97b,0xa826,
    0xaf8e,0x1e63,0xa5c1,0x2dbf,0x235f,0x2c50,0x2970,0x2cdd,0xa8b5,0xacd7,0x1c92,0x3001,0xab98,0xaa71,0x25ed,0x20fb,
    0x300d,0x9bc3,0x2a32,0xb04c,0x2b82,0xace6,0xab1c,0xaf0c,0xa41d,0x2f70,0x9ae5,0xb1de,0x2ab6,0x2af1,0x2c16,0xa05f,
    0xad9c,0x1e31,0xa334,0x30e2,0xa3b5,0x2bf5,0x2aa5,0x2cce,0xabae,0xa929,0x1d78,0x3209,0xa944,0xa839,0x1e40,0x2113,
    0xa726,0x258b,0xab2a,0x2eb1,0x2e7f,0xa281,0x9134,0xa539,0x34be,0xae85,0x24bf,0x2c88,0x28b9,0x2979,0x2e83,0x2913,
    0xb2b7,0x1f18,0xa892,0x30e0,0xabd3,0x2c59,0x2ce8,0x2d55,0xacbd,0xaf8a,0x1c67,0x26da,0xae5e,0xae00,0xaaf6,0x23df,
    0xa06b,0x9d59,0x25e5,0xa1f2,0x1571,0x2807,0x2641,0x2a2a,0x2ee0,0x2ff7,0x1c82,0x2818,0x2baf,0x2af6,0xa244,0xac11,
    0x2f63,0x9fdd,0x2a23,0xb1c9,0x2618,0xad3e,0xac28,0xae53,0xa2a3,0x2ec8,0xa18c,0xb26b,0x2683,0x24aa,0xac13,0xa3c6,
    0x3111,0x9d7e,0x2c06,0xa88a,0x2c09,0xa9ef,0xa8d0,0xa930,0x31fe,0x31ff,0x90aa,0x1e87,0x2ec0,0x2ebb,0x2f41,0xa4c9,
    0x24b1,0xa81c,0xa890,0xad05,0xb0d5,0x2656,0xa405,0x2723,0xa930,0xae02,0xa4b8,0x26f6,0xa28b,0xa7c7,0xafda,0xa480,
    0x3833,0x3117,0x34d2,0xb67d,0x39b4,0x3208,0x3913,0xada3,0x32f3,0xad7c,0x2dec,0x3606,0xb5bf,0xb104,0x38a7,0x3271,
    0xaf66,0x2c64,0x37ee,0x359d,0x3612,0xb897,0x31a0,0xbc50,0xa073,0x35b0,0xc0b9,0xb53b,0x3cd8,0x3913,0x3148,0x3ebd,
    0x3735,0xbe3e,0x378b,0x3ccf,0x3318,0xb8d0,0x344e,0xbaa4,0xb281,0x313d,0x3d89,0xb210,0x35a9,0x3245,0x395f,0x4630,
    0xadae,0x36d7,0x36d1,0x2df9,0xabc8,0xb589,0x3100,0xb93f,0x2c5c,0x3524,0xbdb7,0xaf54,0x3cb5,0x38e7,0x3a2b,0xb59c,
    0x3aa6,0x4c41,0x3e9b,0x3d38,0x3e22,0xb7f8,0x3cf8,0xb904,0xacea,0x3886,0xc4dd,0xada7,0x3d14,0x3a84,0xbdb3,0xc011,
    0xba5c,0xc595,0xc06f,0xc48d,0xbf30,0xb548,0xbe8a,0xade1,0x4248,0xbd23,0x500c,0x3ac7,0xbf30,0xbdfd,0xbcfc,0xc2de,
    0x39c5,0xc577,0x3db0,0x3c36,0xba2b,0xba3d,0x3da1,0xbaeb,0xb8fc,0x3875,0x3ac7,0xb8de,0x3d90,0x3a84,0x3bf9,0x2b7f,
    0xb40a,0xb2e8,0x34b7,0x31af,0x27d3,0xb8a4,0x32bb,0xbbc7,0xb557,0x3417,0xc040,0xb12d,0x3a1f,0x37e0,0x34bb,0x30be,
    0x389f,0xb05c,0x3940,0x38c9,0x2ec0,0xb914,0x2a00,0xbb45,0xab92,0x34b4,0xb8f7,0xb4f1,0x3b5d,0x37c2,0xb3c3,0xbdbb,
    0xb465,0x1e74,0x32ab,0xb0a1,0x30c9,0xb65f,0xac22,0xb9c3,0xad46,0x31eb,0xc14a,0xad5c,0x36f3,0x34fd,0x306f,0x3672,
    0xbdea,0xb916,0xbc3a,0x185d,0x3426,0x4072,0xbd9b,0x3fff,0xbb99,0x35a6,0xbeea,0x3dc8,0x2997,0x326b,0x2fa5,0xb0d7,
    0x38b4,0xb891,0xb8c6,0x39a0,0x3956,0xb84d,0xb6ef,0xb010,0x37a4,0x2bfe,0x386f,0xb932,0xb90e,0x380a,0xb884,0x390d,
    0x317a,0x3716,0x359a,0xb208,0xb16d,0xb38c,0xbaa5,0x302a,0xb719,0x2dd6,0x2553,0x3138,0x315b,0xb63f,0x3003,0xb890,
    0xadd9,0xac8b,0x3833,0xb878,0xadd3,0x3c3c,0xba60,0x340b,0xb2e3,0x3725,0x3a52,0xb139,0x2dde,0xacdb,0xb1aa,0x3890,
    0xa865,0xb856,0xb8cf,0x3979,0x382e,0x3202,0x29ff,0xb5fb,0x2bea,0x3b86,0x31ad,0x9890,0xb9d7,0x3a61,0xb5bd,0xa80f,
    0x32da,0xa40a,0xb9b5,0x3455,0x3599,0x2de8,0x3a8b,0xb179,0x26ef,0xb1ef,0xb61f,0x2de0,0x2d0d,0x37f2,0x2500,0x3818,
    0x343e,0xb184,0xa1ac,0x2db0,0xb272,0xb77b,0x2eea,0xbaff,0xbbf3,0x37fe,0x3aeb,0xbd9b,0x3474,0x3881,0x313b,0xb950,
    0xa78b,0x377e,0xb326,0xb575,0x3591,0xb41a,0xb397,0x1fd5,0x39c0,0xb43f,0xb756,0xb154,0x3727,0xbb51,0xb202,0xb57a,
    0xb9b1,0x349d,0x3d4e,0xb198,0xb1c0,0x39e5,0x30dd,0x3c52,0x3924,0xb8ac,0xbb23,0x3dba,0x17cb,0xb096,0x2e42,0xa9a9,
    0x39f6,0xba4f,0x3401,0xb587,0x24de,0x2c9e,0xb87a,0x38c1,0x3604,0xad53,0x3b88,0x3033,0xa758,0x3654,0xbb03,0x3806,
    0xab15,0x3395,0xb7aa,0x3a7c,0xb8f8,0xbd1f,0x3a29,0x33aa,0x3668,0x3336,0xbc62,0xa705,0xb57b,0x28ee,0x2f8d,0x34d0,
    0xb689,0xac1e,0xaaf8,0xb868,0xbaa0,0xb09b,0xb48d,0xb474,0xb6fe,0xb4b8,0x325d,0xab67,0x3107,0xb082,0x3726,0xb298,
    0x2fb0,0xacd3,0xb3ed,0xb8ae,0xb193,0x2eed,0xb295,0xb484,0xb7c7,0xb6f7,0xb3ac,0x2e07,0x366e,0xb442,0xb4c0,0xbacb,
    0xbc09,0xa3ef,0x3673,0xba6a,0xba64,0x30eb,0xab90,0x3417,0xbc71,0x35a3,0xb4c2,0x36fc,0x35b9,0x31d2,0x38ab,0xba5b,
    0xa679,0x375b,0x3656,0x34d6,0x3b26,0x3d07,0x308d,0xbbb6,0x3d4b,0xb6f7,0x30fb,0x2edb,0xb791,0xba5f,0xb4a1,0x3353,
    0x2e75,0x3428,0xba24,0x3213,0x3955,0xb90c,0xb1e4,0xb1ca,0xb57b,0x2d65,0xae2d,0xb8b3,0xb1c2,0x322f,0x334d,0x1fc5,
    0xb5a3,0xb6ba,0x2ab2,0x2c48,0xb921,0x3135,0xb083,0xb571,0x2210,0xab37,0x3432,0x3468,0x347b,0xb60e,0xaed1,0xb84e,
    0xb57f,0xb803,0xb567,0xab67,0xb082,0xb478,0x3286,0xb610,0xbb06,0x3550,0xaff0,0xa479,0xb77b,0xb8da,0xad9e,0x32e7,
    0x3023,0xaf06,0x38e6,0x3892,0xb82d,0xb56b,0xb290,0xb6d5,0x349d,0x36ed,0x3ba7,0x34ae,0x3a97,0xb05b,0x349b,0x3c11,
    0xb50c,0x3452,0xbac0,0xbd53,0xb5de,0x337e,0x363a,0xb7e2,0xb32f,0xba21,0xb392,0xb86d,0xb19a,0x3499,0xbb89,0x3418,
    0xbb8b,0x364d,0x31c1,0xacd1,0xbaa2,0x3c89,0x3816,0xb989,0x3640,0x28b3,0xbbdf,0xb424,0xbce8,0x392c,0x31ee,0x31e7,
    0xb56c,0x3863,0xbce6,0xbd69,0xbace,0xa87a,0x266b,0xb629,0xb4cc,0xb884,0xb252,0x2e16,0x1b7b,0x33e0,0x32d9,0x38d9,
    0xb040,0xb325,0xb726,0xaeec,0x35f0,0xb49c,0x35df,0x3298,0xb8af,0x2906,0x2d7b,0xb0e3,0x37d5,0xb522,0xb4fc,0xb75c,
    0x30d4,0xba24,0x364f,0x36e0,0x35c7,0x39a4,0x3160,0xb9e1,0x3838,0xb8ae,0xb756,0xb434,0xb25d,0xbd4c,0x2fc6,0xbb44,
    0x9ddc,0x3a07,0x2fd7,0x376b,0xb8be,0x34f6,0xaa2b,0x3574,0x30f4,0xae15,0x3536,0x2a61,0xb224,0x3df8,0x3904,0x3856,
    0xb907,0x38fa,0x2c44,0x3af6,0xb96e,0x3b25,0xbadc,0xadbb,0x380f,0xb244,0xb90c,0xbc26,0xb034,0x2d67,0x38ad,0x1a31,
    0x355e,0x382b,0x3563,0x2806,0x35e2,0xb772,0x2e87,0xb81e,0xb43b,0xb896,0x253a,0xae7f,0x2e86,0xa8e0,0xb951,0x307d,
    0xb774,0x365e,0x28eb,0x35e0,0x39b4,0x291a,0xbafb,0x3990,0xb470,0xb522,0xb03a,0xbd62,0xb83f,0x9e86,0xb62b,0xa2bb,
    0xb8ca,0xbded,0x373d,0x35eb,0x3a53,0xb95a,0xb336,0xb56a,0xb7bc,0xba54,0x3a0e,0xb937,0x3171,0xbf55,0xbae7,0x34b0,
    0xbc29,0xbae4,0xbd00,0xb3cf,0x3e5e,0x3ca7,0x3737,0xb5f2,0x405a,0x2e45,0xbf6e,0x2cec,0xb476,0xb714,0x3c69,0xbee9,
    0xb4c7,0xb608,0xaf67,0x3b1b,0xaf4e,0x3700,0x2bf9,0xa86d,0xb8b3,0xb9b7,0x3a27,0xbae5,0xb9c6,0x20e3,0xb6d5,0x3a00,
    0x37d2,0xae58,0x310c,0x38fa,0xad28,0x30be,0x2fc2,0x322d,0xb439,0xb7d8,0xad91,0xb7ce,0xb646,0xb988,0xb2b1,0xb5e5,
    0xb6e3,0xa568,0x325e,0xb5f7,0xaac9,0x2da7,0xb4ad,0xb72b,0xb2c7,0xb9b7,0x3723,0xbcf1,0xb939,0xabdd,0xb38e,0xad8d,
    0xb814,0xb4a2,0x2606,0xafb8,0xb888,0x381e,0x315c,0xae81,0x37e5,0x3817,0xb24e,0xa59b,0x30d6,0xb280,0xb53d,0xb264,
    0x3759,0xae7f,0x382e,0xb46b,0x30da,0x3929,0x3848,0xba7b,0x24f3,0xb750,0x2fc3,0x37b2,0xb6ca,0x310c,0x3192,0x2405,
    0x2f08,0xa9ff,0x35af,0x9fea,0x35e9,0x9a20,0xae86,0xa671,0xb21c,0x3178,0x383f,0x3641,0x3223,0xbdf5,0x2c5b,0x2fcd,
    0x36d0,0x2689,0x28a7,0xb9b6,0x35d7,0xb650,0xbe00,0x2ac2,0x3381,0x2c4f,0x2e5a,0x2d89,0x30c0,0xc0fe,0xa973,0x35ec,
    0x3b08,0x2300,0xb356,0x2a62,0x36b2,0xb1e1,0x34b3,0x9a37,0xa62e,0xafc0,0xb629,0xb662,0xb140,0xb74f,0x9551,0xb16b,
    0x3432,0xac3a,0x2cdb,0x3988,0xb45a,0xa0d8,0x3320,0xa1b9,0xb6c5,0xae11,0x2c57,0x2e16,0xa776,0x3b59,0x2817,0xb96a,
    0xbb40,0xaf04,0xae79,0x335a,0x30fe,0xa564,0xa712,0xae5b,0x32b6,0xae7c,0x311a,0xb4a2,0xaf75,0xc0bd,0xad7d,0xb128,
    0xbb5e,0xb9bd,0xb26c,0xb8c2,0xb869,0xbac2,0xbbf6,0xb7cb,0xb666,0xb9ab,0xb53b,0xbbbd,0xb982,0xc087,0xb9ae,0xb8f4,
    0x32e5,0x34fa,0xb40d,0xaaa8,0xbc1d,0x281e,0xbc26,0x37ca,0x340e,0x353a,0xb1ae,0x37cc,0x367a,0xbcd6,0x345c,0xa05d,
    0xb5c6,0x2c17,0x323e,0xb402,0xb092,0xb031,0xb553,0xb84a,0x2acb,0xb9be,0x35c7,0x2432,0xb417,0x316e,0x38c1,0x2c88,
    0xb8db,0x35a1,0x3895,0xa9ce,0x3a1a,0x2702,0xa875,0x32f3,0x33ed,0x3577,0x3846,0x334a,0x32ad,0xb932,0x350a,0xb8f9,
    0x2be2,0x3b54,0x3833,0x36cb,0xb463,0x3880,0x4003,0x34c9,0x34fd,0x2ca3,0xb3e0,0xb626,0x2fae,0xbb4d,0x3686,0xb25e,
    0x3a35,0xb01b,0x3494,0x359f,0xba09,0xaabc,0xb8ba,0xb6f8,0xb743,0x2274,0xb1d8,0xb26e,0xae0e,0xb925,0xb1a0,0x3844,
    0x3679,0x39bb,0xa209,0x35bf,0xb4bb,0xaeef,0x3967,0x3849,0x3839,0x3954,0x2e66,0x383c,0x3ce3,0xb646,0x38e1,0x3267,
    0xb216,0x3236,0x3573,0xb623,0x35cb,0xaebc,0xbe1e,0xb43c,0xae43,0xb00a,0x346a,0xb436,0xb24d,0xbf51,0x2e00,0xb459,
    0xb4b8,0xa62e,0xa406,0xbc82,0x21af,0xad9a,0xb8cc,0x31af,0x318c,0x2dfb,0x2ee7,0x2db9,0x2629,0xbed5,0xa8f9,0x2d74,
    0xb606,0x2ad3,0x2cac,0xb71d,0x2f7e,0xb70a,0x3155,0x3202,0x3828,0xa94b,0x30c4,0xb0c5,0x2aa4,0xb837,0x22d1,0x34a2,
    0x3b17,0x2c23,0xb6f8,0xb897,0x3822,0xaa64,0x3825,0x2e51,0x2f22,0xacd9,0xb980,0x2cd1,0x24c8,0xaa38,0x286e,0x2d99,
    0x2e91,0x38bc,0xbad1,0x31b6,0xbbab,0xb9a2,0x3350,0xba85,0xbf3c,0xb925,0x3578,0x3a55,0x374c,0xc0a8,0x35cc,0xb1c1,
    0x32aa,0x24d5,0xb974,0x2cc9,0x2989,0x2c81,0xb08d,0xa8fe,0xbca7,0xa524,0xa8c0,0x293d,0x2a20,0x9ffc,0x2738,0x9d5a,
    0x3526,0xb10e,0x2565,0x29be,0x26d0,0xb53a,0x3781,0x3848,0x3ca7,0x32a6,0xafb7,0xaca8,0x36c5,0x2a8a,0x2336,0x3887,
    0xb69e,0x2766,0x3412,0xa932,0x20e9,0x3c6c,0xb6e7,0x3221,0xac76,0x9c34,0x2a73,0xa94d,0xb97d,0xa98d,0xac50,0x2395,
    0xad41,0x288a,0xb607,0x2ffb,0x290f,0xaca2,0x3514,0x2b26,0xc014,0xaca8,0xaec8,0xb12e,0x33a5,0xa728,0x2923,0xb89b,
    0xbc57,0xac5b,0xb493,0x3002,0x299c,0x3266,0x3640,0x3843,0xbaaf,0xacf1,0x32c0,0xb078,0xb0a4,0xaa3e,0x268c,0x3281,
    0x281e,0xa644,0xafdc,0x312f,0x267d,0xbda4,0x2a0d,0xbb3e,0x3640,0x29b5,0x3556,0x3046,0x3eb6,0x2954,0x25de,0x363e,
    0xba67,0x1b51,0xa3f8,0xa9f4,0x1e7d,0xb417,0x9b72,0x34f5,0xbc9b,0xa975,0x1f1a,0x2e6d,0xb854,0xa809,0xa6ca,0xb033,
    0xacc1,0x2cba,0x3366,0xa895,0xa858,0xbfdd,0xb63a,0xba4e,0xae31,0xafa8,0x2fd5,0x1c2c,0x371d,0x285f,0xaa82,0xba2c,
    0x3bf3,0xb12e,0xb233,0x2382,0xa5c2,0x3bfd,0x344c,0x3637,0x3f83,0x2a9b,0x3466,0x33d6,0x32ae,0x2a3c,0x2bc0,0x2af9,
    0xb594,0x2cea,0xb7e7,0xab14,0xad1f,0xa56e,0xbad5,0xb917,0xbf0c,0xb011,0x31b5,0x29cd,0xacb2,0x9f38,0xb0dc,0xb4d8,
    0xbbd1,0xa8ad,0x30a9,0xa423,0xa3b9,0xbae3,0x353a,0x3606,0xb27f,0x2b9d,0xb52d,0xac06,0x28e4,0xa480,0x1cd6,0x377f,
    0xb627,0x2589,0x2af3,0xaa0a,0x209c,0x3796,0x372f,0x3c40,0x3249,0x28d0,0xb7c9,0xb0f5,0xb948,0xa7a7,0x1cd6,0x3728,
    0xb3b5,0x2e46,0xb1ca,0xad2e,0xae9f,0x3280,0xbc8e,0xbc89,0xbcd4,0xae4c,0x3216,0x289a,0xb278,0xa34c,0xb19d,0xb811,
    0x3776,0xaa41,0x2fed,0x1d83,0x1dd5,0xa866,0x9f3c,0x3023,0xc2ab,0xa9e7,0xbaa3,0xac42,0xb39d,0xa213,0x290a,0xb5c3,
    0xb2e1,0x2d90,0xaced,0xa7fa,0xa469,0xb977,0xb832,0xb4ad,0xbc2e,0xb087,0x2dc7,0x2a2d,0xb0e6,0xa51e,0xa531,0xb435,
    0xb57a,0xa584,0xb727,0x2fc1,0x2d9a,0x36b7,0x349c,0x363c,0xbf12,0xa72d,0xa84a,0xaebe,0xaf40,0xa4a7,0x2db9,0xa7da,
    0xb00f,0x2eb8,0x363e,0x2869,0x35cd,0xc08d,0x9cc8,0xb779,0xc5ca,0x2d8d,0xb420,0x333a,0x3955,0x2e74,0x396d,0xb206,
    0xb68d,0x408f,0x347a,0x3fcc,0xbcb7,0xb4fe,0xaf39,0x3533,0xa981,0x4663,0x3b60,0x4702,0xb553,0xc797,0x4456,0xb2a1,
    0x3444,0x46c5,0xa2b0,0x44c4,0xa05a,0xb29e,0x408f,0x3794,0x26a8,0x4da9,0x3b09,0xc242,0xbe7e,0xce0c,0x3d1b,0xa5df,
    0xb327,0x3991,0x2e90,0x3be0,0x3674,0xb4ef,0x39de,0x297a,0xae72,0x42b4,0x3924,0xbd92,0xb7f7,0xc5be,0xb1d2,0xadd9,
    0x3993,0xc15b,0x3670,0x4285,0xba14,0x37f8,0x2f1e,0x3404,0x2c90,0xc275,0x30f9,0xc8bc,0xb5fa,0xbb53,0x4531,0x3856,
    0x41e5,0xc7da,0xbc8b,0x4ddd,0xc8dd,0x3e9f,0xc0a0,0x452f,0x3de9,0xc8a7,0x34fe,0x4c4c,0x44f0,0x53b0,0xc69f,0x42c2,
    0x32b9,0x355c,0x30df,0x35b4,0x4840,0xa909,0x385b,0x35f3,0xb828,0xc0b3,0x35ce,0xc19a,0xb4d5,0xbc01,0xbb83,0x38db,
    0xb550,0xc14b,0x2f41,0x2cbb,0x34c4,0xad20,0xb1e6,0xb0a1,0xa5b4,0xb57b,0x3b9c,0xc3f0,0x34d4,0x43ef,0x3907,0xb846,
    0xb320,0xc365,0x2c39,0xbcb9,0x3efc,0xb54e,0x278f,0x3182,0xa8dc,0xc28e,0x391f,0xbd0e,0xacee,0x430c,0xadc6,0x3108,
    0xb503,0xbdb8,0x2e2f,0xba76,0x3ee6,0x28fc,0xb280,0xb599,0xaa82,0x3584,0x38f2,0x41ad,0x32ff,0x3676,0x3645,0xb70f,
    0xbfc9,0x34ce,0x2dcc,0xc4bb,0xbbed,0xbd06,0x351e,0xc1b2,0xb876,0xc4b9,0xc13f,0xc0de,0xbeb3,0xc41f,0xc1ea,0xc0cc,
    0xb985,0x392f,0xb9d0,0x4001,0xb752,0xae04,0x3636,0x3cf8,0xc4a2,0xb79f,0xbb5d,0x26ef,0x2937,0x27e9,0x3b45,0xb8ba,
    0xb92f,0x38da,0xb9b5,0x406d,0x37b8,0xaead,0x39fd,0x3c17,0xc6e2,0xb7ca,0xb9d0,0xb748,0x2c22,0x2679,0x3093,0xb87e,
    0xb9ad,0x3a3e,0xb99c,0x42b5,0xb035,0x3a87,0x2709,0x3f88,0xc4a4,0xaf42,0xbd02,0x3631,0x38c4,0xb887,0x392d,0xba7d,
    0xb966,0x39f5,0xb98c,0x42b2,0x3b13,0x3b4b,0x3335,0x3e9b,0xc645,0xadb8,0xbb91,0xb40c,0x391d,0xb8a5,0xa707,0xba3b,
    0x3460,
};
